{"UTIL_mean": -0.0015432098765432098, "UTIL_FQ": 0.0, "UTIL_TQ": 0.0, "ACC_mean": 0.49691358024691357, "ACC_FQ": 0.5, "ACC_TQ": 0.5, "DP_mean": 0.018518518518518517, "DP_FQ": 0.0, "DP_TQ": 0.0, "EOP_mean": 0.49382716049382713, "EOP_FQ": 0.0, "EOP_TQ": 1.0, "UTIL_STD": 0.03101813463308917, "ACC_STD": 0.06203626926617834, "DP_STD": 0.12283795519834814, "EOP_STD": 0.4999618946004096, "UTIL_Q025": 0.0, "UTIL_Q975": 0.0, "ACC_Q025": 0.5, "ACC_Q975": 0.5, "DP_Q025": 0.0, "DP_Q975": 0.0, "EOP_Q025": 0.0, "EOP_Q975": 1.0}