{"UTIL": {"mean": -0.23780487804878048, "FQ": -0.5, "TQ": 0.0, "STD": 0.22395570331959705, "Q025": -0.5, "Q975": 0.0}, "ACC": {"mean": 0.524390243902439, "FQ": 0.0, "TQ": 1.0, "STD": 0.4479114066391941, "Q025": 0.0, "Q975": 1.0}, "DP": {"mean": 0.17073170731707318, "FQ": 0.0, "TQ": 0.0, "STD": 0.34233338652727313, "Q025": 0.0, "Q975": 1.0}, "EOP": {"mean": 0.0, "FQ": 0.0, "TQ": 0.0, "STD": 0.0, "Q025": 0.0, "Q975": 0.0}}