{"ACC": {"0": [0.8029556650246306, 0.7799671592775042, 0.7536945812807881, 0.7684729064039408, 0.80623973727422], "1": [0.7851099830795262, 0.7681895093062606, 0.7597292724196277, 0.7580372250423012, 0.7935702199661591], "overall": [0.7941666666666667, 0.7741666666666667, 0.7566666666666667, 0.7633333333333333, 0.8]}, "mean_pred": {"0": [0.2808798646362098, 0.09137055837563451, 0.34348561759729274, 0.338409475465313, 0.272419627749577], "1": [0.2512315270935961, 0.18883415435139572, 0.3760262725779967, 0.361247947454844, 0.29720853858784896], "overall": [0.2658333333333333, 0.14083333333333334, 0.36, 0.35, 0.285]}, "Utility": [0.042916666666666665, 0.032916666666666664, 0.024166666666666666, 0.0275, 0.04583333333333333], "DP": [0.0296483375426137, 0.09746359597576121, 0.032540654980703965, 0.022838471989530984, 0.02478891083827195]}