{"ACC_mean": 0.7776666666666667, "mean_pred_mean": 0.2803333333333333, "Utility_mean": 0.034666666666666665, "DP_mean": 0.04145599426537636}