{"ACC_mean": 0.7961666666666667, "mean_pred_mean": 0.2795, "Utility_mean": 0.060583333333333336, "DP_mean": 0.07063089195068892}