{"ACC": {"0": [0.812807881773399, 0.7914614121510674, 0.8045977011494253, 0.7931034482758621, 0.7996715927750411], "1": [0.8138747884940778, 0.7884940778341794, 0.7800338409475466, 0.8071065989847716, 0.7698815566835872], "overall": [0.8133333333333334, 0.79, 0.7925, 0.8, 0.785]}, "mean_pred": {"0": [0.20135363790186125, 0.2470389170896785, 0.2622673434856176, 0.2182741116751269, 0.2893401015228426], "1": [0.3366174055829228, 0.2561576354679803, 0.35139573070607555, 0.2676518883415435, 0.35960591133004927], "overall": [0.27, 0.25166666666666665, 0.3075, 0.24333333333333335, 0.325]}, "Utility": [0.06916666666666667, 0.0575, 0.05875, 0.0625, 0.055], "DP": [0.13526376768106155, 0.009118718378301804, 0.08912838722045796, 0.04937777666641663, 0.07026580980720665]}