{"ACC": {"0": [0.8226600985221675, 0.7931034482758621, 0.7651888341543513, 0.8160919540229885, 0.7914614121510674], "1": [0.754653130287648, 0.7428087986463621, 0.7952622673434856, 0.8121827411167513, 0.7817258883248731], "overall": [0.7891666666666667, 0.7683333333333333, 0.78, 0.8141666666666667, 0.7866666666666666]}, "mean_pred": {"0": [0.27580372250423013, 0.311336717428088, 0.20135363790186125, 0.15397631133671744, 0.22165820642978004], "1": [0.277504105090312, 0.35960591133004927, 0.41707717569786534, 0.24794745484400657, 0.367816091954023], "overall": [0.27666666666666667, 0.3358333333333333, 0.31083333333333335, 0.20166666666666666, 0.29583333333333334]}, "Utility": [0.041666666666666664, 0.03125, 0.037083333333333336, 0.05416666666666667, 0.04041666666666666], "DP": [0.00170038258608185, 0.04826919390196127, 0.2157235377960041, 0.09397114350728913, 0.14615788552424294]}