{"ACC_mean": 0.7876666666666666, "mean_pred_mean": 0.2841666666666667, "Utility_mean": 0.040916666666666664, "DP_mean": 0.10116442866311585}