{"acc_dict": {"0": [0.7478849407783418, 0.7766497461928934, 0.7309644670050761, 0.8223350253807107, 0.7360406091370558], "1": [0.7668308702791461, 0.7799671592775042, 0.7602627257799671, 0.812807881773399, 0.8111658456486043], "overall": [0.7575, 0.7783333333333333, 0.7458333333333333, 0.8175, 0.7741666666666667]}, "pred_dict": {"0": [0.32318104906937395, 0.2876480541455161, 0.3739424703891709, 0.1844331641285956, 0.36209813874788493], "1": [0.17405582922824303, 0.41379310344827586, 0.361247947454844, 0.2134646962233169, 0.3103448275862069], "overall": [0.2475, 0.3516666666666667, 0.3675, 0.19916666666666666, 0.3358333333333333]}, "util": [0.03208333333333333, 0.0425, 0.02625, 0.06208333333333333, 0.04041666666666666], "DP": [0.14912521984113092, 0.12614504930275977, 0.01269452293432688, 0.029031532094721313, 0.05175331116167803], "FPR": [0.17705632977828814, 0.04249815868376336, 0.07151266303622897, 0.039314276435211765, 0.13945868202353404]}