{"UTIL_mean": 0.04066666666666666, "UTIL_FQ": 0.03208333333333333, "UTIL_TQ": 0.0425, "ACC_mean": 0.7746666666666666, "ACC_FQ": 0.7575, "ACC_TQ": 0.7783333333333333, "DP_mean": 0.07374992706692338, "DP_FQ": 0.029031532094721313, "DP_TQ": 0.12614504930275977, "FPR_mean": 0.09396802199140525, "FPR_FQ": 0.04249815868376336, "FPR_TQ": 0.13945868202353404}