{"ACC": {"0": [0.8278688524590164, 0.8053097345132744, 0.8074074074074075, 0.7652173913043478], "1": [0.8203125, 0.8248175182481752, 0.8173913043478261, 0.8], "overall": [0.824, 0.816, 0.812, 0.784]}, "mean_pred": {"0": [0.26639344262295084, 0.252212389380531, 0.3, 0.34782608695652173], "1": [0.20703125, 0.12043795620437957, 0.10869565217391304, 0.2518518518518518], "overall": [0.236, 0.18, 0.212, 0.296]}, "Utility": [0.054, 0.06, 0.07, 0.046], "DP": [0.05936219262295084, 0.1317744331761514, 0.19130434782608696, 0.0959742351046699], "TPR": [0.10109452736318403, 0.18841088674275674, 0.2846368257091326, 0.05476190476190479], "EO": [0.10109452736318403, 0.18841088674275674, 0.2846368257091326, 0.05476190476190479]}