{"UTIL": {"mean": -0.10576923076923077, "FQ": -0.125, "TQ": 0.0, "STD": 0.11854642313401878, "Q025": -0.33749999999999997, "Q975": 0.0}, "ACC": {"mean": 0.7884615384615384, "FQ": 0.75, "TQ": 1.0, "STD": 0.23709284626803756, "Q025": 0.325, "Q975": 1.0}, "DP": {"mean": 0.19230769230769232, "FQ": 0.0, "TQ": 0.5, "STD": 0.24325212770525997, "Q025": 0.0, "Q975": 0.5}, "EOP": {"mean": 0.0, "FQ": 0.0, "TQ": 0.0, "STD": 0.0, "Q025": 0.0, "Q975": 0.0}}