{"acc_dict": {"0": [0.8138747884940778, 0.7580372250423012, 0.7817258883248731, 0.805414551607445, 0.7715736040609137], "1": [0.8029556650246306, 0.7865353037766831, 0.8045977011494253, 0.7832512315270936, 0.8095238095238095], "overall": [0.8083333333333333, 0.7725, 0.7933333333333333, 0.7941666666666667, 0.7908333333333334]}, "pred_dict": {"0": [0.20812182741116753, 0.29780033840947545, 0.2707275803722504, 0.19627749576988154, 0.2876480541455161], "1": [0.3579638752052545, 0.2955665024630542, 0.35960591133004927, 0.37438423645320196, 0.26929392446633826], "overall": [0.2841666666666667, 0.2966666666666667, 0.31583333333333335, 0.2866666666666667, 0.2783333333333333]}, "util": [0.06208333333333333, 0.04416666666666667, 0.05458333333333333, 0.055, 0.05333333333333334], "DP": [0.149842047794087, 0.0022338359464212365, 0.08887833095779885, 0.1781067406833204, 0.018354129679177822], "FPR": [0.05860240676754437, 0.07638508280710117, 0.005617776718694151, 0.08946741332062433, 0.09929107589658048]}