{"UTIL_mean": 0.05383333333333333, "UTIL_FQ": 0.05333333333333334, "UTIL_TQ": 0.055, "ACC_mean": 0.7918333333333334, "ACC_FQ": 0.7908333333333334, "ACC_TQ": 0.7941666666666667, "DP_mean": 0.08748301701216106, "DP_FQ": 0.018354129679177822, "DP_TQ": 0.149842047794087, "FPR_mean": 0.0658727511021089, "FPR_FQ": 0.05860240676754437, "FPR_TQ": 0.08946741332062433}