{"cum-loop-time": [0.7427000999450684, 1.4653003215789795, 2.199352264404297, 2.610786199569702, 3.0294382572174072, 3.536529064178467, 3.9802908897399902, 4.580816745758057, 5.839933633804321, 6.8510637283325195, 7.996662616729736, 9.70905351638794], "cum-varOracle-time": [0.7315859794616699, 1.4439811706542969, 2.1645171642303467, 2.5650475025177, 2.971336603164673, 3.4660494327545166, 3.8985753059387207, 4.4855992794036865, 5.722884178161621, 6.718456983566284, 7.8483052253723145, 9.542678117752075], "num_lossOracle_calls": 12, "num_varOracle_calls": 12, "num_var_policies added": [0, 0, 0, 0, 0, 0, 0, 0, 0, 0, 0, 0]}