{"UTIL": {"mean": 0.0275, "FQ": 0.0275, "TQ": 0.0275, "STD": 0.0, "Q025": 0.0275, "Q975": 0.0275}, "ACC": {"mean": 0.705, "FQ": 0.705, "TQ": 0.705, "STD": 0.0, "Q025": 0.705, "Q975": 0.705}, "DP": {"mean": 0.09943639291465378, "FQ": 0.09943639291465378, "TQ": 0.09943639291465378, "STD": 0.0, "Q025": 0.09943639291465378, "Q975": 0.09943639291465378}, "EOP": {"mean": 0.20238095238095238, "FQ": 0.20238095238095238, "TQ": 0.20238095238095238, "STD": 0.0, "Q025": 0.20238095238095238, "Q975": 0.20238095238095238}}