{"acc_dict": {"0": [0.75], "1": [0.6521739130434783], "overall": [0.705]}, "pred_dict": {"0": [0.10869565217391304], "1": [0.009259259259259259], "overall": [0.055]}, "util": [0.0275], "DP": [0.09943639291465378], "EOP": [0.20238095238095238]}