{"UTIL": {"mean": -0.32142857142857145, "FQ": -0.5, "TQ": -0.0625, "STD": 0.22015764296317772, "Q025": -0.5, "Q975": 0.0}, "ACC": {"mean": 0.35714285714285715, "FQ": 0.0, "TQ": 0.875, "STD": 0.4403152859263554, "Q025": 0.0, "Q975": 1.0}, "DP": {"mean": 0.07142857142857142, "FQ": 0.0, "TQ": 0.0, "STD": 0.25753937681885636, "Q025": 0.0, "Q975": 0.6749999999999989}, "EOP": {"mean": 0.0, "FQ": 0.0, "TQ": 0.0, "STD": 0.0, "Q025": 0.0, "Q975": 0.0}}