{"ACC": {"0": [0.7836518910126068, 0.7454249694997966, 0.7767385115900772, 0.782838552257015, 0.7930052867019114, 0.7738918259455063, 0.7816185441236275, 0.7600650671004473, 0.7946319642130948, 0.7832452216348109, 0.7824318828792192, 0.7458316388775925], "1": [0.8170011806375442, 0.773711137347501, 0.7902400629673357, 0.8173947264856356, 0.8303817394726486, 0.8000787091696182, 0.8020464384100747, 0.7859110586383313, 0.8319559228650137, 0.7941755214482488, 0.8142463597009052, 0.7831562377016923], "overall": [0.8006, 0.7598, 0.7836, 0.8004, 0.812, 0.7872, 0.792, 0.7732, 0.8136, 0.7888, 0.7986, 0.7648]}, "mean_pred": {"0": [0.357055713704758, 0.4294428629524197, 0.2834485563237088, 0.3529890199267995, 0.280195201301342, 0.36356242374949166, 0.3582757218381456, 0.3684424562830419, 0.30622204148027654, 0.34363562423749494, 0.3615290768605124, 0.4274095160634404], "1": [0.19480519480519481, 0.2829594647776466, 0.18457300275482094, 0.1936245572609209, 0.1483667847304211, 0.23140495867768596, 0.23258559622195984, 0.2526564344746163, 0.14128295946477765, 0.21684376229830776, 0.19992129083038174, 0.27194018103109013], "overall": [0.2746, 0.355, 0.2332, 0.272, 0.2132, 0.2964, 0.2944, 0.3096, 0.2224, 0.2792, 0.2794, 0.3484]}, "Utility": [0.0523, 0.0319, 0.0438, 0.0522, 0.058, 0.0456, 0.048, 0.0386, 0.0588, 0.0464, 0.0513, 0.0344], "DP": [0.1622505188995632, 0.14648339817477307, 0.09887555356888786, 0.1593644626658786, 0.13182841657092093, 0.1321574650718057, 0.12569012561618575, 0.11578602180842562, 0.1649390820154989, 0.12679186193918718, 0.16160778603013065, 0.15546933503235028], "TPR": [0.1726341529297195, 0.13091150775879834, 0.13405696656928184, 0.16739882996040634, 0.14436056554283155, 0.12891405255937272, 0.12604582062710135, 0.10233581415847426, 0.19388110521115448, 0.1549271746316081, 0.17246710596464288, 0.13177873030089782], "EO": [0.1726341529297195, 0.13091150775879834, 0.13405696656928184, 0.16739882996040634, 0.14436056554283155, 0.12891405255937272, 0.12604582062710135, 0.10233581415847426, 0.19388110521115448, 0.1549271746316081, 0.17246710596464288, 0.13177873030089782]}