{"UTIL": {"mean": -0.003781094527363183, "FQ": -0.03, "TQ": 0.0375, "STD": 0.046690276623086294, "Q025": -0.1125, "Q975": 0.05}, "ACC": {"mean": 0.6924378109452737, "FQ": 0.64, "TQ": 0.775, "STD": 0.09338055324617259, "Q025": 0.475, "Q975": 0.8}, "DP": {"mean": 0.1317446583507583, "FQ": 0.010869565217391297, "TQ": 0.19444444444444445, "STD": 0.10915866402561428, "Q025": 0.0, "Q975": 0.4033816425120773}, "EOP": {"mean": 0.1408230341505144, "FQ": 0.0, "TQ": 0.23076923076923078, "STD": 0.12273874877448294, "Q025": 0.0, "Q975": 0.38461538461538464}}