{"ACC": {"0": [0.7256944444444444, 0.7934027777777778], "1": [0.7483974358974359, 0.7243589743589743], "overall": [0.7375, 0.7575]}, "mean_pred": {"0": [0.28365384615384615, 0.3269230769230769], "1": [0.4340277777777778, 0.22743055555555555], "overall": [0.35583333333333333, 0.2791666666666667]}, "Utility": [0.012083333333333333, 0.022083333333333333], "DP": [0.15037393162393164, 0.09949252136752137]}