{"ACC_mean": 0.7475, "mean_pred_mean": 0.3175, "Utility_mean": 0.017083333333333332, "DP_mean": 0.12493322649572651}