{"UTIL_mean": 0.050666666666666665, "UTIL_FQ": 0.042916666666666665, "UTIL_TQ": 0.05458333333333333, "ACC_mean": 0.7955, "ACC_FQ": 0.78, "ACC_TQ": 0.8033333333333333, "DP_mean": 0.06036024772240421, "DP_FQ": 0.03905878822735115, "DP_TQ": 0.04866928392221587, "FPR_mean": 0.05318134044789393, "FPR_FQ": 0.023809523809523808, "FPR_TQ": 0.08060473765057807}