{"acc_dict": {"0": [0.7732656514382402, 0.7817258883248731, 0.7952622673434856, 0.7648054145516074, 0.8206429780033841], "1": [0.8210180623973727, 0.7783251231527094, 0.8111658456486043, 0.7898193760262726, 0.8177339901477833], "overall": [0.7975, 0.78, 0.8033333333333333, 0.7775, 0.8191666666666667]}, "pred_dict": {"0": [0.3130287648054145, 0.29780033840947545, 0.2639593908629442, 0.34517766497461927, 0.16751269035532995], "1": [0.26436781609195403, 0.3464696223316913, 0.2315270935960591, 0.3842364532019704, 0.30049261083743845], "overall": [0.28833333333333333, 0.3225, 0.2475, 0.365, 0.235]}, "util": [0.051666666666666666, 0.042916666666666665, 0.05458333333333333, 0.041666666666666664, 0.0625], "DP": [0.048660948713460495, 0.04866928392221587, 0.03243229726688507, 0.03905878822735115, 0.1329799204821085], "FPR": [0.1114479747756488, 8.084727948906578e-05, 0.08060473765057807, 0.023809523809523808, 0.04996361872422992]}