{"UTIL": {"mean": -0.015625, "FQ": -0.03125, "TQ": 0.0, "STD": 0.07493486755176124, "Q025": -0.125, "Q975": 0.10312500000000002}, "ACC": {"mean": 0.71875, "FQ": 0.6875, "TQ": 0.75, "STD": 0.14986973510352247, "Q025": 0.5, "Q975": 0.95625}, "DP": {"mean": 0.6875, "FQ": 0.5, "TQ": 1.0, "STD": 0.34798527267687634, "Q025": 0.08750000000000001, "Q975": 1.0}, "EOP": {"mean": 0.75, "FQ": 0.75, "TQ": 1.0, "STD": 0.4330127018922193, "Q025": 0.0, "Q975": 1.0}}