{"cum-loop-time": [0.7282111644744873, 1.570890188217163, 2.4522571563720703, 3.3457212448120117, 5.185338020324707, 7.257032155990601, 9.150765419006348, 11.167581558227539, 13.696890592575073, 16.259535551071167, 18.612258434295654], "cum-varOracle-time": [0.7158441543579102, 1.5474212169647217, 2.4126791954040527, 3.290792226791382, 5.117808103561401, 7.175323009490967, 9.051320791244507, 11.056443452835083, 13.573447465896606, 16.122694492340088, 18.46270251274109], "num_lossOracle_calls": 11, "num_varOracle_calls": 11, "num_var_policies added": [0, 0, 0, 0, 0, 0, 0, 0, 0, 0, 0]}