{"acc_dict": {"0": [0.8125, 0.8125, 0.8125, 0.8125, 0.8125, 0.8125, 0.6875, 0.7291666666666666, 0.78125, 0.7708333333333334, 0.7708333333333334, 0.7916666666666666], "1": [0.6442307692307693, 0.6442307692307693, 0.6442307692307693, 0.6442307692307693, 0.6442307692307693, 0.6442307692307693, 0.7307692307692307, 0.8557692307692307, 0.8269230769230769, 0.875, 0.8653846153846154, 0.8173076923076923], "overall": [0.725, 0.725, 0.725, 0.725, 0.725, 0.725, 0.71, 0.795, 0.805, 0.825, 0.82, 0.805]}, "pred_dict": {"0": [0.0, 0.0, 0.0, 0.0, 0.0, 0.0, 0.375, 0.2692307692307692, 0.375, 0.28846153846153844, 0.27884615384615385, 0.23076923076923078], "1": [0.0, 0.0, 0.0, 0.0, 0.0, 0.0, 0.125, 0.2916666666666667, 0.21875, 0.22916666666666666, 0.22916666666666666, 0.1875], "overall": [0.0, 0.0, 0.0, 0.0, 0.0, 0.0, 0.255, 0.28, 0.3, 0.26, 0.255, 0.21]}, "util": [0.0, 0.0, 0.0, 0.0, 0.0, 0.0, -0.0075, 0.035, 0.04, 0.05, 0.0475, 0.04], "DP": [0.0, 0.0, 0.0, 0.0, 0.0, 0.0, 0.25, 0.022435897435897467, 0.15625, 0.05929487179487178, 0.0496794871794872, 0.04326923076923078], "EOP": [0.0, 0.0, 0.0, 0.0, 0.0, 0.0, 0.6486486486486487, 0.12012012012012008, 0.28378378378378377, 0.22972972972972971, 0.20270270270270274, 0.12312312312312312]}