{"UTIL": {"mean": 0.017083333333333336, "FQ": 0.0, "TQ": 0.04, "STD": 0.02186209937057484, "Q025": -0.0054375, "Q975": 0.0493125}, "ACC": {"mean": 0.7591666666666667, "FQ": 0.725, "TQ": 0.805, "STD": 0.043724198741149696, "Q025": 0.7141249999999999, "Q975": 0.8236249999999999}, "DP": {"mean": 0.0484107905982906, "FQ": 0.0, "TQ": 0.05208333333333334, "STD": 0.07480548990352896, "Q025": 0.0, "Q975": 0.22421874999999997}, "EOP": {"mean": 0.134009009009009, "FQ": 0.0, "TQ": 0.20945945945945948, "STD": 0.18466853469919609, "Q025": 0.0, "Q975": 0.5483108108108107}}