{"UTIL": {"mean": -0.14285714285714285, "FQ": -0.1875, "TQ": -0.0625, "STD": 0.12371791482634836, "Q025": -0.35624999999999996, "Q975": 0.0}, "ACC": {"mean": 0.7142857142857143, "FQ": 0.625, "TQ": 0.875, "STD": 0.24743582965269673, "Q025": 0.2875, "Q975": 1.0}, "DP": {"mean": 0.42857142857142855, "FQ": 0.25, "TQ": 0.5, "STD": 0.3194382824999699, "Q025": 0.0, "Q975": 0.9249999999999998}, "EOP": {"mean": 0.0, "FQ": 0.0, "TQ": 0.0, "STD": 0.0, "Q025": 0.0, "Q975": 0.0}}