{"cum-loop-time": [1.4844579696655273, 2.553778886795044, 3.211940050125122, 3.6590659618377686, 4.308689117431641, 4.891684293746948, 5.61621618270874, 6.341560125350952, 7.03192925453186, 7.760745286941528, 8.423726081848145, 9.507685899734497, 10.37550401687622, 11.00325632095337, 11.813764333724976, 12.474715232849121, 13.250726222991943, 14.049765348434448, 14.938912391662598, 16.067498445510864, 16.698151350021362, 17.638095378875732, 18.587486505508423, 19.655481338500977, 20.431570529937744, 21.186256647109985, 22.105653762817383, 22.841410398483276, 23.58617329597473, 24.345246076583862, 24.969956874847412, 25.599476099014282, 26.459771156311035, 27.293806076049805, 28.143133401870728, 29.008901357650757, 29.879159212112427, 30.757156372070312, 31.769641399383545, 32.669005393981934, 33.554585456848145, 34.3799364566803, 35.386197328567505, 36.55751156806946, 37.600242614746094, 38.80965065956116, 40.02988362312317, 40.89799761772156, 41.78887486457825], "cum-varOracle-time": [1.429504632949829, 2.456141471862793, 3.0839595794677734, 3.5064992904663086, 4.127259254455566, 4.682276248931885, 5.3780293464660645, 6.072777271270752, 6.732814311981201, 7.430933475494385, 8.062256574630737, 9.094128608703613, 9.929413557052612, 10.522419452667236, 11.30049467086792, 11.9335196018219, 12.678959608078003, 13.447844743728638, 14.308950901031494, 15.409050703048706, 16.014789819717407, 16.925464630126953, 17.845369577407837, 18.890758752822876, 19.640335083007812, 20.368775129318237, 21.25950002670288, 21.96809697151184, 22.686464071273804, 23.4177143573761, 24.017731428146362, 24.62061619758606, 25.45430326461792, 26.26203727722168, 27.085676193237305, 27.922983169555664, 28.76534628868103, 29.616197109222412, 30.60200309753418, 31.47443413734436, 32.333237171173096, 33.13257312774658, 34.11092805862427, 35.253204345703125, 36.2649872303009, 37.44808793067932, 38.64220476150513, 39.48606872558594, 40.351900815963745], "num_lossOracle_calls": 49, "num_varOracle_calls": 52, "num_var_policies added": [2, 1, 0, 0, 0, 0, 0, 0, 0, 0, 0, 0, 0, 0, 0, 0, 0, 0, 0, 0, 0, 0, 0, 0, 0, 0, 0, 0, 0, 0, 0, 0, 0, 0, 0, 0, 0, 0, 0, 0, 0, 0, 0, 0, 0, 0, 0, 0, 0]}