{"acc_dict": {"0": [0.8333333333333334], "1": [0.5961538461538461], "overall": [0.71]}, "pred_dict": {"0": [0.09615384615384616], "1": [0.0], "overall": [0.05]}, "util": [-0.005], "DP": [0.09615384615384616], "EOP": [0.1]}