{"UTIL": {"mean": -0.005, "FQ": -0.005, "TQ": -0.005, "STD": 0.0, "Q025": -0.005, "Q975": -0.005}, "ACC": {"mean": 0.71, "FQ": 0.71, "TQ": 0.71, "STD": 0.0, "Q025": 0.71, "Q975": 0.71}, "DP": {"mean": 0.09615384615384616, "FQ": 0.09615384615384616, "TQ": 0.09615384615384616, "STD": 0.0, "Q025": 0.09615384615384616, "Q975": 0.09615384615384616}, "EOP": {"mean": 0.1, "FQ": 0.1, "TQ": 0.1, "STD": 0.0, "Q025": 0.1, "Q975": 0.1}}