{"cum-loop-time": [13.48125696182251, 14.298134803771973, 15.040730476379395, 16.27447748184204, 16.988166570663452, 18.155418395996094, 19.2697114944458, 20.518486499786377, 22.10719132423401, 23.74432635307312, 25.335407495498657], "cum-varOracle-time": [13.161335229873657, 13.945825338363647, 14.663037300109863, 15.865620136260986, 16.55283522605896, 17.690561056137085, 18.77514410018921, 19.99504542350769, 21.551289319992065, 23.154669284820557, 24.714636087417603], "num_lossOracle_calls": 11, "num_varOracle_calls": 30, "num_var_policies added": [20, 0, 0, 0, 0, 0, 0, 0, 0, 0, 0]}