{"RT": 5.3202671231541, "RT0": 6.0, "regt": [-1, 1, 1, 1, -0.05555555555555558, 0.5, 0.0, 0.0, 0.5, 0.0, 0.5, 0.5, 1.0, 0.0, 1.0, 0.5], "regt_cum": [-1.0, 0.0, 1.0, 2.0, 1.9444444444444444, 2.4444444444444446, 2.4444444444444446, 2.4444444444444446, 2.9444444444444446, 2.9444444444444446, 3.4444444444444446, 3.9444444444444446, 4.944444444444445, 4.944444444444445, 5.944444444444445, 6.444444444444445], "regt0": [0, 1, 1, 1, 0, 0.5, 0.0, 0.0, 0.5, 0.0, 0.5, 0.5, 1.0, 0.0, 1.0, 0.5], "regt0_cum": [0.0, 1.0, 2.0, 3.0, 3.0, 3.5, 3.5, 3.5, 4.0, 4.0, 4.5, 5.0, 6.0, 6.0, 7.0, 7.5], "regT": [0, 1, 1, 1, -0.05555555555555558, -0.18317912010328963, 0.0, 0.0, -0.1737075001542977, 0.0, -0.2672907010327581, 0.5, 1.0, 0.0, 1.0, 0.5], "regT_cum": [0.0, 1.0, 2.0, 3.0, 2.9444444444444446, 2.761265324341155, 2.761265324341155, 2.761265324341155, 2.5875578241868573, 2.5875578241868573, 2.320267123154099, 2.820267123154099, 3.820267123154099, 3.820267123154099, 4.8202671231541, 5.3202671231541], "regT0": [0, 1, 1, 1, 0, 0, 0.0, 0.0, 0, 0.0, 0, 0.5, 1.0, 0.0, 1.0, 0.5], "regT0_cum": [0.0, 1.0, 2.0, 3.0, 3.0, 3.0, 3.0, 3.0, 3.0, 3.0, 3.0, 3.5, 4.5, 4.5, 5.5, 6.0]}