{"acc_dict": {"0": [0.739424703891709, 0.8104906937394247, 0.7715736040609137, 0.7851099830795262, 0.7986463620981388], "1": [0.8029556650246306, 0.7553366174055829, 0.7766830870279147, 0.7717569786535303, 0.7733990147783252], "overall": [0.7716666666666666, 0.7825, 0.7741666666666667, 0.7783333333333333, 0.7858333333333334]}, "pred_dict": {"0": [0.3637901861252115, 0.17766497461928935, 0.11844331641285956, 0.31810490693739424, 0.2436548223350254], "1": [0.24958949096880131, 0.1330049261083744, 0.2824302134646962, 0.3563218390804598, 0.3284072249589491], "overall": [0.30583333333333335, 0.155, 0.20166666666666666, 0.3375, 0.2866666666666667]}, "util": [0.03958333333333333, 0.045, 0.04083333333333333, 0.042916666666666665, 0.04666666666666667], "DP": [0.11420069515641021, 0.04466004851091496, 0.16398689705183667, 0.03821693214306554, 0.0847524026239237], "FPR": [0.16205996636316186, 0.0376848576233834, 0.07352548860407122, 0.0054688859247230825, 0.04349011192947863]}