{"UTIL_mean": 0.043, "UTIL_FQ": 0.04083333333333333, "UTIL_TQ": 0.045, "ACC_mean": 0.7785, "ACC_FQ": 0.7741666666666667, "ACC_TQ": 0.7825, "DP_mean": 0.08916339509723022, "DP_FQ": 0.04466004851091496, "DP_TQ": 0.11420069515641021, "FPR_mean": 0.06444586208896363, "FPR_FQ": 0.0376848576233834, "FPR_TQ": 0.07352548860407122}