{"acc_dict": {"0": [0.8181818181818182, 0.8181818181818182, 0.6363636363636364, 0.6363636363636364, 0.6363636363636364, 0.5454545454545454, 0.6363636363636364, 0.7272727272727273, 0.6363636363636364, 0.7272727272727273, 0.5454545454545454, 0.7272727272727273, 0.7272727272727273, 0.7272727272727273, 0.7272727272727273, 0.6363636363636364, 0.7272727272727273, 0.7272727272727273, 0.5454545454545454, 0.7272727272727273, 0.5454545454545454, 0.6363636363636364, 0.7272727272727273, 0.7272727272727273, 0.7272727272727273, 0.6363636363636364, 0.7272727272727273, 0.6363636363636364, 0.7272727272727273, 0.7272727272727273, 0.7272727272727273, 0.6363636363636364, 0.7272727272727273, 0.7272727272727273, 0.8181818181818182, 0.7272727272727273, 0.7272727272727273, 0.7272727272727273, 0.8181818181818182, 0.5454545454545454, 0.7272727272727273, 0.6363636363636364, 0.6363636363636364, 0.7272727272727273, 0.7272727272727273, 0.6363636363636364], "1": [0.7777777777777778, 0.6666666666666666, 0.6666666666666666, 1.0, 0.8888888888888888, 0.7777777777777778, 0.8888888888888888, 0.8888888888888888, 0.8888888888888888, 0.8888888888888888, 0.8888888888888888, 0.8888888888888888, 0.8888888888888888, 1.0, 0.8888888888888888, 0.8888888888888888, 0.8888888888888888, 1.0, 0.8888888888888888, 1.0, 0.7777777777777778, 1.0, 1.0, 0.8888888888888888, 1.0, 0.6666666666666666, 0.7777777777777778, 1.0, 0.7777777777777778, 0.8888888888888888, 0.7777777777777778, 1.0, 0.6666666666666666, 1.0, 1.0, 0.8888888888888888, 1.0, 1.0, 0.7777777777777778, 1.0, 1.0, 0.8888888888888888, 0.8888888888888888, 1.0, 1.0, 1.0], "overall": [0.8, 0.75, 0.65, 0.8, 0.75, 0.65, 0.75, 0.8, 0.75, 0.8, 0.7, 0.8, 0.8, 0.85, 0.8, 0.75, 0.8, 0.85, 0.7, 0.85, 0.65, 0.8, 0.85, 0.8, 0.85, 0.65, 0.75, 0.8, 0.75, 0.8, 0.75, 0.8, 0.7, 0.85, 0.9, 0.8, 0.85, 0.85, 0.8, 0.75, 0.85, 0.75, 0.75, 0.85, 0.85, 0.8]}, "pred_dict": {"0": [0.4444444444444444, 0.5555555555555556, 0.5555555555555556, 0.2222222222222222, 0.1111111111111111, 0.4444444444444444, 0.3333333333333333, 0.3333333333333333, 0.1111111111111111, 0.3333333333333333, 0.3333333333333333, 0.3333333333333333, 0.1111111111111111, 0.2222222222222222, 0.3333333333333333, 0.3333333333333333, 0.3333333333333333, 0.2222222222222222, 0.3333333333333333, 0.2222222222222222, 0.4444444444444444, 0.2222222222222222, 0.2222222222222222, 0.3333333333333333, 0.2222222222222222, 0.5555555555555556, 0.4444444444444444, 0.2222222222222222, 0.4444444444444444, 0.3333333333333333, 0.4444444444444444, 0.2222222222222222, 0.5555555555555556, 0.2222222222222222, 0.2222222222222222, 0.3333333333333333, 0.2222222222222222, 0.2222222222222222, 0.4444444444444444, 0.2222222222222222, 0.2222222222222222, 0.3333333333333333, 0.3333333333333333, 0.2222222222222222, 0.2222222222222222, 0.2222222222222222], "1": [0.2727272727272727, 0.2727272727272727, 0.2727272727272727, 0.45454545454545453, 0.45454545454545453, 0.5454545454545454, 0.45454545454545453, 0.36363636363636365, 0.45454545454545453, 0.36363636363636365, 0.18181818181818182, 0.36363636363636365, 0.36363636363636365, 0.36363636363636365, 0.36363636363636365, 0.2727272727272727, 0.36363636363636365, 0.36363636363636365, 0.36363636363636365, 0.36363636363636365, 0.18181818181818182, 0.45454545454545453, 0.36363636363636365, 0.36363636363636365, 0.36363636363636365, 0.2727272727272727, 0.36363636363636365, 0.2727272727272727, 0.36363636363636365, 0.36363636363636365, 0.36363636363636365, 0.2727272727272727, 0.36363636363636365, 0.36363636363636365, 0.2727272727272727, 0.36363636363636365, 0.36363636363636365, 0.36363636363636365, 0.45454545454545453, 0.36363636363636365, 0.36363636363636365, 0.2727272727272727, 0.2727272727272727, 0.36363636363636365, 0.36363636363636365, 0.2727272727272727], "overall": [0.35, 0.4, 0.4, 0.35, 0.3, 0.5, 0.4, 0.35, 0.3, 0.35, 0.25, 0.35, 0.25, 0.3, 0.35, 0.3, 0.35, 0.3, 0.35, 0.3, 0.3, 0.35, 0.3, 0.35, 0.3, 0.4, 0.4, 0.25, 0.4, 0.35, 0.4, 0.25, 0.45, 0.3, 0.25, 0.35, 0.3, 0.3, 0.45, 0.3, 0.3, 0.3, 0.3, 0.3, 0.3, 0.25]}, "util": [0.025, 0.0, -0.05, 0.025, 0.0, -0.05, 0.0, 0.025, 0.0, 0.025, -0.025, 0.025, 0.025, 0.05, 0.025, 0.0, 0.025, 0.05, -0.025, 0.05, -0.05, 0.025, 0.05, 0.025, 0.05, -0.05, 0.0, 0.025, 0.0, 0.025, 0.0, 0.025, -0.025, 0.05, 0.075, 0.025, 0.05, 0.05, 0.025, 0.0, 0.05, 0.0, 0.0, 0.05, 0.05, 0.025], "DP": [0.1717171717171717, 0.2828282828282829, 0.2828282828282829, 0.23232323232323232, 0.3434343434343434, 0.101010101010101, 0.12121212121212122, 0.03030303030303033, 0.3434343434343434, 0.03030303030303033, 0.1515151515151515, 0.03030303030303033, 0.25252525252525254, 0.14141414141414144, 0.03030303030303033, 0.06060606060606061, 0.03030303030303033, 0.14141414141414144, 0.03030303030303033, 0.14141414141414144, 0.2626262626262626, 0.23232323232323232, 0.14141414141414144, 0.03030303030303033, 0.14141414141414144, 0.2828282828282829, 0.08080808080808077, 0.0505050505050505, 0.08080808080808077, 0.03030303030303033, 0.08080808080808077, 0.0505050505050505, 0.19191919191919193, 0.14141414141414144, 0.0505050505050505, 0.03030303030303033, 0.14141414141414144, 0.14141414141414144, 0.01010101010101011, 0.14141414141414144, 0.14141414141414144, 0.06060606060606061, 0.06060606060606061, 0.14141414141414144, 0.14141414141414144, 0.0505050505050505], "EOP": [0.33333333333333337, 0.33333333333333337, 0.6666666666666667, 0.33333333333333337, 0.16666666666666663, 0.33333333333333337, 0.33333333333333337, 0.33333333333333337, 0.16666666666666663, 0.33333333333333337, 1.0, 0.33333333333333337, 0.16666666666666663, 0.33333333333333337, 0.33333333333333337, 0.6666666666666667, 0.33333333333333337, 0.33333333333333337, 0.6666666666666667, 0.33333333333333337, 1.0, 0.33333333333333337, 0.33333333333333337, 0.33333333333333337, 0.33333333333333337, 0.6666666666666667, 0.33333333333333337, 0.6666666666666667, 0.33333333333333337, 0.33333333333333337, 0.33333333333333337, 0.6666666666666667, 0.33333333333333337, 0.33333333333333337, 0.33333333333333337, 0.33333333333333337, 0.33333333333333337, 0.33333333333333337, 0.0, 0.6666666666666667, 0.33333333333333337, 0.6666666666666667, 0.6666666666666667, 0.33333333333333337, 0.33333333333333337, 0.6666666666666667]}