{"UTIL_mean": 0.016111111111111114, "UTIL_FQ": 0.0, "UTIL_TQ": 0.05, "ACC_mean": 0.7822222222222223, "ACC_FQ": 0.75, "ACC_TQ": 0.85, "DP_mean": 0.12906846240179576, "DP_FQ": 0.0505050505050505, "DP_TQ": 0.1515151515151515, "EOP_mean": 0.4111111111111111, "EOP_FQ": 0.33333333333333337, "EOP_TQ": 0.33333333333333337, "UTIL_STD": 0.030802036168064695, "ACC_STD": 0.06160407233612938, "DP_STD": 0.09039357233975889, "EOP_STD": 0.2006163342807532, "UTIL_Q025": -0.05, "UTIL_Q975": 0.05, "ACC_Q025": 0.65, "ACC_Q975": 0.85, "DP_Q025": 0.03030303030303033, "DP_Q975": 0.33737373737373727, "EOP_Q025": 0.16666666666666663, "EOP_Q975": 0.9666666666666662}