{"UTIL_mean": 0.08324999999999999, "UTIL_FQ": 0.018750000000000003, "UTIL_TQ": 0.15, "ACC_mean": 0.7164999999999998, "ACC_FQ": 0.5874999999999999, "ACC_TQ": 0.85, "DP_mean": 0.538080808080808, "DP_FQ": 0.1893939393939394, "DP_TQ": 0.9090909090909091, "EOP_mean": 0.5975, "EOP_FQ": 0.0, "EOP_TQ": 1.0, "UTIL_STD": 0.07850597111048305, "ACC_STD": 0.15701194222096607, "DP_STD": 0.3456047136544782, "EOP_STD": 0.43322194081094273, "UTIL_Q025": -0.05, "UTIL_Q975": 0.175, "ACC_Q025": 0.45, "ACC_Q975": 0.9, "DP_Q025": 0.0, "DP_Q975": 0.9090909090909091, "EOP_Q025": 0.0, "EOP_Q975": 1.0}