{"acc_dict": {"0": [0.7708333333333334, 0.6354166666666666, 0.53125, 0.7395833333333334, 0.7395833333333334, 0.7083333333333334, 0.6041666666666666, 0.59375, 0.6354166666666666, 0.6041666666666666, 0.5729166666666666], "1": [0.7403846153846154, 0.7884615384615384, 0.6730769230769231, 0.7884615384615384, 0.8076923076923077, 0.7307692307692307, 0.8076923076923077, 0.8076923076923077, 0.8076923076923077, 0.7980769230769231, 0.8173076923076923], "overall": [0.755, 0.715, 0.605, 0.765, 0.775, 0.72, 0.71, 0.705, 0.725, 0.705, 0.7]}, "pred_dict": {"0": [0.11538461538461539, 0.49038461538461536, 0.6057692307692307, 0.4326923076923077, 0.47115384615384615, 0.47115384615384615, 0.47115384615384615, 0.4519230769230769, 0.47115384615384615, 0.4807692307692308, 0.34615384615384615], "1": [0.020833333333333332, 0.4479166666666667, 0.6354166666666666, 0.3020833333333333, 0.3020833333333333, 0.3333333333333333, 0.5208333333333334, 0.53125, 0.4895833333333333, 0.5208333333333334, 0.5729166666666666], "overall": [0.07, 0.47, 0.62, 0.37, 0.39, 0.405, 0.495, 0.49, 0.48, 0.5, 0.455]}, "util": [0.035, 0.015, -0.04, 0.04, 0.045, 0.0175, 0.0125, 0.01, 0.02, 0.01, 0.0075], "DP": [0.09455128205128206, 0.04246794871794868, 0.029647435897435903, 0.1306089743589744, 0.16907051282051283, 0.13782051282051283, 0.049679487179487225, 0.07932692307692307, 0.01842948717948717, 0.04006410256410259, 0.22676282051282048], "EOP": [0.2243589743589744, 0.20512820512820518, 0.038461538461538436, 0.21153846153846145, 0.28846153846153844, 0.1858974358974359, 0.1217948717948718, 0.09615384615384615, 0.1217948717948718, 0.1217948717948718, 0.07371794871794868]}