{"UTIL": {"mean": 0.015681818181818182, "FQ": 0.01, "TQ": 0.027500000000000004, "STD": 0.021508214844219966, "Q025": -0.028124999999999997, "Q975": 0.043750000000000004}, "ACC": {"mean": 0.7163636363636363, "FQ": 0.705, "TQ": 0.74, "STD": 0.04301642968843994, "Q025": 0.6287499999999999, "Q975": 0.7725000000000001}, "DP": {"mean": 0.09258449883449883, "FQ": 0.04126602564102563, "TQ": 0.1342147435897436, "STD": 0.06331498593620731, "Q025": 0.021233974358974353, "Q975": 0.21233974358974356}, "EOP": {"mean": 0.15355477855477856, "FQ": 0.10897435897435898, "TQ": 0.20833333333333331, "STD": 0.0714921208011611, "Q025": 0.047275641025640996, "Q975": 0.2724358974358974}}