{"ACC": {"0": [0.6996644295302014, 0.8003355704697986], "1": [0.8096026490066225, 0.7384105960264901], "overall": [0.755, 0.7691666666666667]}, "mean_pred": {"0": [0.20695364238410596, 0.31456953642384106], "1": [0.5302013422818792, 0.3221476510067114], "overall": [0.3675, 0.31833333333333336]}, "Utility": [0.025416666666666667, 0.0325], "DP": [0.32324769989777324, 0.007578114582870332]}