{"ACC_mean": 0.7620833333333333, "mean_pred_mean": 0.34291666666666665, "Utility_mean": 0.028958333333333336, "DP_mean": 0.1654129072403218}