{"UTIL_mean": 0.035666666666666666, "UTIL_FQ": 0.03125, "UTIL_TQ": 0.04041666666666666, "ACC_mean": 0.763, "ACC_FQ": 0.7541666666666667, "ACC_TQ": 0.7725, "DP_mean": 0.08125161494669633, "DP_FQ": 0.026222566744184106, "DP_TQ": 0.10729914230701909, "FPR_mean": 0.0809890154620891, "FPR_FQ": 0.03170338840139794, "FPR_TQ": 0.059888700870505726}