{"ACC_mean": 0.7845833333333334, "mean_pred_mean": 0.18125, "Utility_mean": 0.051458333333333335, "DP_mean": 0.02447143048307239}