{"ACC": {"0": [0.7943262411347518, 0.7411347517730497], "1": [0.7830188679245284, 0.8160377358490566], "overall": [0.7883333333333333, 0.7808333333333334]}, "mean_pred": {"0": [0.25157232704402516, 0.12106918238993711], "1": [0.21631205673758866, 0.1347517730496454], "overall": [0.235, 0.1275]}, "Utility": [0.05333333333333334, 0.04958333333333333], "DP": [0.0352602703064365, 0.013682590659708282]}