{"acc_dict": {"0": [0.75, 0.7604166666666666, 0.6458333333333334, 0.6354166666666666, 0.6354166666666666, 0.6458333333333334, 0.6666666666666666, 0.6666666666666666, 0.5416666666666666, 0.59375, 0.6041666666666666, 0.5416666666666666, 0.5520833333333334, 0.65625, 0.6770833333333334, 0.625, 0.6354166666666666, 0.59375, 0.625, 0.6875, 0.6979166666666666, 0.6458333333333334, 0.6666666666666666, 0.625, 0.65625, 0.7395833333333334, 0.6979166666666666, 0.6875, 0.6458333333333334, 0.6354166666666666, 0.6145833333333334, 0.6770833333333334, 0.6666666666666666, 0.6875, 0.6875, 0.75, 0.7708333333333334, 0.78125, 0.7708333333333334, 0.71875, 0.7604166666666666, 0.7708333333333334, 0.7291666666666666, 0.7604166666666666, 0.7708333333333334, 0.7916666666666666, 0.8020833333333334, 0.8125], "1": [0.6826923076923077, 0.7403846153846154, 0.5673076923076923, 0.7211538461538461, 0.5769230769230769, 0.7115384615384616, 0.6923076923076923, 0.6153846153846154, 0.5865384615384616, 0.6634615384615384, 0.6826923076923077, 0.6923076923076923, 0.6442307692307693, 0.6057692307692307, 0.7692307692307693, 0.7788461538461539, 0.7692307692307693, 0.7980769230769231, 0.6923076923076923, 0.75, 0.7596153846153846, 0.7788461538461539, 0.75, 0.7596153846153846, 0.75, 0.7403846153846154, 0.7307692307692307, 0.6634615384615384, 0.6923076923076923, 0.7307692307692307, 0.6923076923076923, 0.7596153846153846, 0.75, 0.75, 0.7884615384615384, 0.8461538461538461, 0.8557692307692307, 0.8269230769230769, 0.8365384615384616, 0.8653846153846154, 0.8461538461538461, 0.8557692307692307, 0.8942307692307693, 0.8846153846153846, 0.8653846153846154, 0.875, 0.7884615384615384, 0.75], "overall": [0.715, 0.75, 0.605, 0.68, 0.605, 0.68, 0.68, 0.64, 0.565, 0.63, 0.645, 0.62, 0.6, 0.63, 0.725, 0.705, 0.705, 0.7, 0.66, 0.72, 0.73, 0.715, 0.71, 0.695, 0.705, 0.74, 0.715, 0.675, 0.67, 0.685, 0.655, 0.72, 0.71, 0.72, 0.74, 0.8, 0.815, 0.805, 0.805, 0.795, 0.805, 0.815, 0.815, 0.825, 0.82, 0.835, 0.795, 0.78]}, "pred_dict": {"0": [0.46153846153846156, 0.5192307692307693, 0.6730769230769231, 0.5769230769230769, 0.6057692307692307, 0.5096153846153846, 0.5096153846153846, 0.6826923076923077, 0.6346153846153846, 0.6153846153846154, 0.6346153846153846, 0.6057692307692307, 0.6346153846153846, 0.5192307692307693, 0.5096153846153846, 0.5576923076923077, 0.5096153846153846, 0.5, 0.625, 0.5288461538461539, 0.5576923076923077, 0.5192307692307693, 0.5673076923076923, 0.5, 0.5480769230769231, 0.5384615384615384, 0.5480769230769231, 0.5576923076923077, 0.5673076923076923, 0.5288461538461539, 0.5673076923076923, 0.5, 0.5480769230769231, 0.5096153846153846, 0.5096153846153846, 0.4326923076923077, 0.4423076923076923, 0.4519230769230769, 0.46153846153846156, 0.3942307692307692, 0.3942307692307692, 0.40384615384615385, 0.3269230769230769, 0.3557692307692308, 0.3557692307692308, 0.3269230769230769, 0.4326923076923077, 0.3942307692307692], "1": [0.3645833333333333, 0.375, 0.4895833333333333, 0.4166666666666667, 0.5416666666666666, 0.5104166666666666, 0.5520833333333334, 0.4895833333333333, 0.6145833333333334, 0.5625, 0.5729166666666666, 0.6354166666666666, 0.5625, 0.4583333333333333, 0.4583333333333333, 0.59375, 0.5416666666666666, 0.5416666666666666, 0.53125, 0.4895833333333333, 0.4583333333333333, 0.46875, 0.46875, 0.4895833333333333, 0.5, 0.4583333333333333, 0.5, 0.4479166666666667, 0.46875, 0.5208333333333334, 0.5416666666666666, 0.4791666666666667, 0.4895833333333333, 0.4270833333333333, 0.4270833333333333, 0.34375, 0.34375, 0.3541666666666667, 0.3229166666666667, 0.3333333333333333, 0.3541666666666667, 0.3854166666666667, 0.40625, 0.375, 0.3854166666666667, 0.34375, 0.2916666666666667, 0.3020833333333333], "overall": [0.415, 0.45, 0.585, 0.5, 0.575, 0.51, 0.53, 0.59, 0.625, 0.59, 0.605, 0.62, 0.6, 0.49, 0.485, 0.575, 0.525, 0.52, 0.58, 0.51, 0.51, 0.495, 0.52, 0.495, 0.525, 0.5, 0.525, 0.505, 0.52, 0.525, 0.555, 0.49, 0.52, 0.47, 0.47, 0.39, 0.395, 0.405, 0.395, 0.365, 0.375, 0.395, 0.365, 0.365, 0.37, 0.335, 0.365, 0.35]}, "util": [0.0225, 0.04, -0.0325, 0.005, -0.0325, 0.005, 0.005, -0.015, -0.0525, -0.02, -0.0125, -0.025, -0.035, -0.02, 0.0275, 0.0175, 0.0175, 0.015, -0.005, 0.025, 0.03, 0.0225, 0.02, 0.0125, 0.0175, 0.035, 0.0225, 0.0025, 0.0, 0.0075, -0.0075, 0.025, 0.02, 0.025, 0.035, 0.065, 0.0725, 0.0675, 0.0675, 0.0625, 0.0675, 0.0725, 0.0725, 0.0775, 0.075, 0.0825, 0.0625, 0.055], "DP": [0.09695512820512825, 0.14423076923076927, 0.1834935897435898, 0.1602564102564102, 0.0641025641025641, 0.0008012820512820484, 0.04246794871794879, 0.1931089743589744, 0.02003205128205121, 0.05288461538461542, 0.06169871794871795, 0.029647435897435903, 0.07211538461538458, 0.06089743589743596, 0.051282051282051266, 0.03605769230769229, 0.03205128205128205, 0.04166666666666663, 0.09375, 0.03926282051282054, 0.0993589743589744, 0.050480769230769273, 0.09855769230769229, 0.010416666666666685, 0.04807692307692313, 0.08012820512820512, 0.04807692307692313, 0.10977564102564102, 0.09855769230769229, 0.008012820512820484, 0.02564102564102566, 0.020833333333333315, 0.05849358974358981, 0.08253205128205127, 0.08253205128205127, 0.08894230769230771, 0.09855769230769229, 0.09775641025641024, 0.13862179487179488, 0.0608974358974359, 0.04006410256410253, 0.01842948717948717, 0.07932692307692307, 0.019230769230769218, 0.029647435897435903, 0.016826923076923073, 0.14102564102564102, 0.0921474358974359], "EOP": [0.03707317073170724, 0.06926829268292678, 0.044878048780487845, 0.2780487804878049, 0.10829268292682925, 0.019512195121951237, 0.16390243902439028, 0.07804878048780484, 0.019512195121951237, 0.05365853658536579, 0.06243902439024396, 0.03804878048780491, 0.13365853658536586, 0.061463414634146285, 0.09365853658536583, 0.006829268292682933, 0.013658536585365866, 0.11804878048780487, 0.10243902439024388, 0.013658536585365866, 0.10243902439024388, 0.1580487804878049, 0.14243902439024392, 0.10926829268292682, 0.07804878048780484, 0.02634146341463417, 0.02634146341463417, 0.0204878048780488, 0.10926829268292682, 0.029268292682926744, 0.029268292682926744, 0.029268292682926744, 0.07804878048780484, 0.10926829268292682, 0.1580487804878049, 0.17365853658536579, 0.1580487804878049, 0.09365853658536583, 0.19804878048780483, 0.2292682926829268, 0.08487804878048788, 0.029268292682926744, 0.0204878048780488, 0.044878048780487845, 0.019512195121951237, 0.0039024390243902474, 0.10048780487804876, 0.03707317073170724]}