{"UTIL": {"mean": 0.022864583333333337, "FQ": 0.001875, "TQ": 0.056875, "STD": 0.03450916840483201, "Q025": -0.0345625, "Q975": 0.07706249999999999}, "ACC": {"mean": 0.7157291666666667, "FQ": 0.6737500000000001, "TQ": 0.78375, "STD": 0.06901833680966402, "Q025": 0.6008749999999999, "Q975": 0.824125}, "DP": {"mean": 0.06916065705128206, "FQ": 0.03505608974358973, "TQ": 0.09715544871794875, "STD": 0.045296998412193354, "Q025": 0.00843349358974357, "Q975": 0.1794270833333333}, "EOP": {"mean": 0.0815650406504065, "FQ": 0.029268292682926744, "TQ": 0.10926829268292682, "STD": 0.06229522936119049, "Q025": 0.008024390243902446, "Q975": 0.22380487804878033}}