{"UTIL": {"mean": -0.24342105263157895, "FQ": -0.5, "TQ": 0.0, "STD": 0.23463887500167116, "Q025": -0.5, "Q975": 0.0}, "ACC": {"mean": 0.5131578947368421, "FQ": 0.0, "TQ": 1.0, "STD": 0.4692777500033423, "Q025": 0.0, "Q975": 1.0}, "DP": {"mean": 0.07894736842105263, "FQ": 0.0, "TQ": 0.0, "STD": 0.1823211376388292, "Q025": 0.0, "Q975": 0.5}, "EOP": {"mean": 0.0, "FQ": 0.0, "TQ": 0.0, "STD": 0.0, "Q025": 0.0, "Q975": 0.0}}