{"ACC_mean": 0.7713333333333333, "mean_pred_mean": 0.31783333333333336, "Utility_mean": 0.04025, "DP_mean": 0.07112433630900283}