{"ACC": {"0": [0.7717569786535303, 0.7750410509031199, 0.8029556650246306, 0.8013136288998358, 0.7865353037766831], "1": [0.6818950930626058, 0.7597292724196277, 0.7428087986463621, 0.8206429780033841, 0.7681895093062606], "overall": [0.7275, 0.7675, 0.7733333333333333, 0.8108333333333333, 0.7775]}, "mean_pred": {"0": [0.44839255499153974, 0.3197969543147208, 0.3739424703891709, 0.17089678510998307, 0.32825719120135366], "1": [0.3957307060755337, 0.270935960591133, 0.24630541871921183, 0.2939244663382594, 0.33169129720853857], "overall": [0.4216666666666667, 0.295, 0.30916666666666665, 0.23333333333333334, 0.33]}, "Utility": [0.018333333333333333, 0.03833333333333333, 0.04125, 0.06, 0.043333333333333335], "DP": [0.05266184891600606, 0.04886099372358782, 0.12763705166995906, 0.12302768122827634, 0.0034341060071849117]}