{"regt": [1, 1, 1, 1, 1, 1, 1, -1, -1, -0.05555555555555558, 0.5, 0.5, 0.0, 0.0, 0.5, 1.0], "regt_cum": [1.0, 2.0, 3.0, 4.0, 5.0, 6.0, 7.0, 6.0, 5.0, 4.944444444444445, 5.444444444444445, 5.944444444444445, 5.944444444444445, 5.944444444444445, 6.444444444444445, 7.444444444444445], "regT": [1, 1, 1, 1, 1, 1, 1, 0, -1, -0.05555555555555558, 0.5, 0.5, 0.0, 0.0, -0.2244405797468818, 1.0], "regT_cum": [1.0, 2.0, 3.0, 4.0, 5.0, 6.0, 7.0, 7.0, 6.0, 5.944444444444445, 6.444444444444445, 6.944444444444445, 6.944444444444445, 6.944444444444445, 6.720003864697563, 7.720003864697563]}