{"UTIL_mean": 0.057692307692307696, "UTIL_FQ": 0.0, "UTIL_TQ": 0.125, "ACC_mean": 0.6153846153846154, "ACC_FQ": 0.5, "ACC_TQ": 0.75, "DP_mean": 0.3076923076923077, "DP_FQ": 0.0, "DP_TQ": 0.5, "EOP_mean": 0.38461538461538464, "EOP_FQ": 0.0, "EOP_TQ": 0.5, "UTIL_STD": 0.09322461264262172, "ACC_STD": 0.18644922528524344, "DP_STD": 0.31246301556292155, "EOP_STD": 0.348284043774516, "UTIL_Q025": -0.0875, "UTIL_Q975": 0.2124999999999999, "ACC_Q025": 0.325, "ACC_Q975": 0.9249999999999998, "DP_Q025": 0.0, "DP_Q975": 0.8499999999999996, "EOP_Q025": 0.0, "EOP_Q975": 1.0}