{"acc_dict": {"0": [0.45454545454545453], "1": [0.5555555555555556], "overall": [0.5]}, "pred_dict": {"0": [0.5555555555555556], "1": [0.7272727272727273], "overall": [0.65]}, "util": [-0.175], "DP": [0.1717171717171717], "EOP": [0.0]}