{"UTIL_mean": -0.175, "UTIL_FQ": -0.175, "UTIL_TQ": -0.175, "ACC_mean": 0.5, "ACC_FQ": 0.5, "ACC_TQ": 0.5, "DP_mean": 0.1717171717171717, "DP_FQ": 0.1717171717171717, "DP_TQ": 0.1717171717171717, "EOP_mean": 0.0, "EOP_FQ": 0.0, "EOP_TQ": 0.0, "UTIL_STD": 0.0, "ACC_STD": 0.0, "DP_STD": 0.0, "EOP_STD": 0.0, "UTIL_Q025": -0.175, "UTIL_Q975": -0.175, "ACC_Q025": 0.5, "ACC_Q975": 0.5, "DP_Q025": 0.1717171717171717, "DP_Q975": 0.1717171717171717, "EOP_Q025": 0.0, "EOP_Q975": 0.0}