{"ACC": {"0": [0.7977099236641222, 0.7982832618025751, 0.823076923076923, 0.803347280334728], "1": [0.8235294117647058, 0.797752808988764, 0.7666666666666667, 0.7816091954022989], "overall": [0.81, 0.798, 0.796, 0.792]}, "mean_pred": {"0": [0.21755725190839695, 0.23605150214592274, 0.22692307692307692, 0.18828451882845187], "1": [0.25210084033613445, 0.27715355805243447, 0.275, 0.18773946360153257], "overall": [0.234, 0.258, 0.25, 0.188]}, "Utility": [0.174, 0.17, 0.174, 0.138], "DP": [0.0345435884277375, 0.041102055906511725, 0.0480769230769231, 0.0005450552269193054], "TPR": [0.13988095238095233, 0.10496794871794868, 0.012834036568213802, 0.05059523809523808], "EO": [0.13988095238095233, 0.10496794871794868, 0.07698631938963431, 0.08079253315867038]}