{"UTIL": {"mean": -0.11842105263157894, "FQ": -0.25, "TQ": 0.0, "STD": 0.12482674974348867, "Q025": -0.25, "Q975": 0.0}, "ACC": {"mean": 0.5131578947368421, "FQ": 0.25, "TQ": 0.75, "STD": 0.24965349948697732, "Q025": 0.25, "Q975": 0.75}, "DP": {"mean": 0.0, "FQ": 0.0, "TQ": 0.0, "STD": 0.0, "Q025": 0.0, "Q975": 0.0}, "EOP": {"mean": 0.47368421052631576, "FQ": 0.0, "TQ": 1.0, "STD": 0.4993069989739547, "Q025": 0.0, "Q975": 1.0}}