{"UTIL": {"mean": -0.050231481481481474, "FQ": -0.1111111111111111, "TQ": 0.018518518518518517, "STD": 0.08061107867285425, "Q025": -0.19467592592592592, "Q975": 0.055787037037037024}, "ACC": {"mean": 0.6032407407407406, "FQ": 0.48148148148148145, "TQ": 0.7407407407407407, "STD": 0.1612221573457085, "Q025": 0.3143518518518518, "Q975": 0.8152777777777777}, "DP": {"mean": 0.26581346423562413, "FQ": 0.16129032258064513, "TQ": 0.36746143057503505, "STD": 0.16300086535386235, "Q025": 0.019424964936886394, "Q975": 0.5896213183730715}, "EOP": {"mean": 0.20416666666666666, "FQ": 0.08333333333333337, "TQ": 0.33333333333333337, "STD": 0.13559283412727482, "Q025": 0.0, "Q975": 0.4187499999999999}}