{"acc_dict": {"0": [0.7419354838709677, 0.6129032258064516, 0.3548387096774194, 0.3870967741935484, 0.6451612903225806, 0.8387096774193549, 0.5161290322580645, 0.8387096774193549, 0.6451612903225806, 0.6451612903225806, 0.7096774193548387, 0.7741935483870968, 0.6774193548387096, 0.7419354838709677, 0.8387096774193549, 0.7419354838709677, 0.7741935483870968, 0.16129032258064516, 0.8709677419354839, 0.6129032258064516, 0.12903225806451613, 0.8064516129032258, 0.6451612903225806, 0.1935483870967742, 0.7419354838709677, 0.3225806451612903, 0.22580645161290322, 0.6774193548387096, 0.4838709677419355, 0.8064516129032258, 0.8064516129032258, 0.7741935483870968, 0.9032258064516129, 0.8387096774193549, 0.22580645161290322, 0.2903225806451613, 0.7096774193548387, 0.4838709677419355, 0.16129032258064516, 0.9032258064516129], "1": [0.5652173913043478, 0.5652173913043478, 0.5652173913043478, 0.6086956521739131, 0.782608695652174, 0.7391304347826086, 0.6086956521739131, 0.782608695652174, 0.6956521739130435, 0.5652173913043478, 0.5652173913043478, 0.6956521739130435, 0.5217391304347826, 0.7391304347826086, 0.782608695652174, 0.782608695652174, 0.782608695652174, 0.4782608695652174, 0.782608695652174, 0.4782608695652174, 0.5652173913043478, 0.5217391304347826, 0.6086956521739131, 0.5217391304347826, 0.6086956521739131, 0.4782608695652174, 0.5217391304347826, 0.6086956521739131, 0.5217391304347826, 0.5652173913043478, 0.5652173913043478, 0.43478260869565216, 0.6086956521739131, 0.6521739130434783, 0.5217391304347826, 0.4782608695652174, 0.5217391304347826, 0.4782608695652174, 0.5217391304347826, 0.5652173913043478], "overall": [0.6666666666666666, 0.5925925925925926, 0.4444444444444444, 0.48148148148148145, 0.7037037037037037, 0.7962962962962963, 0.5555555555555556, 0.8148148148148148, 0.6666666666666666, 0.6111111111111112, 0.6481481481481481, 0.7407407407407407, 0.6111111111111112, 0.7407407407407407, 0.8148148148148148, 0.7592592592592593, 0.7777777777777778, 0.2962962962962963, 0.8333333333333334, 0.5555555555555556, 0.3148148148148148, 0.6851851851851852, 0.6296296296296297, 0.3333333333333333, 0.6851851851851852, 0.3888888888888889, 0.35185185185185186, 0.6481481481481481, 0.5, 0.7037037037037037, 0.7037037037037037, 0.6296296296296297, 0.7777777777777778, 0.7592592592592593, 0.35185185185185186, 0.37037037037037035, 0.6296296296296297, 0.48148148148148145, 0.3148148148148148, 0.7592592592592593]}, "pred_dict": {"0": [0.17391304347826086, 0.6086956521739131, 0.8695652173913043, 0.8260869565217391, 0.5652173913043478, 0.34782608695652173, 0.7391304347826086, 0.391304347826087, 0.7391304347826086, 0.782608695652174, 0.6956521739130435, 0.4782608695652174, 0.5652173913043478, 0.43478260869565216, 0.391304347826087, 0.391304347826087, 0.391304347826087, 0.9565217391304348, 0.391304347826087, 0.6086956521739131, 0.9565217391304348, 0.7391304347826086, 0.5652173913043478, 1.0, 0.8260869565217391, 0.9565217391304348, 1.0, 0.8260869565217391, 1.0, 0.782608695652174, 0.8695652173913043, 0.7391304347826086, 0.5652173913043478, 0.6956521739130435, 1.0, 0.9565217391304348, 0.391304347826087, 0.6956521739130435, 1.0, 0.08695652173913043], "1": [0.1935483870967742, 0.3870967741935484, 0.7741935483870968, 0.6129032258064516, 0.3548387096774194, 0.0967741935483871, 0.4838709677419355, 0.16129032258064516, 0.41935483870967744, 0.3548387096774194, 0.2903225806451613, 0.22580645161290322, 0.3225806451612903, 0.25806451612903225, 0.16129032258064516, 0.25806451612903225, 0.22580645161290322, 0.967741935483871, 0.12903225806451613, 0.3870967741935484, 1.0, 0.1935483870967742, 0.3548387096774194, 0.9354838709677419, 0.3225806451612903, 0.8064516129032258, 0.8387096774193549, 0.3870967741935484, 0.6451612903225806, 0.1935483870967742, 0.25806451612903225, 0.16129032258064516, 0.0967741935483871, 0.16129032258064516, 0.9032258064516129, 0.7096774193548387, 0.16129032258064516, 0.45161290322580644, 0.8387096774193549, 0.03225806451612903], "overall": [0.18518518518518517, 0.48148148148148145, 0.8148148148148148, 0.7037037037037037, 0.4444444444444444, 0.2037037037037037, 0.5925925925925926, 0.25925925925925924, 0.5555555555555556, 0.5370370370370371, 0.46296296296296297, 0.3333333333333333, 0.42592592592592593, 0.3333333333333333, 0.25925925925925924, 0.3148148148148148, 0.2962962962962963, 0.9629629629629629, 0.24074074074074073, 0.48148148148148145, 0.9814814814814815, 0.42592592592592593, 0.4444444444444444, 0.9629629629629629, 0.5370370370370371, 0.8703703703703703, 0.9074074074074074, 0.5740740740740741, 0.7962962962962963, 0.4444444444444444, 0.5185185185185185, 0.4074074074074074, 0.2962962962962963, 0.3888888888888889, 0.9444444444444444, 0.8148148148148148, 0.25925925925925924, 0.5555555555555556, 0.9074074074074074, 0.05555555555555555]}, "util": [-0.018518518518518517, -0.05555555555555555, -0.12962962962962962, -0.1111111111111111, 0.0, 0.046296296296296294, -0.07407407407407407, 0.05555555555555555, -0.018518518518518517, -0.046296296296296294, -0.027777777777777776, 0.018518518518518517, -0.046296296296296294, 0.018518518518518517, 0.05555555555555555, 0.027777777777777776, 0.037037037037037035, -0.2037037037037037, 0.06481481481481481, -0.07407407407407407, -0.19444444444444445, -0.009259259259259259, -0.037037037037037035, -0.18518518518518517, -0.009259259259259259, -0.1574074074074074, -0.17592592592592593, -0.027777777777777776, -0.10185185185185185, 0.0, 0.0, -0.037037037037037035, 0.037037037037037035, 0.027777777777777776, -0.17592592592592593, -0.16666666666666666, -0.037037037037037035, -0.1111111111111111, -0.19444444444444445, 0.027777777777777776], "DP": [0.019635343618513323, 0.2215988779803647, 0.09537166900420757, 0.2131837307152875, 0.2103786816269284, 0.2510518934081346, 0.25525946704067315, 0.23001402524544182, 0.3197755960729312, 0.4277699859747546, 0.40532959326788215, 0.25245441795231416, 0.24263674614305747, 0.1767180925666199, 0.23001402524544182, 0.13323983169705472, 0.16549789621318375, 0.011220196353436185, 0.26227208976157085, 0.2215988779803647, 0.04347826086956519, 0.5455820476858344, 0.2103786816269284, 0.06451612903225812, 0.5035063113604488, 0.15007012622720906, 0.16129032258064513, 0.43899018232819076, 0.3548387096774194, 0.5890603085553998, 0.6115007012622721, 0.5778401122019635, 0.46844319775596066, 0.5343618513323983, 0.09677419354838712, 0.24684431977559607, 0.23001402524544182, 0.24403927068723702, 0.16129032258064513, 0.0546984572230014], "EOP": [0.0, 0.16666666666666663, 0.08333333333333337, 0.41666666666666663, 0.33333333333333337, 0.33333333333333337, 0.33333333333333337, 0.16666666666666663, 0.16666666666666663, 0.33333333333333337, 0.25, 0.16666666666666663, 0.08333333333333337, 0.16666666666666663, 0.16666666666666663, 0.16666666666666663, 0.16666666666666663, 0.08333333333333337, 0.16666666666666663, 0.08333333333333337, 0.0, 0.25, 0.16666666666666663, 0.0, 0.16666666666666663, 0.08333333333333337, 0.25, 0.16666666666666663, 0.0, 0.33333333333333337, 0.16666666666666663, 0.41666666666666663, 0.16666666666666663, 0.33333333333333337, 0.0, 0.41666666666666663, 0.4166666666666667, 0.41666666666666663, 0.5, 0.08333333333333334]}