{"cum-loop-time": [0.6943559646606445, 1.4025828838348389, 2.251957893371582, 3.0169692039489746, 3.7436301708221436, 4.13303804397583, 4.8965370655059814, 5.403985977172852, 6.012822866439819, 6.77417778968811], "cum-varOracle-time": [0.6829781532287598, 1.3804011344909668, 2.2175941467285156, 2.971654176712036, 3.6861062049865723, 4.062774181365967, 4.814325571060181, 5.310344457626343, 5.903828382492065, 6.651390314102173], "num_lossOracle_calls": 10, "num_varOracle_calls": 10, "num_var_policies added": [0, 0, 0, 0, 0, 0, 0, 0, 0, 0]}