{"cum-loop-time": [0.3836400508880615, 0.7512331008911133, 1.195862054824829, 1.7259609699249268, 2.409722328186035, 2.898679256439209, 3.354360342025757, 3.775287389755249, 4.387247085571289, 4.999424934387207, 5.486820936203003, 6.0932297706604, 6.74790358543396, 7.423301458358765, 8.23116159439087, 8.798569679260254, 9.363097906112671, 10.248067140579224, 11.104275465011597, 11.818992614746094, 12.559180498123169, 13.436021566390991, 13.957422733306885, 14.590670585632324, 15.210768461227417, 15.888664484024048, 16.579325437545776, 17.237788438796997, 18.04663634300232, 18.883796215057373, 19.542614221572876, 20.197529315948486, 20.75675916671753, 21.435891151428223, 22.16647219657898, 22.8653085231781, 23.479621410369873, 24.22982430458069, 24.99052119255066, 25.771714210510254, 26.47760009765625], "cum-varOracle-time": [0.3728630542755127, 0.7244000434875488, 1.1536669731140137, 1.6663236618041992, 2.3386075496673584, 2.8111488819122314, 3.250617504119873, 3.6550543308258057, 4.247582197189331, 4.840805292129517, 5.312408208847046, 5.8955090045928955, 6.531758785247803, 7.190242528915405, 7.97919774055481, 8.528261661529541, 9.07369589805603, 9.939186096191406, 10.78386116027832, 11.482786893844604, 12.206045866012573, 13.062460660934448, 13.570231437683105, 14.187218427658081, 14.793235301971436, 15.45169448852539, 16.124845504760742, 16.765132427215576, 17.553855419158936, 18.374682664871216, 19.01991868019104, 19.661378622055054, 20.20700168609619, 20.86933159828186, 21.58222270011902, 22.26568865776062, 22.866527557373047, 23.59988570213318, 24.339770793914795, 25.105151891708374, 25.79657483100891], "num_lossOracle_calls": 41, "num_varOracle_calls": 41, "num_var_policies added": [0, 0, 0, 0, 0, 0, 0, 0, 0, 0, 0, 0, 0, 0, 0, 0, 0, 0, 0, 0, 0, 0, 0, 0, 0, 0, 0, 0, 0, 0, 0, 0, 0, 0, 0, 0, 0, 0, 0, 0, 0]}