{"UTIL": {"mean": -0.026999999999999996, "FQ": -0.05375, "TQ": 0.036875, "STD": 0.0849543995329259, "Q025": -0.1965, "Q975": 0.0519375}, "ACC": {"mean": 0.6609999999999999, "FQ": 0.6074999999999999, "TQ": 0.7887500000000001, "STD": 0.16990879906585182, "Q025": 0.322, "Q975": 0.818875}, "DP": {"mean": 0.1755608974358974, "FQ": 0.09575320512820511, "TQ": 0.2115384615384615, "STD": 0.12043642410240885, "Q025": 0.03349358974358967, "Q975": 0.41173878205128206}, "EOP": {"mean": 0.20428571428571426, "FQ": 0.15097402597402595, "TQ": 0.25162337662337664, "STD": 0.06264547919377027, "Q025": 0.12201298701298699, "Q975": 0.3052922077922078}}