{"acc_dict": {"0": [0.7916666666666666, 0.7916666666666666, 0.7395833333333334, 0.6458333333333334, 0.5208333333333334, 0.40625, 0.22916666666666666, 0.7083333333333334, 0.7708333333333334, 0.8229166666666666], "1": [0.8461538461538461, 0.8365384615384616, 0.8461538461538461, 0.8557692307692307, 0.8365384615384616, 0.4230769230769231, 0.3557692307692308, 0.47115384615384615, 0.5865384615384616, 0.7211538461538461], "overall": [0.82, 0.815, 0.795, 0.755, 0.685, 0.415, 0.295, 0.585, 0.675, 0.77]}, "pred_dict": {"0": [0.2403846153846154, 0.25, 0.2403846153846154, 0.19230769230769232, 0.23076923076923078, 0.7980769230769231, 0.8076923076923077, 0.6346153846153846, 0.4423076923076923, 0.36538461538461536], "1": [0.3333333333333333, 0.3541666666666667, 0.4270833333333333, 0.5208333333333334, 0.6666666666666666, 0.8229166666666666, 1.0, 0.4166666666666667, 0.3333333333333333, 0.3020833333333333], "overall": [0.285, 0.3, 0.33, 0.35, 0.44, 0.81, 0.9, 0.53, 0.39, 0.335]}, "util": [0.0525, 0.05, 0.04, 0.02, -0.015, -0.15, -0.21, -0.065, -0.02, 0.0275], "DP": [0.09294871794871792, 0.10416666666666669, 0.18669871794871792, 0.3285256410256411, 0.43589743589743585, 0.0248397435897435, 0.1923076923076923, 0.2179487179487179, 0.10897435897435898, 0.06330128205128205], "EOP": [0.14415584415584415, 0.18961038961038967, 0.2350649350649351, 0.29220779220779225, 0.3090909090909091, 0.17142857142857137, 0.2571428571428571, 0.11558441558441557, 0.18441558441558448, 0.14415584415584415]}