{"ACC_mean": 0.7658333333333334, "mean_pred_mean": 0.3591666666666667, "Utility_mean": 0.03875, "DP_mean": 0.022446717178031705}