{"ACC": {"0": [0.7816091954022989], "1": [0.7495769881556683], "overall": [0.7658333333333334]}, "mean_pred": {"0": [0.37055837563451777], "1": [0.34811165845648606], "overall": [0.3591666666666667]}, "Utility": [0.03875], "DP": [0.022446717178031705]}