{"ACC_mean": 0.7416666666666667, "mean_pred_mean": 0.385, "Utility_mean": 0.021666666666666667, "DP_mean": 0.05512907070757589}