{"ACC": {"0": [0.7257799671592775], "1": [0.7580372250423012], "overall": [0.7416666666666667]}, "mean_pred": {"0": [0.3570219966159052], "1": [0.4121510673234811], "overall": [0.385]}, "Utility": [0.021666666666666667], "DP": [0.05512907070757589]}