{"ACC": {"0": [0.8078817733990148, 0.80623973727422, 0.7963875205254516, 0.7848932676518884, 0.8078817733990148], "1": [0.8071065989847716, 0.7783417935702199, 0.8003384094754653, 0.8071065989847716, 0.7089678510998308], "overall": [0.8075, 0.7925, 0.7983333333333333, 0.7958333333333333, 0.7591666666666667]}, "mean_pred": {"0": [0.20304568527918782, 0.2927241962774958, 0.2436548223350254, 0.22673434856175972, 0.3993231810490694], "1": [0.19047619047619047, 0.2348111658456486, 0.277504105090312, 0.3021346469622332, 0.20032840722495895], "overall": [0.19666666666666666, 0.2633333333333333, 0.2608333333333333, 0.265, 0.29833333333333334]}, "Utility": [0.05333333333333334, 0.04583333333333333, 0.04875, 0.0475, 0.029166666666666667], "DP": [0.01256949480299735, 0.0579130304318472, 0.03384928275528659, 0.07540029840047346, 0.19899477382411043]}