{"ACC_mean": 0.7906666666666666, "mean_pred_mean": 0.2568333333333333, "Utility_mean": 0.04491666666666667, "DP_mean": 0.07574537604294301}