{"ACC": {"0": [0.7996715927750411, 0.7783251231527094, 0.7569786535303776, 0.7454844006568144, 0.7980295566502463], "1": [0.8206429780033841, 0.7225042301184433, 0.7241962774957699, 0.6988155668358714, 0.8138747884940778], "overall": [0.81, 0.7508333333333334, 0.7408333333333333, 0.7225, 0.8058333333333333]}, "mean_pred": {"0": [0.12859560067681894, 0.37225042301184436, 0.38747884940778343, 0.38917089678510997, 0.18612521150592218], "1": [0.23809523809523808, 0.3579638752052545, 0.36617405582922824, 0.34811165845648606, 0.23973727422003285], "overall": [0.18416666666666667, 0.365, 0.37666666666666665, 0.36833333333333335, 0.21333333333333335]}, "Utility": [0.057916666666666665, 0.028333333333333332, 0.023333333333333334, 0.014166666666666666, 0.05583333333333333], "DP": [0.10949963741841914, 0.014286547806589833, 0.021304793578555192, 0.041059238328623904, 0.053612062714110675]}