{"ACC_mean": 0.766, "mean_pred_mean": 0.3015, "Utility_mean": 0.035916666666666666, "DP_mean": 0.04795245596925975}