{"UTIL": {"mean": -0.12198795180722892, "FQ": -0.25, "TQ": 0.0, "STD": 0.12420819036454973, "Q025": -0.25, "Q975": 0.0}, "ACC": {"mean": 0.5060240963855421, "FQ": 0.25, "TQ": 0.75, "STD": 0.24841638072909947, "Q025": 0.25, "Q975": 0.75}, "DP": {"mean": 0.030120481927710843, "FQ": 0.0, "TQ": 0.0, "STD": 0.11896637143452708, "Q025": 0.0, "Q975": 0.5}, "EOP": {"mean": 0.5301204819277109, "FQ": 0.0, "TQ": 1.0, "STD": 0.49909193198091517, "Q025": 0.0, "Q975": 1.0}}