{"UTIL_mean": 0.009615384615384616, "UTIL_FQ": 0.0, "UTIL_TQ": 0.0, "ACC_mean": 0.7692307692307693, "ACC_FQ": 0.75, "ACC_TQ": 0.75, "DP_mean": 0.038461538461538464, "DP_FQ": 0.0, "DP_TQ": 0.0, "EOP_mean": 0.07692307692307693, "EOP_FQ": 0.0, "EOP_TQ": 0.0, "UTIL_STD": 0.03330866937632457, "ACC_STD": 0.06661733875264912, "DP_STD": 0.13323467750529827, "EOP_STD": 0.26646935501059654, "UTIL_Q025": 0.0, "UTIL_Q975": 0.08749999999999991, "ACC_Q025": 0.75, "ACC_Q975": 0.9249999999999998, "DP_Q025": 0.0, "DP_Q975": 0.34999999999999964, "EOP_Q025": 0.0, "EOP_Q975": 0.6999999999999993}