{"RT": 3.0640432569011034, "RT0": 7.0, "regt": [0, 0, 0, 1, 0.0, 1.0, -0.17597842294209798, -0.36812986031281425, 0.5, 1.0, 0.5, 0.0, 1.0, 1.0, 1.0, 0.0], "regt_cum": [0.0, 0.0, 0.0, 1.0, 1.0, 2.0, 1.824021577057902, 1.4558917167450878, 1.9558917167450878, 2.9558917167450875, 3.4558917167450875, 3.4558917167450875, 4.4558917167450875, 5.4558917167450875, 6.4558917167450875, 6.4558917167450875], "regt0": [0, 0, 0, 1, 0.0, 1.0, 0, 0, 0.5, 1.0, 0.5, 0.0, 1.0, 1.0, 1.0, 0.0], "regt0_cum": [0.0, 0.0, 0.0, 1.0, 1.0, 2.0, 2.0, 2.0, 2.5, 3.5, 4.0, 4.0, 5.0, 6.0, 7.0, 7.0], "regT": [-1, 1, -1, 1, 0.0, 1.0, -0.17597842294209798, -0.36812986031281425, -1.0037099639713378, 1.0, -0.3881384958726466, 0.0, 1.0, 1.0, 1.0, 0.0], "regT_cum": [-1.0, 0.0, -1.0, 0.0, 0.0, 1.0, 0.824021577057902, 0.45589171674508777, -0.54781824722625, 0.45218175277374995, 0.06404325690110335, 0.06404325690110335, 1.0640432569011034, 2.0640432569011034, 3.0640432569011034, 3.0640432569011034], "regT0": [0, 1, 0, 1, 0.0, 1.0, 0, 0, 0, 1.0, 0, 0.0, 1.0, 1.0, 1.0, 0.0], "regT0_cum": [0.0, 1.0, 1.0, 2.0, 2.0, 3.0, 3.0, 3.0, 3.0, 4.0, 4.0, 4.0, 5.0, 6.0, 7.0, 7.0]}