{"acc_dict": {"0": [0.7360406091370558, 0.754653130287648, 0.7258883248730964], "1": [0.7339901477832512, 0.7454844006568144, 0.7405582922824302], "overall": [0.735, 0.75, 0.7333333333333333]}, "pred_dict": {"0": [0.27749576988155666, 0.25549915397631134, 0.29441624365482233], "1": [0.4433497536945813, 0.3793103448275862, 0.39408866995073893], "overall": [0.3616666666666667, 0.31833333333333336, 0.345]}, "util": [0.0275, 0.035, 0.02666666666666667], "DP": [0.16585398381302463, 0.12381119085127484, 0.0996724262959166], "FPR": [0.095140129572483, 0.0649847508707343, 0.03297060256618481]}