{"cum-loop-time": [0.4695627689361572, 1.1396119594573975, 1.6949748992919922, 2.274077892303467, 3.1376187801361084, 3.8557827472686768, 4.659751892089844, 5.547156095504761, 6.046227931976318, 7.047701120376587, 7.645446062088013, 8.305047035217285, 9.071043252944946, 9.860032081604004, 10.770457029342651, 11.557388067245483, 12.906466960906982, 14.056265830993652, 15.191357851028442, 16.39889883995056, 17.659454822540283], "cum-varOracle-time": [0.45705485343933105, 1.1082510948181152, 1.6469230651855469, 2.2087130546569824, 3.0608572959899902, 3.7590854167938232, 4.543173551559448, 5.411405563354492, 5.896538496017456, 6.886282444000244, 7.470844507217407, 8.117919683456421, 8.86787462234497, 9.6419677734375, 10.534316062927246, 11.304306983947754, 12.638921976089478, 13.777363061904907, 14.899152994155884, 16.09439516067505, 17.341676950454712], "num_lossOracle_calls": 21, "num_varOracle_calls": 21, "num_var_policies added": [0, 0, 0, 0, 0, 0, 0, 0, 0, 0, 0, 0, 0, 0, 0, 0, 0, 0, 0, 0, 0]}