{"UTIL_mean": 0.03571428571428571, "UTIL_FQ": -0.0625, "UTIL_TQ": 0.125, "ACC_mean": 0.8214285714285714, "ACC_FQ": 0.625, "ACC_TQ": 1.0, "DP_mean": 0.42857142857142855, "DP_FQ": 0.5, "DP_TQ": 0.5, "EOP_mean": 0.7142857142857143, "EOP_FQ": 0.5, "EOP_TQ": 1.0, "UTIL_STD": 0.11007882148158887, "ACC_STD": 0.22015764296317775, "DP_STD": 0.1749635530559413, "EOP_STD": 0.45175395145262565, "UTIL_Q025": -0.125, "UTIL_Q975": 0.125, "ACC_Q025": 0.5, "ACC_Q975": 1.0, "DP_Q025": 0.07500000000000001, "DP_Q975": 0.5, "EOP_Q025": 0.0, "EOP_Q975": 1.0}