{"UTIL": {"mean": 0.05863636363636364, "FQ": 0.03375, "TQ": 0.08499999999999999, "STD": 0.037025231513051225, "Q025": 0.0, "Q975": 0.09625}, "ACC": {"mean": 0.7672727272727274, "FQ": 0.7175, "TQ": 0.8200000000000001, "STD": 0.07405046302610244, "Q025": 0.65, "Q975": 0.8425}, "DP": {"mean": 0.05536130536130537, "FQ": 0.005608974358974367, "TQ": 0.0845352564102564, "STD": 0.055533848864798355, "Q025": 0.0, "Q975": 0.16205929487179488}, "EOP": {"mean": 0.08214497920380273, "FQ": 0.0032679738562091387, "TQ": 0.14542483660130723, "STD": 0.09695150951385839, "Q025": 0.0, "Q975": 0.27818627450980393}}