{"acc_dict": {"0": [0.6458333333333334, 0.6458333333333334, 0.6458333333333334, 0.7916666666666666, 0.7708333333333334, 0.8541666666666666, 0.8541666666666666, 0.8333333333333334, 0.8541666666666666, 0.84375, 0.8229166666666666], "1": [0.6538461538461539, 0.6538461538461539, 0.6538461538461539, 0.7788461538461539, 0.8173076923076923, 0.8365384615384616, 0.8173076923076923, 0.7884615384615384, 0.8076923076923077, 0.7596153846153846, 0.7596153846153846], "overall": [0.65, 0.65, 0.65, 0.785, 0.795, 0.845, 0.835, 0.81, 0.83, 0.8, 0.79]}, "pred_dict": {"0": [0.0, 0.0, 0.0, 0.125, 0.18269230769230768, 0.2403846153846154, 0.18269230769230768, 0.3269230769230769, 0.15384615384615385, 0.10576923076923077, 0.375], "1": [0.0, 0.0, 0.0, 0.14583333333333334, 0.3541666666666667, 0.22916666666666666, 0.22916666666666666, 0.2708333333333333, 0.22916666666666666, 0.23958333333333334, 0.28125], "overall": [0.0, 0.0, 0.0, 0.135, 0.265, 0.235, 0.205, 0.3, 0.19, 0.17, 0.33]}, "util": [0.0, 0.0, 0.0, 0.0675, 0.0725, 0.0975, 0.0925, 0.08, 0.09, 0.075, 0.07], "DP": [0.0, 0.0, 0.0, 0.020833333333333343, 0.171474358974359, 0.011217948717948734, 0.046474358974358976, 0.05608974358974361, 0.0753205128205128, 0.1338141025641026, 0.09375], "EOP": [0.0, 0.0, 0.0, 0.05065359477124182, 0.17647058823529416, 0.006535947712418277, 0.11764705882352944, 0.019607843137254832, 0.17320261437908502, 0.31209150326797386, 0.04738562091503262]}