{"acc_dict": {"0": [0.7648054145516074, 0.7258883248730964, 0.6852791878172588, 0.7478849407783418, 0.8223350253807107], "1": [0.7947454844006568, 0.7586206896551724, 0.7553366174055829, 0.8029556650246306, 0.7980295566502463], "overall": [0.78, 0.7425, 0.7208333333333333, 0.7758333333333334, 0.81]}, "pred_dict": {"0": [0.23688663282571912, 0.3062605752961083, 0.377326565143824, 0.2639593908629442, 0.12859560067681894], "1": [0.27586206896551724, 0.38752052545155996, 0.15435139573070608, 0.26436781609195403, 0.27257799671592775], "overall": [0.25666666666666665, 0.3475, 0.26416666666666666, 0.26416666666666666, 0.20166666666666666]}, "util": [0.04083333333333333, 0.022083333333333333, 0.01125, 0.03875, 0.05583333333333333], "DP": [0.03897543613979812, 0.08125995015545168, 0.22297516941311793, 0.00040842522900985667, 0.1439823960391088], "FPR": [0.04966387707504459, 0.007522751177573506, 0.25951205012118717, 0.09417158275026294, 0.055620341153336084]}