{"UTIL_mean": 0.03375, "UTIL_FQ": 0.022083333333333333, "UTIL_TQ": 0.04083333333333333, "ACC_mean": 0.7658333333333334, "ACC_FQ": 0.7425, "ACC_TQ": 0.78, "DP_mean": 0.09752027539529728, "DP_FQ": 0.03897543613979812, "DP_TQ": 0.1439823960391088, "FPR_mean": 0.09329812045548086, "FPR_FQ": 0.04966387707504459, "FPR_TQ": 0.09417158275026294}