{"UTIL_mean": -0.020833333333333332, "UTIL_FQ": -0.03125, "UTIL_TQ": 0.0, "ACC_mean": 0.7083333333333334, "ACC_FQ": 0.6875, "ACC_TQ": 0.75, "DP_mean": 0.25, "DP_FQ": 0.0, "DP_TQ": 0.5, "EOP_mean": 0.5, "EOP_FQ": 0.0, "EOP_TQ": 1.0, "UTIL_STD": 0.06909634979907084, "ACC_STD": 0.13819269959814165, "DP_STD": 0.3227486121839514, "EOP_STD": 0.5, "UTIL_Q025": -0.125, "UTIL_Q975": 0.09062499999999996, "ACC_Q025": 0.5, "ACC_Q975": 0.9312499999999999, "DP_Q025": 0.0, "DP_Q975": 0.8624999999999998, "EOP_Q025": 0.0, "EOP_Q975": 1.0}