{"UTIL_mean": -0.1201923076923077, "UTIL_FQ": -0.25, "UTIL_TQ": 0.0, "ACC_mean": 0.5096153846153846, "ACC_FQ": 0.25, "ACC_TQ": 0.75, "DP_mean": 0.6730769230769231, "DP_FQ": 0.0, "DP_TQ": 1.0, "EOP_mean": 0.5128205128205128, "EOP_FQ": 0.0, "EOP_TQ": 1.0, "UTIL_STD": 0.12247826156593267, "ACC_STD": 0.24495652313186536, "DP_STD": 0.458725401610637, "EOP_STD": 0.4998356074261007, "UTIL_Q025": -0.25, "UTIL_Q975": 0.0, "ACC_Q025": 0.25, "ACC_Q975": 0.75, "DP_Q025": 0.0, "DP_Q975": 1.0, "EOP_Q025": 0.0, "EOP_Q975": 1.0}