{"UTIL_mean": 0.09424999999999999, "UTIL_FQ": 0.043750000000000004, "UTIL_TQ": 0.15, "ACC_mean": 0.7384999999999999, "ACC_FQ": 0.6375000000000001, "ACC_TQ": 0.85, "DP_mean": 0.5893939393939394, "DP_FQ": 0.41414141414141414, "DP_TQ": 0.9090909090909091, "EOP_mean": 0.6525, "EOP_FQ": 0.21875, "EOP_TQ": 1.0, "UTIL_STD": 0.0741497639915327, "ACC_STD": 0.14829952798306542, "DP_STD": 0.33371993191882027, "EOP_STD": 0.4083426869676987, "UTIL_Q025": -0.05, "UTIL_Q975": 0.175, "ACC_Q025": 0.45, "ACC_Q975": 0.9, "DP_Q025": 0.0, "DP_Q975": 0.9090909090909091, "EOP_Q025": 0.0, "EOP_Q975": 1.0}