{"acc_dict": {"0": [0.8181818181818182, 0.09090909090909091, 0.6363636363636364, 0.8181818181818182, 0.7272727272727273, 0.9090909090909091, 0.18181818181818182, 0.8181818181818182, 0.7272727272727273, 0.09090909090909091, 0.09090909090909091, 0.8181818181818182, 0.9090909090909091, 0.09090909090909091, 0.8181818181818182, 0.8181818181818182, 0.9090909090909091, 0.7272727272727273, 0.18181818181818182, 0.7272727272727273, 0.6363636363636364, 0.8181818181818182, 0.6363636363636364, 0.6363636363636364, 0.8181818181818182, 0.45454545454545453, 0.09090909090909091, 0.7272727272727273, 0.5454545454545454, 0.09090909090909091, 0.9090909090909091, 0.8181818181818182, 0.8181818181818182, 0.8181818181818182, 0.8181818181818182, 0.7272727272727273, 0.09090909090909091, 0.5454545454545454, 0.7272727272727273, 0.8181818181818182, 0.8181818181818182, 0.45454545454545453, 0.09090909090909091, 0.09090909090909091, 0.8181818181818182, 0.8181818181818182, 0.9090909090909091, 0.8181818181818182, 0.9090909090909091, 0.8181818181818182, 0.8181818181818182, 0.8181818181818182, 0.9090909090909091, 0.09090909090909091, 0.8181818181818182, 0.09090909090909091, 0.6363636363636364, 0.8181818181818182, 0.8181818181818182, 0.6363636363636364, 0.6363636363636364, 0.8181818181818182, 0.9090909090909091, 0.8181818181818182, 0.9090909090909091, 0.7272727272727273, 0.8181818181818182, 0.6363636363636364, 0.9090909090909091, 0.8181818181818182, 0.9090909090909091, 0.09090909090909091, 0.8181818181818182, 0.8181818181818182, 0.7272727272727273, 0.9090909090909091, 0.8181818181818182, 0.8181818181818182, 0.8181818181818182, 0.8181818181818182, 0.8181818181818182, 0.8181818181818182, 0.8181818181818182, 0.8181818181818182, 0.9090909090909091, 0.9090909090909091, 0.8181818181818182, 0.7272727272727273, 0.9090909090909091, 0.6363636363636364, 0.8181818181818182, 0.09090909090909091, 0.8181818181818182, 0.8181818181818182, 0.8181818181818182, 0.8181818181818182, 0.8181818181818182, 0.7272727272727273, 0.7272727272727273, 0.09090909090909091], "1": [0.8888888888888888, 0.8888888888888888, 0.8888888888888888, 0.8888888888888888, 0.8888888888888888, 0.5555555555555556, 0.8888888888888888, 0.8888888888888888, 0.4444444444444444, 0.8888888888888888, 0.8888888888888888, 0.8888888888888888, 0.2222222222222222, 0.8888888888888888, 0.8888888888888888, 0.8888888888888888, 0.3333333333333333, 0.7777777777777778, 0.8888888888888888, 0.8888888888888888, 0.7777777777777778, 1.0, 0.8888888888888888, 0.5555555555555556, 0.8888888888888888, 0.6666666666666666, 0.8888888888888888, 0.8888888888888888, 0.8888888888888888, 1.0, 0.7777777777777778, 0.6666666666666666, 0.8888888888888888, 0.8888888888888888, 0.8888888888888888, 0.8888888888888888, 0.8888888888888888, 0.6666666666666666, 0.8888888888888888, 0.8888888888888888, 0.8888888888888888, 0.7777777777777778, 0.8888888888888888, 0.8888888888888888, 0.8888888888888888, 0.7777777777777778, 0.7777777777777778, 1.0, 0.8888888888888888, 0.8888888888888888, 0.8888888888888888, 0.7777777777777778, 0.7777777777777778, 0.8888888888888888, 0.7777777777777778, 0.8888888888888888, 0.8888888888888888, 0.8888888888888888, 0.8888888888888888, 0.7777777777777778, 0.8888888888888888, 1.0, 0.5555555555555556, 0.7777777777777778, 1.0, 0.6666666666666666, 0.5555555555555556, 0.4444444444444444, 0.2222222222222222, 0.8888888888888888, 0.6666666666666666, 0.8888888888888888, 0.8888888888888888, 0.8888888888888888, 0.6666666666666666, 0.6666666666666666, 0.8888888888888888, 0.8888888888888888, 0.8888888888888888, 1.0, 0.8888888888888888, 0.8888888888888888, 0.8888888888888888, 0.8888888888888888, 0.5555555555555556, 0.1111111111111111, 0.8888888888888888, 0.5555555555555556, 0.5555555555555556, 0.8888888888888888, 1.0, 1.0, 0.8888888888888888, 1.0, 1.0, 0.8888888888888888, 0.8888888888888888, 0.8888888888888888, 0.8888888888888888, 0.8888888888888888], "overall": [0.85, 0.45, 0.75, 0.85, 0.8, 0.75, 0.5, 0.85, 0.6, 0.45, 0.45, 0.85, 0.6, 0.45, 0.85, 0.85, 0.65, 0.75, 0.5, 0.8, 0.7, 0.9, 0.75, 0.6, 0.85, 0.55, 0.45, 0.8, 0.7, 0.5, 0.85, 0.75, 0.85, 0.85, 0.85, 0.8, 0.45, 0.6, 0.8, 0.85, 0.85, 0.6, 0.45, 0.45, 0.85, 0.8, 0.85, 0.9, 0.9, 0.85, 0.85, 0.8, 0.85, 0.45, 0.8, 0.45, 0.75, 0.85, 0.85, 0.7, 0.75, 0.9, 0.75, 0.8, 0.95, 0.7, 0.7, 0.55, 0.6, 0.85, 0.8, 0.45, 0.85, 0.85, 0.7, 0.8, 0.85, 0.85, 0.85, 0.9, 0.85, 0.85, 0.85, 0.85, 0.75, 0.55, 0.85, 0.65, 0.75, 0.75, 0.9, 0.5, 0.85, 0.9, 0.9, 0.85, 0.85, 0.8, 0.8, 0.45]}, "pred_dict": {"0": [1.0, 1.0, 1.0, 1.0, 1.0, 0.6666666666666666, 1.0, 1.0, 0.3333333333333333, 1.0, 1.0, 1.0, 0.1111111111111111, 1.0, 1.0, 1.0, 0.4444444444444444, 0.6666666666666666, 1.0, 1.0, 0.6666666666666666, 0.8888888888888888, 1.0, 0.4444444444444444, 0.7777777777777778, 0.7777777777777778, 1.0, 1.0, 1.0, 0.8888888888888888, 0.8888888888888888, 0.7777777777777778, 1.0, 1.0, 1.0, 1.0, 1.0, 0.7777777777777778, 0.7777777777777778, 1.0, 1.0, 0.8888888888888888, 1.0, 1.0, 1.0, 0.8888888888888888, 0.6666666666666666, 0.8888888888888888, 1.0, 1.0, 1.0, 0.6666666666666666, 0.8888888888888888, 1.0, 0.6666666666666666, 1.0, 0.7777777777777778, 1.0, 1.0, 0.8888888888888888, 1.0, 0.8888888888888888, 0.4444444444444444, 0.6666666666666666, 0.8888888888888888, 0.7777777777777778, 0.6666666666666666, 0.5555555555555556, 0.1111111111111111, 1.0, 0.5555555555555556, 1.0, 1.0, 1.0, 0.7777777777777778, 0.7777777777777778, 1.0, 1.0, 1.0, 0.8888888888888888, 1.0, 1.0, 1.0, 1.0, 0.4444444444444444, 0.0, 1.0, 0.6666666666666666, 0.4444444444444444, 1.0, 0.8888888888888888, 0.8888888888888888, 1.0, 0.8888888888888888, 0.8888888888888888, 1.0, 1.0, 1.0, 1.0, 1.0], "1": [0.09090909090909091, 1.0, 0.45454545454545453, 0.09090909090909091, 0.18181818181818182, 0.0, 0.9090909090909091, 0.09090909090909091, 0.18181818181818182, 1.0, 1.0, 0.09090909090909091, 0.0, 1.0, 0.09090909090909091, 0.09090909090909091, 0.0, 0.18181818181818182, 0.9090909090909091, 0.18181818181818182, 0.45454545454545453, 0.09090909090909091, 0.2727272727272727, 0.2727272727272727, 0.09090909090909091, 0.45454545454545453, 1.0, 0.36363636363636365, 0.5454545454545454, 1.0, 0.0, 0.09090909090909091, 0.09090909090909091, 0.09090909090909091, 0.09090909090909091, 0.36363636363636365, 1.0, 0.36363636363636365, 0.36363636363636365, 0.09090909090909091, 0.09090909090909091, 0.45454545454545453, 1.0, 1.0, 0.09090909090909091, 0.09090909090909091, 0.0, 0.09090909090909091, 0.0, 0.09090909090909091, 0.09090909090909091, 0.09090909090909091, 0.0, 1.0, 0.09090909090909091, 1.0, 0.2727272727272727, 0.09090909090909091, 0.09090909090909091, 0.2727272727272727, 0.2727272727272727, 0.09090909090909091, 0.0, 0.09090909090909091, 0.0, 0.36363636363636365, 0.09090909090909091, 0.45454545454545453, 0.0, 0.09090909090909091, 0.0, 1.0, 0.09090909090909091, 0.09090909090909091, 0.18181818181818182, 0.0, 0.09090909090909091, 0.09090909090909091, 0.09090909090909091, 0.09090909090909091, 0.09090909090909091, 0.09090909090909091, 0.09090909090909091, 0.09090909090909091, 0.0, 0.0, 0.09090909090909091, 0.18181818181818182, 0.0, 0.2727272727272727, 0.09090909090909091, 1.0, 0.09090909090909091, 0.09090909090909091, 0.09090909090909091, 0.09090909090909091, 0.09090909090909091, 0.36363636363636365, 0.18181818181818182, 1.0], "overall": [0.5, 1.0, 0.7, 0.5, 0.55, 0.3, 0.95, 0.5, 0.25, 1.0, 1.0, 0.5, 0.05, 1.0, 0.5, 0.5, 0.2, 0.4, 0.95, 0.55, 0.55, 0.45, 0.6, 0.35, 0.4, 0.6, 1.0, 0.65, 0.75, 0.95, 0.4, 0.4, 0.5, 0.5, 0.5, 0.65, 1.0, 0.55, 0.55, 0.5, 0.5, 0.65, 1.0, 1.0, 0.5, 0.45, 0.3, 0.45, 0.45, 0.5, 0.5, 0.35, 0.4, 1.0, 0.35, 1.0, 0.5, 0.5, 0.5, 0.55, 0.6, 0.45, 0.2, 0.35, 0.4, 0.55, 0.35, 0.5, 0.05, 0.5, 0.25, 1.0, 0.5, 0.5, 0.45, 0.35, 0.5, 0.5, 0.5, 0.45, 0.5, 0.5, 0.5, 0.5, 0.2, 0.0, 0.5, 0.4, 0.2, 0.6, 0.45, 0.95, 0.5, 0.45, 0.45, 0.5, 0.5, 0.65, 0.55, 1.0]},