{"UTIL_mean": 0.03808333333333333, "UTIL_FQ": 0.03208333333333333, "UTIL_TQ": 0.0425, "ACC_mean": 0.767, "ACC_FQ": 0.755, "ACC_TQ": 0.7758333333333334, "DP_mean": 0.09166562476557226, "DP_FQ": 0.05354538104406825, "DP_TQ": 0.0846440449101048, "FPR_mean": 0.11945822921432678, "FPR_FQ": 0.06475908914933307, "FPR_TQ": 0.1576860357348162}