{"acc_dict": {"0": [0.7851099830795262, 0.7715736040609137, 0.7072758037225042, 0.7969543147208121, 0.7038917089678511], "1": [0.8013136288998358, 0.7799671592775042, 0.8013136288998358, 0.7372742200328407, 0.7832512315270936], "overall": [0.7933333333333333, 0.7758333333333334, 0.755, 0.7666666666666667, 0.7441666666666666]}, "pred_dict": {"0": [0.24196277495769883, 0.2622673434856176, 0.3637901861252115, 0.21996615905245348, 0.36717428087986465], "1": [0.2791461412151067, 0.32019704433497537, 0.2791461412151067, 0.44499178981937604, 0.3136288998357964], "overall": [0.2608333333333333, 0.2916666666666667, 0.32083333333333336, 0.33416666666666667, 0.34]}, "util": [0.05125, 0.0425, 0.03208333333333333, 0.03791666666666667, 0.02666666666666667], "DP": [0.037183366257407896, 0.05792970084935778, 0.0846440449101048, 0.22502563076692256, 0.05354538104406825], "FPR": [0.06475908914933307, 0.03666748788700008, 0.1955794882624151, 0.14259904503806942, 0.1576860357348162]}