{"UTIL": {"mean": -0.0625, "FQ": -0.125, "TQ": 0.0, "STD": 0.08838834764831845, "Q025": -0.228125, "Q975": 0.0}, "ACC": {"mean": 0.875, "FQ": 0.75, "TQ": 1.0, "STD": 0.1767766952966369, "Q025": 0.54375, "Q975": 1.0}, "DP": {"mean": 0.25, "FQ": 0.0, "TQ": 0.5, "STD": 0.3535533905932738, "Q025": 0.0, "Q975": 0.9125000000000001}, "EOP": {"mean": 0.0, "FQ": 0.0, "TQ": 0.0, "STD": 0.0, "Q025": 0.0, "Q975": 0.0}}