{"UTIL_mean": 0.048, "UTIL_FQ": 0.04541666666666667, "UTIL_TQ": 0.05291666666666667, "ACC_mean": 0.7943333333333333, "ACC_FQ": 0.7891666666666667, "ACC_TQ": 0.8041666666666667, "DP_mean": 0.12967917781500837, "DP_FQ": 0.11288373217307227, "DP_TQ": 0.16551224025405717, "FPR_mean": 0.11391787613450083, "FPR_FQ": 0.0748527790629266, "FPR_TQ": 0.13852190750355559}