{"acc_dict": {"0": [0.8274111675126904, 0.8274111675126904, 0.6920473773265652, 0.7969543147208121, 0.7834179357021996], "1": [0.7816091954022989, 0.8111658456486043, 0.8210180623973727, 0.7816091954022989, 0.819376026272578], "overall": [0.8041666666666667, 0.8191666666666667, 0.7575, 0.7891666666666667, 0.8016666666666666]}, "pred_dict": {"0": [0.18274111675126903, 0.12521150592216582, 0.42978003384094754, 0.233502538071066, 0.28426395939086296], "1": [0.39901477832512317, 0.23809523809523808, 0.277504105090312, 0.39901477832512317, 0.2857142857142857], "overall": [0.2925, 0.1825, 0.3525, 0.3175, 0.285]}, "util": [0.05291666666666667, 0.06041666666666667, 0.029583333333333333, 0.04541666666666667, 0.051666666666666666], "DP": [0.21627366157385414, 0.11288373217307227, 0.15227592875063556, 0.16551224025405717, 0.0014503263234227348], "FPR": [0.13852190750355559, 0.030974942453891714, 0.24113961285605762, 0.08410013879607259, 0.0748527790629266]}