{"UTIL_mean": 0.0455, "UTIL_FQ": 0.0455, "UTIL_TQ": 0.0455, "ACC_mean": 0.776, "ACC_FQ": 0.776, "ACC_TQ": 0.776, "DP_mean": 0.08767891101991793, "DP_FQ": 0.08767891101991793, "DP_TQ": 0.08767891101991793, "FPR_mean": 0.001989022985927291, "FPR_FQ": 0.001989022985927291, "FPR_TQ": 0.001989022985927291, "UTIL_STD": 0.0, "ACC_STD": 0.0, "DP_STD": 0.0, "FPR_STD": 0.0, "UTIL_Q025": 0.0455, "UTIL_Q975": 0.0455, "ACC_Q025": 0.776, "ACC_Q975": 0.776, "DP_Q025": 0.08767891101991793, "DP_Q975": 0.08767891101991793, "FPR_Q025": 0.001989022985927291, "FPR_Q975": 0.001989022985927291}