{"acc_dict": {"0": [0.7680412371134021], "1": [0.7834951456310679], "overall": [0.776]}, "pred_dict": {"0": [0.2948453608247423], "1": [0.3825242718446602], "overall": [0.34]}, "util": [0.0455], "DP": [0.08767891101991793], "FPR": [0.001989022985927291]}