{"acc_dict": {"0": [0.7681895093062606, 0.7732656514382402, 0.7140439932318104, 0.8291032148900169, 0.7495769881556683], "1": [0.7832512315270936, 0.7684729064039408, 0.7569786535303776, 0.7914614121510674, 0.7602627257799671], "overall": [0.7758333333333334, 0.7708333333333334, 0.7358333333333333, 0.81, 0.755]}, "pred_dict": {"0": [0.2893401015228426, 0.1455160744500846, 0.37055837563451777, 0.12351945854483926, 0.31810490693739424], "1": [0.16912972085385877, 0.12151067323481117, 0.34318555008210183, 0.2134646962233169, 0.32348111658456485], "overall": [0.22833333333333333, 0.13333333333333333, 0.3566666666666667, 0.16916666666666666, 0.32083333333333336]}, "util": [0.029166666666666667, 0.02666666666666667, 0.009166666666666667, 0.04625, 0.01875], "DP": [0.12021038066898385, 0.024005401215273434, 0.027372825552415936, 0.08994523767847765, 0.0053762096471706156], "FPR": [0.15324327837597765, 0.0817156660961501, 0.08978053166366967, 0.02059275949476786, 0.05021448534350151]}