{"UTIL_mean": 0.026, "UTIL_FQ": 0.01875, "UTIL_TQ": 0.029166666666666667, "ACC_mean": 0.7695000000000001, "ACC_FQ": 0.755, "ACC_TQ": 0.7758333333333334, "DP_mean": 0.053382010952464296, "DP_FQ": 0.024005401215273434, "DP_TQ": 0.08994523767847765, "FPR_mean": 0.07910934419481336, "FPR_FQ": 0.05021448534350151, "FPR_meanTQ": 0.08978053166366967}