{"ACC": {"0": [0.803347280334728, 0.7782258064516129, 0.7955555555555556, 0.7751004016064257], "1": [0.8620689655172413, 0.8373015873015873, 0.850909090909091, 0.8326693227091634], "overall": [0.834, 0.808, 0.826, 0.804]}, "mean_pred": {"0": [0.21338912133891214, 0.2782258064516129, 0.19555555555555557, 0.2971887550200803], "1": [0.1417624521072797, 0.1865079365079365, 0.17454545454545456, 0.21115537848605578], "overall": [0.176, 0.232, 0.184, 0.254]}, "Utility": [0.058, 0.05, 0.058, 0.053], "DP": [0.07162666923163244, 0.09171786994367637, 0.021010101010101007, 0.08603337653402451], "TPR": [0.017704517704517753, 0.02782131661442011, 0.06388253241800151, 0.02505330490405111], "EO": [0.03685927598971077, 0.03518041237113402, 0.06388253241800151, 0.06330698287220027]}