{"ACC_mean": 0.7638333333333334, "mean_pred_mean": 0.31416666666666665, "Utility_mean": 0.034416666666666665, "DP_mean": 0.15427637885190837}