{"ACC": {"0": [0.6896551724137931, 0.7947454844006568, 0.6929392446633826, 0.7684729064039408, 0.7307060755336617], "1": [0.7478849407783418, 0.8257191201353637, 0.8189509306260575, 0.7580372250423012, 0.8155668358714044], "overall": [0.7183333333333334, 0.81, 0.755, 0.7633333333333333, 0.7725]}, "mean_pred": {"0": [0.350253807106599, 0.13705583756345177, 0.20812182741116753, 0.3130287648054145, 0.17089678510998307], "1": [0.5008210180623974, 0.277504105090312, 0.4975369458128079, 0.3169129720853859, 0.3579638752052545], "overall": [0.4266666666666667, 0.20833333333333334, 0.355, 0.315, 0.2658333333333333]}, "Utility": [0.011666666666666667, 0.0575, 0.03, 0.034166666666666665, 0.03875], "DP": [0.15056721095579845, 0.1404482675268602, 0.28941511840164036, 0.0038842072799713523, 0.18706709009527145]}