{"acc_dict": {"0": [0.7291666666666666, 0.6354166666666666, 0.6145833333333334, 0.75, 0.78125, 0.6979166666666666, 0.6875, 0.7291666666666666, 0.6875, 0.6770833333333334], "1": [0.6826923076923077, 0.6153846153846154, 0.5865384615384616, 0.7019230769230769, 0.7019230769230769, 0.7211538461538461, 0.7596153846153846, 0.75, 0.7692307692307693, 0.7211538461538461], "overall": [0.705, 0.625, 0.6, 0.725, 0.74, 0.71, 0.725, 0.74, 0.73, 0.7]}, "pred_dict": {"0": [0.15384615384615385, 0.5288461538461539, 0.6346153846153846, 0.46153846153846156, 0.4423076923076923, 0.46153846153846156, 0.46153846153846156, 0.49038461538461536, 0.49038461538461536, 0.5192307692307693], "1": [0.09375, 0.4375, 0.5416666666666666, 0.4270833333333333, 0.3541666666666667, 0.4166666666666667, 0.4479166666666667, 0.46875, 0.4895833333333333, 0.5], "overall": [0.125, 0.485, 0.59, 0.445, 0.4, 0.44, 0.455, 0.48, 0.49, 0.51]}, "util": [0.0175, -0.0225, -0.035, 0.0275, 0.035, 0.02, 0.0275, 0.035, 0.03, 0.015], "DP": [0.060096153846153855, 0.09134615384615385, 0.09294871794871795, 0.03445512820512825, 0.0881410256410256, 0.04487179487179488, 0.013621794871794879, 0.021634615384615363, 0.0008012820512820484, 0.019230769230769273], "EOP": [0.13268292682926827, 0.04292682926829272, 0.019512195121951237, 0.1326829268292683, 0.07707317073170727, 0.011707317073170742, 0.0204878048780488, 0.07512195121951215, 0.01073170731707318, 0.035121951219512115]}