{"UTIL": {"mean": 0.015000000000000003, "FQ": 0.015625, "TQ": 0.029375, "STD": 0.022967368155711702, "Q025": -0.0321875, "Q975": 0.035}, "ACC": {"mean": 0.7000000000000001, "FQ": 0.7012499999999999, "TQ": 0.72875, "STD": 0.045934736311423405, "Q025": 0.605625, "Q975": 0.74}, "DP": {"mean": 0.0467147435897436, "FQ": 0.019831730769230796, "TQ": 0.08112980769230767, "STD": 0.032811594998633814, "Q025": 0.0036858974358974354, "Q975": 0.09258814102564103}, "EOP": {"mean": 0.05580487804878048, "FQ": 0.019756097560975627, "TQ": 0.0765853658536585, "STD": 0.04447496605498321, "Q025": 0.010951219512195132, "Q975": 0.1326829268292683}}