{"UTIL": {"mean": 0.012, "FQ": 0.0, "TQ": 0.023125, "STD": 0.014866068747318505, "Q025": -0.015125, "Q975": 0.03512499999999999}, "ACC": {"mean": 0.6940000000000001, "FQ": 0.67, "TQ": 0.71625, "STD": 0.02973213749463699, "Q025": 0.6397499999999999, "Q975": 0.74025}, "DP": {"mean": 0.14271336553945252, "FQ": 0.06511674718196458, "TQ": 0.2048107890499195, "STD": 0.10802827114554767, "Q025": 0.009289452495974236, "Q975": 0.37364130434782605}, "EOP": {"mean": 0.15055299539170508, "FQ": 0.07188940092165899, "TQ": 0.2099078341013825, "STD": 0.09120525862861213, "Q025": 0.024239631336405578, "Q975": 0.3135483870967742}}