{"acc_dict": {"0": [0.6759259259259259, 0.75, 0.7222222222222222, 0.6759259259259259, 0.7314814814814815, 0.75, 0.7870370370370371, 0.7222222222222222, 0.7314814814814815, 0.7685185185185185, 0.7592592592592593, 0.7777777777777778, 0.7777777777777778, 0.6759259259259259, 0.6574074074074074, 0.6851851851851852, 0.6944444444444444, 0.7037037037037037, 0.7407407407407407, 0.6944444444444444], "1": [0.7065217391304348, 0.6413043478260869, 0.7065217391304348, 0.6630434782608695, 0.6739130434782609, 0.6413043478260869, 0.6739130434782609, 0.7282608695652174, 0.7391304347826086, 0.717391304347826, 0.6739130434782609, 0.5978260869565217, 0.6304347826086957, 0.6630434782608695, 0.6739130434782609, 0.5760869565217391, 0.6521739130434783, 0.6304347826086957, 0.5978260869565217, 0.5869565217391305], "overall": [0.69, 0.7, 0.715, 0.67, 0.705, 0.7, 0.735, 0.725, 0.735, 0.745, 0.72, 0.695, 0.71, 0.67, 0.665, 0.635, 0.675, 0.67, 0.675, 0.645]}, "pred_dict": {"0": [0.1956521739130435, 0.21739130434782608, 0.2391304347826087, 0.41304347826086957, 0.3804347826086957, 0.5434782608695652, 0.3804347826086957, 0.13043478260869565, 0.14130434782608695, 0.22826086956521738, 0.29347826086956524, 0.5434782608695652, 0.5543478260869565, 0.391304347826087, 0.40217391304347827, 0.5217391304347826, 0.5543478260869565, 0.5543478260869565, 0.5652173913043478, 0.5108695652173914], "1": [0.12962962962962962, 0.2962962962962963, 0.26851851851851855, 0.42592592592592593, 0.24074074074074073, 0.2777777777777778, 0.24074074074074073, 0.21296296296296297, 0.2037037037037037, 0.2222222222222222, 0.26851851851851855, 0.1574074074074074, 0.19444444444444445, 0.5, 0.5370370370370371, 0.4166666666666667, 0.35185185185185186, 0.3425925925925926, 0.28703703703703703, 0.35185185185185186], "overall": [0.16, 0.26, 0.255, 0.42, 0.305, 0.4, 0.305, 0.175, 0.175, 0.225, 0.28, 0.335, 0.36, 0.45, 0.475, 0.465, 0.445, 0.44, 0.415, 0.425]}, "util": [0.01, 0.015, 0.0225, 0.0, 0.0175, 0.015, 0.0325, 0.0275, 0.0325, 0.0375, 0.025, 0.0125, 0.02, 0.0, -0.0025, -0.0175, 0.0025, 0.0, 0.0025, -0.0125], "DP": [0.06602254428341386, 0.0789049919484702, 0.029388083735909842, 0.012882447665056362, 0.13969404186795495, 0.2657004830917874, 0.13969404186795495, 0.08252818035426732, 0.06239935587761675, 0.006038647342995168, 0.0249597423510467, 0.38607085346215775, 0.3599033816425121, 0.10869565217391303, 0.13486312399355882, 0.10507246376811591, 0.20249597423510468, 0.21175523349436393, 0.27818035426731075, 0.1590177133655395], "EOP": [0.15483870967741936, 0.2811059907834101, 0.06635944700460827, 0.044239631336405516, 0.12350230414746549, 0.23133640552995394, 0.037788018433179804, 0.10967741935483871, 0.07741935483870971, 0.06635944700460827, 0.09124423963133638, 0.3096774193548387, 0.3170506912442396, 0.19078341013824884, 0.18709677419354842, 0.011981566820276512, 0.23502304147465436, 0.20276497695852536, 0.19907834101382493, 0.07373271889400923]}