{"acc_dict": {"0": [0.7208121827411168], "1": [0.6600985221674877], "overall": [0.69]}, "pred_dict": {"0": [0.08460236886632826], "1": [0.054187192118226604], "overall": [0.06916666666666667]}, "util": [-0.004583333333333333], "DP": [0.030415176748101652], "FPR": [0.03513328776486671]}