{"acc_dict": {"0": [0.78125, 0.7395833333333334, 0.7083333333333334, 0.7291666666666666, 0.75, 0.7291666666666666, 0.7604166666666666, 0.7708333333333334, 0.84375, 0.875], "1": [0.7692307692307693, 0.7115384615384616, 0.7211538461538461, 0.8173076923076923, 0.7596153846153846, 0.7980769230769231, 0.7596153846153846, 0.7980769230769231, 0.7788461538461539, 0.7884615384615384], "overall": [0.775, 0.725, 0.715, 0.775, 0.755, 0.765, 0.76, 0.785, 0.81, 0.83]}, "pred_dict": {"0": [0.3269230769230769, 0.4230769230769231, 0.49038461538461536, 0.3557692307692308, 0.2403846153846154, 0.2403846153846154, 0.2403846153846154, 0.27884615384615385, 0.3173076923076923, 0.2692307692307692], "1": [0.23958333333333334, 0.34375, 0.3541666666666667, 0.3541666666666667, 0.3125, 0.3541666666666667, 0.3020833333333333, 0.2916666666666667, 0.19791666666666666, 0.16666666666666666], "overall": [0.285, 0.385, 0.425, 0.355, 0.275, 0.295, 0.27, 0.285, 0.26, 0.22]}, "util": [0.0275, 0.0025, -0.0025, 0.0275, 0.0175, 0.0225, 0.02, 0.0325, 0.045, 0.055], "DP": [0.08733974358974358, 0.07932692307692307, 0.13621794871794868, 0.0016025641025640969, 0.07211538461538461, 0.1137820512820513, 0.061698717948717924, 0.01282051282051283, 0.11939102564102563, 0.10256410256410256], "EOP": [0.04761904761904767, 0.11904761904761907, 0.04761904761904756, 0.0714285714285714, 0.2142857142857143, 0.23809523809523803, 0.2142857142857143, 0.11904761904761907, 0.023809523809523836, 0.07142857142857151]}