{"UTIL": {"mean": 0.02475, "FQ": 0.018125000000000002, "TQ": 0.03125, "STD": 0.016486737093797547, "Q025": -0.0013750000000000001, "Q975": 0.05275}, "ACC": {"mean": 0.7695000000000001, "FQ": 0.7562500000000001, "TQ": 0.7825, "STD": 0.03297347418759511, "Q025": 0.7172499999999999, "Q975": 0.8254999999999999}, "DP": {"mean": 0.07868589743589742, "FQ": 0.0643028846153846, "TQ": 0.1109775641025641, "STD": 0.0417802323149901, "Q025": 0.004126602564102562, "Q975": 0.13243189102564099}, "EOP": {"mean": 0.1166666666666667, "FQ": 0.0535714285714286, "TQ": 0.1904761904761905, "STD": 0.07487707235007802, "Q025": 0.029166666666666674, "Q975": 0.2327380952380952}}