{"ACC": {"0": [0.7891613924050633, 0.7852056962025317, 0.7887658227848101], "1": [0.823220064724919, 0.787621359223301, 0.8070388349514563], "overall": [0.806, 0.7864, 0.7978]}, "mean_pred": {"0": [0.23417721518987342, 0.24604430379746836, 0.2567246835443038], "1": [0.20064724919093851, 0.25080906148867316, 0.2354368932038835], "overall": [0.2176, 0.2484, 0.2462]}, "Utility": [0.055, 0.0452, 0.0509], "DP": [0.0335299659989349, 0.004764757691204796, 0.021287790340420276], "TPR": [0.013790974575288328, 0.03118448216487435, 0.018931587559038565], "EO": [0.013790974575288328, 0.05629947189103314, 0.027470085260446586]}