{"UTIL": {"mean": -0.003968253968253968, "FQ": 0.0, "TQ": 0.009259259259259259, "STD": 0.02091453478947341, "Q025": -0.05555555555555555, "Q975": 0.018518518518518517}, "ACC": {"mean": 0.6772486772486771, "FQ": 0.6851851851851852, "TQ": 0.7037037037037037, "STD": 0.04182906957894682, "Q025": 0.5740740740740741, "Q975": 0.7222222222222222}, "DP": {"mean": 0.09022907900888265, "FQ": 0.0, "TQ": 0.17391304347826086, "STD": 0.09513204831722814, "Q025": 0.0, "Q975": 0.2615708274894811}, "EOP": {"mean": 0.15728715728715725, "FQ": 0.0, "TQ": 0.2424242424242424, "STD": 0.1976885644593484, "Q025": 0.0, "Q975": 0.5833333333333333}}