{"acc_dict": {"0": [0.6451612903225806, 0.6451612903225806, 0.6451612903225806, 0.6451612903225806, 0.6451612903225806, 0.6451612903225806, 0.6451612903225806, 0.6451612903225806, 0.6451612903225806, 0.6451612903225806, 0.6451612903225806, 0.6451612903225806, 0.6451612903225806, 0.6451612903225806, 0.6451612903225806, 0.6451612903225806, 0.6451612903225806, 0.6451612903225806, 0.5806451612903226, 0.6451612903225806, 0.6451612903225806], "1": [0.7391304347826086, 0.7391304347826086, 0.5217391304347826, 0.7391304347826086, 0.6956521739130435, 0.7391304347826086, 0.7391304347826086, 0.7391304347826086, 0.7391304347826086, 0.7391304347826086, 0.7391304347826086, 0.782608695652174, 0.8260869565217391, 0.782608695652174, 0.782608695652174, 0.782608695652174, 0.8260869565217391, 0.8260869565217391, 0.5217391304347826, 0.6521739130434783, 0.5652173913043478], "overall": [0.6851851851851852, 0.6851851851851852, 0.5925925925925926, 0.6851851851851852, 0.6666666666666666, 0.6851851851851852, 0.6851851851851852, 0.6851851851851852, 0.6851851851851852, 0.6851851851851852, 0.6851851851851852, 0.7037037037037037, 0.7222222222222222, 0.7037037037037037, 0.7037037037037037, 0.7037037037037037, 0.7222222222222222, 0.7222222222222222, 0.5555555555555556, 0.6481481481481481, 0.6111111111111112]}, "pred_dict": {"0": [0.0, 0.0, 0.21739130434782608, 0.17391304347826086, 0.043478260869565216, 0.0, 0.0, 0.0, 0.0, 0.0, 0.0, 0.043478260869565216, 0.08695652173913043, 0.043478260869565216, 0.043478260869565216, 0.21739130434782608, 0.2608695652173913, 0.17391304347826086, 0.391304347826087, 0.17391304347826086, 0.34782608695652173], "1": [0.0, 0.0, 0.0, 0.0, 0.0, 0.0, 0.0, 0.0, 0.0, 0.0, 0.0, 0.0, 0.0, 0.0, 0.0, 0.0, 0.0, 0.0, 0.12903225806451613, 0.0, 0.1935483870967742], "overall": [0.0, 0.0, 0.09259259259259259, 0.07407407407407407, 0.018518518518518517, 0.0, 0.0, 0.0, 0.0, 0.0, 0.0, 0.018518518518518517, 0.037037037037037035, 0.018518518518518517, 0.018518518518518517, 0.09259259259259259, 0.1111111111111111, 0.07407407407407407, 0.24074074074074073, 0.07407407407407407, 0.25925925925925924]}, "util": [0.0, 0.0, -0.046296296296296294, 0.0, -0.009259259259259259, 0.0, 0.0, 0.0, 0.0, 0.0, 0.0, 0.009259259259259259, 0.018518518518518517, 0.009259259259259259, 0.009259259259259259, 0.009259259259259259, 0.018518518518518517, 0.018518518518518517, -0.06481481481481481, -0.018518518518518517, -0.037037037037037035], "DP": [0.0, 0.0, 0.21739130434782608, 0.17391304347826086, 0.043478260869565216, 0.0, 0.0, 0.0, 0.0, 0.0, 0.0, 0.043478260869565216, 0.08695652173913043, 0.043478260869565216, 0.043478260869565216, 0.21739130434782608, 0.2608695652173913, 0.17391304347826086, 0.26227208976157085, 0.17391304347826086, 0.15427769985974754], "EOP": [0.0, 0.0, 0.0, 0.3333333333333333, 0.0, 0.0, 0.0, 0.0, 0.0, 0.0, 0.0, 0.16666666666666666, 0.3333333333333333, 0.16666666666666666, 0.16666666666666666, 0.5, 0.6666666666666666, 0.5, 0.2424242424242424, 0.16666666666666666, 0.06060606060606061]}