{"acc_dict": {"0": [0.71875, 0.6979166666666666, 0.6770833333333334, 0.6145833333333334, 0.4895833333333333, 0.4895833333333333, 0.4166666666666667, 0.3020833333333333, 0.3958333333333333, 0.53125, 0.40625, 0.5416666666666666, 0.5833333333333334, 0.5625, 0.5833333333333334, 0.4895833333333333, 0.6875, 0.4895833333333333, 0.6041666666666666, 0.7395833333333334, 0.6666666666666666, 0.6041666666666666, 0.6145833333333334, 0.5729166666666666], "1": [0.6057692307692307, 0.5769230769230769, 0.7596153846153846, 0.7019230769230769, 0.625, 0.6153846153846154, 0.5, 0.40384615384615385, 0.375, 0.5288461538461539, 0.38461538461538464, 0.5961538461538461, 0.6442307692307693, 0.7307692307692307, 0.6634615384615384, 0.6057692307692307, 0.6634615384615384, 0.5769230769230769, 0.625, 0.7115384615384616, 0.6442307692307693, 0.625, 0.6153846153846154, 0.625], "overall": [0.66, 0.635, 0.72, 0.66, 0.56, 0.555, 0.46, 0.355, 0.385, 0.53, 0.395, 0.57, 0.615, 0.65, 0.625, 0.55, 0.675, 0.535, 0.615, 0.725, 0.655, 0.615, 0.615, 0.6]}, "pred_dict": {"0": [0.10576923076923077, 0.11538461538461539, 0.41346153846153844, 0.5673076923076923, 0.6634615384615384, 0.6538461538461539, 0.8653846153846154, 0.9615384615384616, 0.9711538461538461, 0.8173076923076923, 0.9615384615384616, 0.75, 0.6634615384615384, 0.5961538461538461, 0.6826923076923077, 0.6634615384615384, 0.6826923076923077, 0.6346153846153846, 0.6634615384615384, 0.6346153846153846, 0.625, 0.625, 0.6346153846153846, 0.5865384615384616], "1": [0.08333333333333333, 0.08333333333333333, 0.3958333333333333, 0.5208333333333334, 0.6666666666666666, 0.6875, 0.8020833333333334, 0.9375, 0.8229166666666666, 0.6458333333333334, 0.7916666666666666, 0.65625, 0.5104166666666666, 0.6145833333333334, 0.5729166666666666, 0.5208333333333334, 0.53125, 0.5, 0.3854166666666667, 0.4583333333333333, 0.4895833333333333, 0.4479166666666667, 0.3541666666666667, 0.4375], "overall": [0.095, 0.1, 0.405, 0.545, 0.665, 0.67, 0.835, 0.95, 0.9, 0.735, 0.88, 0.705, 0.59, 0.605, 0.63, 0.595, 0.61, 0.57, 0.53, 0.55, 0.56, 0.54, 0.5, 0.515]}, "util": [-0.0075, -0.02, 0.0225, -0.0075, -0.0575, -0.06, -0.1075, -0.16, -0.145, -0.0725, -0.14, -0.0525, -0.03, -0.0125, -0.025, -0.0625, 0.0, -0.07, -0.03, 0.025, -0.01, -0.03, -0.03, -0.0375], "DP": [0.02243589743589744, 0.03205128205128206, 0.01762820512820512, 0.04647435897435892, 0.0032051282051281937, 0.033653846153846145, 0.06330128205128205, 0.024038461538461564, 0.14823717948717952, 0.17147435897435892, 0.16987179487179493, 0.09375, 0.1530448717948718, 0.018429487179487225, 0.10977564102564108, 0.14262820512820507, 0.1514423076923077, 0.13461538461538458, 0.27804487179487175, 0.17628205128205127, 0.13541666666666669, 0.17708333333333331, 0.2804487179487179, 0.14903846153846156], "EOP": [0.0050000000000000044, 0.020000000000000004, 0.08499999999999996, 0.08999999999999997, 0.07499999999999996, 0.010000000000000009, 0.05499999999999994, 0.015000000000000013, 0.029999999999999916, 0.10999999999999999, 0.06999999999999995, 0.06999999999999995, 0.21999999999999997, 0.08500000000000008, 0.1499999999999999, 0.32999999999999996, 0.029999999999999916, 0.29500000000000004, 0.395, 0.06999999999999995, 0.04999999999999993, 0.22499999999999998, 0.38499999999999995, 0.255]}