{"UTIL": {"mean": -0.04666666666666667, "FQ": -0.064375, "TQ": -0.011875000000000002, "STD": 0.048635906374703136, "Q025": -0.15137499999999998, "Q975": 0.0235625}, "ACC": {"mean": 0.5816666666666667, "FQ": 0.54625, "TQ": 0.6512500000000001, "STD": 0.09727181274940627, "Q025": 0.37225, "Q975": 0.7221249999999999}, "DP": {"mean": 0.11384882478632478, "FQ": 0.03325320512820512, "TQ": 0.1572516025641026, "STD": 0.07741428197856394, "Q025": 0.011498397435897428, "Q975": 0.2790665064102564}, "EOP": {"mean": 0.13020833333333331, "FQ": 0.04499999999999993, "TQ": 0.22124999999999997, "STD": 0.11952579190515976, "Q025": 0.007875000000000007, "Q975": 0.38925}}