{"UTIL_mean": -0.25, "UTIL_FQ": -0.5, "UTIL_TQ": 0.0, "ACC_mean": 0.5, "ACC_FQ": 0.0, "ACC_TQ": 1.0, "DP_mean": 0.11538461538461539, "DP_FQ": 0.0, "DP_TQ": 0.0, "EOP_mean": 0.0, "EOP_FQ": 0.0, "EOP_TQ": 0.0, "UTIL_STD": 0.22909381126292863, "ACC_STD": 0.45818762252585726, "DP_STD": 0.28781979898261084, "EOP_STD": 0.0, "UTIL_Q025": -0.5, "UTIL_Q975": 0.0, "ACC_Q025": 0.0, "ACC_Q975": 1.0, "DP_Q025": 0.0, "DP_Q975": 1.0, "EOP_Q025": 0.0, "EOP_Q975": 0.0}