{"UTIL": {"mean": -0.0069125, "FQ": -0.028125, "TQ": 0.0225, "STD": 0.04158122886291361, "Q025": -0.1000625, "Q975": 0.05}, "ACC": {"mean": 0.6711750000000001, "FQ": 0.62875, "TQ": 0.73, "STD": 0.08316245772582723, "Q025": 0.484875, "Q975": 0.785}, "DP": {"mean": 0.11985305958132045, "FQ": 0.02012882447665057, "TQ": 0.18760064412238325, "STD": 0.10178973092927258, "Q025": 0.001570048309178745, "Q975": 0.3526570048309179}, "EOP": {"mean": 0.11399999999999999, "FQ": 0.030303030303030304, "TQ": 0.18181818181818177, "STD": 0.10154479892719455, "Q025": 0.0, "Q975": 0.32530303030303054}}