{"ACC": {"0": [0.6813008130081301, 0.751219512195122], "1": [0.8170940170940171, 0.8324786324786325], "overall": [0.7475, 0.7908333333333334]}, "mean_pred": {"0": [0.23247863247863249, 0.2], "1": [0.5073170731707317, 0.359349593495935], "overall": [0.37333333333333335, 0.2816666666666667]}, "Utility": [0.020833333333333332, 0.0425], "DP": [0.27483844069209923, 0.15934959349593497]}