{"ACC_mean": 0.7691666666666668, "mean_pred_mean": 0.3275, "Utility_mean": 0.03166666666666667, "DP_mean": 0.2170940170940171}