{"UTIL": {"mean": -0.026200000000000005, "FQ": -0.0575, "TQ": 0.0, "STD": 0.05138637951831205, "Q025": -0.10200000000000001, "Q975": 0.07100000000000001}, "ACC": {"mean": 0.6426000000000001, "FQ": 0.58, "TQ": 0.695, "STD": 0.1027727590366241, "Q025": 0.491, "Q975": 0.837}, "DP": {"mean": 0.18266025641025643, "FQ": 0.12900641025641027, "TQ": 0.2467948717948718, "STD": 0.07861307272847996, "Q025": 0.027724358974358966, "Q975": 0.27884615384615385}, "EOP": {"mean": 0.19351351351351348, "FQ": 0.10585585585585577, "TQ": 0.25112612612612606, "STD": 0.14122526085666745, "Q025": 0.022747747747747685, "Q975": 0.5729729729729729}}