{"acc_dict": {"0": [0.75, 0.75, 0.8229166666666666, 0.84375, 0.8645833333333334, 0.625, 0.8645833333333334, 0.6875, 0.4375, 0.4375, 0.6458333333333334, 0.5208333333333334, 0.6041666666666666, 0.59375, 0.6666666666666666, 0.6875, 0.625, 0.6666666666666666, 0.5729166666666666, 0.6666666666666666, 0.6666666666666666, 0.5, 0.5625, 0.4375, 0.5520833333333334], "1": [0.8269230769230769, 0.8076923076923077, 0.8076923076923077, 0.7019230769230769, 0.8173076923076923, 0.7596153846153846, 0.8076923076923077, 0.6923076923076923, 0.7115384615384616, 0.7019230769230769, 0.5192307692307693, 0.6634615384615384, 0.5576923076923077, 0.5384615384615384, 0.6153846153846154, 0.5769230769230769, 0.5384615384615384, 0.5096153846153846, 0.4230769230769231, 0.5769230769230769, 0.5384615384615384, 0.5961538461538461, 0.6923076923076923, 0.5288461538461539, 0.5673076923076923], "overall": [0.79, 0.78, 0.815, 0.77, 0.84, 0.695, 0.835, 0.69, 0.58, 0.575, 0.58, 0.595, 0.58, 0.565, 0.64, 0.63, 0.58, 0.585, 0.495, 0.62, 0.6, 0.55, 0.63, 0.485, 0.56]}, "pred_dict": {"0": [0.20192307692307693, 0.27884615384615385, 0.27884615384615385, 0.057692307692307696, 0.3269230769230769, 0.28846153846153844, 0.16346153846153846, 0.5288461538461539, 0.5096153846153846, 0.5384615384615384, 0.7403846153846154, 0.5576923076923077, 0.7596153846153846, 0.7211538461538461, 0.7019230769230769, 0.7019230769230769, 0.7788461538461539, 0.6923076923076923, 0.7211538461538461, 0.6826923076923077, 0.7019230769230769, 0.41346153846153844, 0.49038461538461536, 0.46153846153846156, 0.46153846153846156], "1": [0.0, 0.0, 0.07291666666666667, 0.09375, 0.19791666666666666, 0.2708333333333333, 0.19791666666666666, 0.4166666666666667, 0.75, 0.7291666666666666, 0.4791666666666667, 0.6875, 0.5416666666666666, 0.5104166666666666, 0.4375, 0.4375, 0.5, 0.5208333333333334, 0.59375, 0.4583333333333333, 0.4375, 0.6458333333333334, 0.5833333333333334, 0.7083333333333334, 0.59375], "overall": [0.105, 0.145, 0.18, 0.075, 0.265, 0.28, 0.18, 0.475, 0.625, 0.63, 0.615, 0.62, 0.655, 0.62, 0.575, 0.575, 0.645, 0.61, 0.66, 0.575, 0.575, 0.525, 0.535, 0.58, 0.525]}, "util": [0.0475, 0.0425, 0.06, 0.0375, 0.0725, 0.0, 0.07, -0.0025, -0.0575, -0.06, -0.0575, -0.05, -0.0575, -0.065, -0.0275, -0.0325, -0.0575, -0.055, -0.1, -0.0375, -0.0475, -0.0725, -0.0325, -0.105, -0.0675], "DP": [0.20192307692307693, 0.27884615384615385, 0.20592948717948717, 0.036057692307692304, 0.12900641025641027, 0.01762820512820512, 0.034455128205128194, 0.11217948717948717, 0.24038461538461542, 0.1907051282051282, 0.26121794871794873, 0.1298076923076923, 0.21794871794871795, 0.21073717948717952, 0.26442307692307687, 0.26442307692307687, 0.27884615384615385, 0.17147435897435892, 0.12740384615384615, 0.2243589743589744, 0.26442307692307687, 0.23237179487179493, 0.09294871794871801, 0.2467948717948718, 0.13221153846153844], "EOP": [0.5405405405405406, 0.6216216216216216, 0.3299549549549549, 0.21283783783783783, 0.07770270270270274, 0.27590090090090086, 0.16554054054054052, 0.10247747747747749, 0.06418918918918914, 0.0045045045045044585, 0.11486486486486491, 0.10585585585585577, 0.1542792792792793, 0.15653153153153154, 0.23761261261261257, 0.14189189189189189, 0.19594594594594594, 0.09121621621621623, 0.13063063063063063, 0.11486486486486491, 0.12950450450450446, 0.27815315315315314, 0.03490990990990983, 0.3051801801801801, 0.25112612612612606]}