{"acc_dict": {"0": [0.7495769881556683], "1": [0.638752052545156], "overall": [0.6933333333333334]}, "pred_dict": {"0": [0.015228426395939087], "1": [0.016420361247947456], "overall": [0.015833333333333335]}, "util": [0.00375], "DP": [0.0011919348520083688], "FPR": [0.008042339331010123]}