{"acc_dict": {"0": [0.7174280879864636, 0.7140439932318104, 0.7411167512690355, 0.6988155668358714, 0.7918781725888325], "1": [0.7799671592775042, 0.7832512315270936, 0.7914614121510674, 0.7389162561576355, 0.7980295566502463], "overall": [0.7491666666666666, 0.7491666666666666, 0.7666666666666667, 0.7191666666666666, 0.795]}, "pred_dict": {"0": [0.34686971235194586, 0.350253807106599, 0.3062605752961083, 0.3824027072758037, 0.22165820642978004], "1": [0.34318555008210183, 0.21182266009852216, 0.30870279146141216, 0.41707717569786534, 0.2988505747126437], "overall": [0.345, 0.28, 0.3075, 0.4, 0.2608333333333333]}, "util": [0.023333333333333334, 0.023333333333333334, 0.03208333333333333, 0.008333333333333333, 0.04625], "DP": [0.003684162269844027, 0.13843114700807682, 0.0024422161653038787, 0.03467446842206162, 0.07719236828286366], "FPR": [0.07701412451668901, 0.1825760052304675, 0.06801862226781347, 0.027420500276177706, 0.01119928757425799]}