{"UTIL_mean": 0.026666666666666665, "UTIL_FQ": 0.023333333333333334, "UTIL_TQ": 0.03208333333333333, "ACC_mean": 0.7558333333333334, "ACC_FQ": 0.7491666666666666, "ACC_TQ": 0.7666666666666667, "DP_mean": 0.05128487242963, "DP_FQ": 0.003684162269844027, "DP_TQ": 0.07719236828286366, "FPR_mean": 0.07324570797308114, "FPR_FQ": 0.027420500276177706, "FPR_TQ": 0.07701412451668901}