{"ACC": {"0": [0.8023850085178875, 0.7955706984667802], "1": [0.768352365415987, 0.7699836867862969], "overall": [0.785, 0.7825]}, "mean_pred": {"0": [0.31484502446982054, 0.3034257748776509], "1": [0.24872231686541738, 0.21805792163543442], "overall": [0.2825, 0.26166666666666666]}, "Utility": [0.04958333333333333, 0.04833333333333333], "DP": [0.06612270760440317, 0.08536785324221646]}