{"ACC_mean": 0.78375, "mean_pred_mean": 0.27208333333333334, "Utility_mean": 0.04895833333333333, "DP_mean": 0.07574528042330982}