{"UTIL_mean": -0.12781690140845067, "UTIL_FQ": -0.15, "UTIL_TQ": -0.1, "ACC_mean": 0.5943661971830986, "ACC_FQ": 0.55, "ACC_TQ": 0.65, "DP_mean": 0.1256224213970693, "DP_FQ": 0.010101010101010166, "DP_TQ": 0.19191919191919193, "EOP_mean": 0.1267605633802817, "EOP_FQ": 0.0, "EOP_TQ": 0.0, "UTIL_STD": 0.027369824989871512, "ACC_STD": 0.05473964997974302, "DP_STD": 0.10881408941224939, "EOP_STD": 0.31081797874244943, "UTIL_Q025": -0.18124999999999997, "UTIL_Q975": -0.075, "ACC_Q025": 0.4875, "ACC_Q975": 0.7, "DP_Q025": 0.010101010101010166, "DP_Q975": 0.34595959595959597, "EOP_Q025": 0.0, "EOP_Q975": 1.0}