{"acc_dict": {"0": [0.5454545454545454, 0.5454545454545454, 0.45454545454545453, 0.7272727272727273, 0.5454545454545454, 0.5454545454545454, 0.5454545454545454, 0.8181818181818182, 0.6363636363636364, 0.6363636363636364, 0.6363636363636364, 0.5454545454545454, 0.5454545454545454, 0.5454545454545454, 0.6363636363636364, 0.6363636363636364, 0.5454545454545454, 0.6363636363636364, 0.5454545454545454, 0.6363636363636364, 0.5454545454545454, 0.5454545454545454, 0.6363636363636364, 0.5454545454545454, 0.6363636363636364, 0.6363636363636364, 0.5454545454545454, 0.5454545454545454, 0.45454545454545453, 0.5454545454545454, 0.45454545454545453, 0.6363636363636364, 0.7272727272727273, 0.5454545454545454, 0.5454545454545454, 0.6363636363636364, 0.45454545454545453, 0.5454545454545454, 0.5454545454545454, 0.5454545454545454, 0.5454545454545454, 0.5454545454545454, 0.5454545454545454, 0.7272727272727273, 0.5454545454545454, 0.5454545454545454, 0.6363636363636364, 0.45454545454545453, 0.5454545454545454, 0.5454545454545454, 0.5454545454545454, 0.5454545454545454, 0.5454545454545454, 0.45454545454545453, 0.5454545454545454, 0.7272727272727273, 0.6363636363636364, 0.6363636363636364, 0.5454545454545454, 0.5454545454545454, 0.5454545454545454, 0.5454545454545454, 0.7272727272727273, 0.6363636363636364, 0.5454545454545454, 0.7272727272727273, 0.5454545454545454, 0.5454545454545454, 0.5454545454545454, 0.5454545454545454, 0.6363636363636364], "1": [0.6666666666666666, 0.7777777777777778, 0.4444444444444444, 0.5555555555555556, 0.6666666666666666, 0.5555555555555556, 0.4444444444444444, 0.6666666666666666, 0.6666666666666666, 0.5555555555555556, 0.6666666666666666, 0.4444444444444444, 0.6666666666666666, 0.5555555555555556, 0.6666666666666666, 0.6666666666666666, 0.5555555555555556, 0.6666666666666666, 0.5555555555555556, 0.5555555555555556, 0.6666666666666666, 0.6666666666666666, 0.5555555555555556, 0.8888888888888888, 0.5555555555555556, 0.4444444444444444, 0.5555555555555556, 0.5555555555555556, 0.5555555555555556, 0.6666666666666666, 0.5555555555555556, 0.6666666666666666, 0.3333333333333333, 0.4444444444444444, 0.5555555555555556, 0.6666666666666666, 0.4444444444444444, 0.6666666666666666, 0.5555555555555556, 0.6666666666666666, 0.6666666666666666, 0.6666666666666666, 0.6666666666666666, 0.4444444444444444, 0.6666666666666666, 0.6666666666666666, 0.6666666666666666, 0.6666666666666666, 0.6666666666666666, 0.6666666666666666, 0.6666666666666666, 0.6666666666666666, 0.6666666666666666, 0.6666666666666666, 0.6666666666666666, 0.5555555555555556, 0.6666666666666666, 0.5555555555555556, 0.6666666666666666, 0.5555555555555556, 0.6666666666666666, 0.5555555555555556, 0.5555555555555556, 0.6666666666666666, 0.5555555555555556, 0.6666666666666666, 0.6666666666666666, 0.7777777777777778, 0.6666666666666666, 0.6666666666666666, 0.6666666666666666], "overall": [0.6, 0.65, 0.45, 0.65, 0.6, 0.55, 0.5, 0.75, 0.65, 0.6, 0.65, 0.5, 0.6, 0.55, 0.65, 0.65, 0.55, 0.65, 0.55, 0.6, 0.6, 0.6, 0.6, 0.7, 0.6, 0.55, 0.55, 0.55, 0.5, 0.6, 0.5, 0.65, 0.55, 0.5, 0.55, 0.65, 0.45, 0.6, 0.55, 0.6, 0.6, 0.6, 0.6, 0.6, 0.6, 0.6, 0.65, 0.55, 0.6, 0.6, 0.6, 0.6, 0.6, 0.55, 0.6, 0.65, 0.65, 0.6, 0.6, 0.55, 0.6, 0.55, 0.65, 0.65, 0.55, 0.7, 0.6, 0.65, 0.6, 0.6, 0.65]}, "pred_dict": {"0": [0.5555555555555556, 0.4444444444444444, 0.5555555555555556, 0.6666666666666666, 0.5555555555555556, 0.6666666666666666, 0.7777777777777778, 0.5555555555555556, 0.5555555555555556, 0.6666666666666666, 0.5555555555555556, 0.7777777777777778, 0.5555555555555556, 0.6666666666666666, 0.3333333333333333, 0.5555555555555556, 0.6666666666666666, 0.3333333333333333, 0.6666666666666666, 0.6666666666666666, 0.5555555555555556, 0.5555555555555556, 0.4444444444444444, 0.3333333333333333, 0.6666666666666666, 0.7777777777777778, 0.6666666666666666, 0.6666666666666666, 0.6666666666666666, 0.5555555555555556, 0.6666666666666666, 0.5555555555555556, 0.8888888888888888, 0.7777777777777778, 0.6666666666666666, 0.5555555555555556, 0.7777777777777778, 0.5555555555555556, 0.6666666666666666, 0.5555555555555556, 0.5555555555555556, 0.5555555555555556, 0.5555555555555556, 0.7777777777777778, 0.5555555555555556, 0.5555555555555556, 0.5555555555555556, 0.5555555555555556, 0.5555555555555556, 0.5555555555555556, 0.5555555555555556, 0.5555555555555556, 0.5555555555555556, 0.5555555555555556, 0.5555555555555556, 0.6666666666666666, 0.5555555555555556, 0.6666666666666666, 0.5555555555555556, 0.6666666666666666, 0.5555555555555556, 0.6666666666666666, 0.6666666666666666, 0.5555555555555556, 0.6666666666666666, 0.5555555555555556, 0.5555555555555556, 0.4444444444444444, 0.5555555555555556, 0.5555555555555556, 0.5555555555555556], "1": [0.5454545454545454, 0.5454545454545454, 0.45454545454545453, 0.36363636363636365, 0.36363636363636365, 0.5454545454545454, 0.5454545454545454, 0.2727272727272727, 0.45454545454545453, 0.45454545454545453, 0.45454545454545453, 0.5454545454545454, 0.5454545454545454, 0.5454545454545454, 0.45454545454545453, 0.45454545454545453, 0.5454545454545454, 0.45454545454545453, 0.5454545454545454, 0.45454545454545453, 0.5454545454545454, 0.5454545454545454, 0.45454545454545453, 0.5454545454545454, 0.45454545454545453, 0.45454545454545453, 0.5454545454545454, 0.5454545454545454, 0.45454545454545453, 0.5454545454545454, 0.6363636363636364, 0.45454545454545453, 0.36363636363636365, 0.5454545454545454, 0.5454545454545454, 0.45454545454545453, 0.45454545454545453, 0.5454545454545454, 0.5454545454545454, 0.5454545454545454, 0.5454545454545454, 0.5454545454545454, 0.5454545454545454, 0.36363636363636365, 0.5454545454545454, 0.5454545454545454, 0.45454545454545453, 0.45454545454545453, 0.5454545454545454, 0.5454545454545454, 0.5454545454545454, 0.5454545454545454, 0.36363636363636365, 0.6363636363636364, 0.5454545454545454, 0.36363636363636365, 0.45454545454545453, 0.45454545454545453, 0.5454545454545454, 0.5454545454545454, 0.36363636363636365, 0.5454545454545454, 0.36363636363636365, 0.45454545454545453, 0.5454545454545454, 0.36363636363636365, 0.5454545454545454, 0.5454545454545454, 0.5454545454545454, 0.36363636363636365, 0.45454545454545453], "overall": [0.55, 0.5, 0.5, 0.5, 0.45, 0.6, 0.65, 0.4, 0.5, 0.55, 0.5, 0.65, 0.55, 0.6, 0.4, 0.5, 0.6, 0.4, 0.6, 0.55, 0.55, 0.55, 0.45, 0.45, 0.55, 0.6, 0.6, 0.6, 0.55, 0.55, 0.65, 0.5, 0.6, 0.65, 0.6, 0.5, 0.6, 0.55, 0.6, 0.55, 0.55, 0.55, 0.55, 0.55, 0.55, 0.55, 0.5, 0.5, 0.55, 0.55, 0.55, 0.55, 0.45, 0.6, 0.55, 0.5, 0.5, 0.55, 0.55, 0.6, 0.45, 0.6, 0.5, 0.5, 0.6, 0.45, 0.55, 0.5, 0.55, 0.45, 0.5]}, "util": [-0.125, -0.1, -0.2, -0.1, -0.125, -0.15, -0.175, -0.05, -0.1, -0.125, -0.1, -0.175, -0.125, -0.15, -0.1, -0.1, -0.15, -0.1, -0.15, -0.125, -0.125, -0.125, -0.125, -0.075, -0.125, -0.15, -0.15, -0.15, -0.175, -0.125, -0.175, -0.1, -0.15, -0.175, -0.15, -0.1, -0.2, -0.125, -0.15, -0.125, -0.125, -0.125, -0.125, -0.125, -0.125, -0.125, -0.1, -0.15, -0.125, -0.125, -0.125, -0.125, -0.125, -0.15, -0.125, -0.1, -0.1, -0.125, -0.125, -0.15, -0.125, -0.15, -0.1, -0.1, -0.15, -0.075, -0.125, -0.1, -0.125, -0.125, -0.1],