{"acc_dict": {"0": [0.8240270727580372, 0.7241962774957699, 0.7901861252115059, 0.7681895093062606, 0.7868020304568528], "1": [0.812807881773399, 0.8095238095238095, 0.7848932676518884, 0.7619047619047619, 0.819376026272578], "overall": [0.8183333333333334, 0.7675, 0.7875, 0.765, 0.8033333333333333]}, "pred_dict": {"0": [0.19796954314720813, 0.3587140439932318, 0.2622673434856176, 0.2876480541455161, 0.26903553299492383], "1": [0.3103448275862069, 0.3070607553366174, 0.367816091954023, 0.47619047619047616, 0.3070607553366174], "overall": [0.255, 0.3325, 0.31583333333333335, 0.38333333333333336, 0.28833333333333333]}, "util": [0.0625, 0.037083333333333336, 0.04708333333333333, 0.035833333333333335, 0.055], "DP": [0.11237528443899877, 0.05165328865661439, 0.1055487484684054, 0.18854242204496008, 0.03802522234169359], "FPR": [0.014508928571428575, 0.15736607142857145, 0.01748511904761907, 0.09040178571428573, 0.06473214285714285]}