{"UTIL_mean": 0.0475, "UTIL_FQ": 0.037083333333333336, "UTIL_TQ": 0.055, "ACC_mean": 0.7883333333333333, "ACC_FQ": 0.7675, "ACC_TQ": 0.8033333333333333, "DP_mean": 0.09922899319013445, "DP_FQ": 0.05165328865661439, "DP_TQ": 0.11237528443899877, "FPR_mean": 0.06889880952380953, "FPR_FQ": 0.01748511904761907, "FPR_TQ": 0.09040178571428573}