{"UTIL": {"mean": -0.23397435897435898, "FQ": -0.5, "TQ": 0.0, "STD": 0.242151625224668, "Q025": -0.5, "Q975": 0.0}, "ACC": {"mean": 0.532051282051282, "FQ": 0.0, "TQ": 1.0, "STD": 0.484303250449336, "Q025": 0.0, "Q975": 1.0}, "DP": {"mean": 0.038461538461538464, "FQ": 0.0, "TQ": 0.0, "STD": 0.13323467750529824, "Q025": 0.0, "Q975": 0.5}, "EOP": {"mean": 0.0, "FQ": 0.0, "TQ": 0.0, "STD": 0.0, "Q025": 0.0, "Q975": 0.0}}