{"UTIL_mean": -0.05704225352112676, "UTIL_FQ": -0.075, "UTIL_TQ": -0.025, "ACC_mean": 0.6359154929577464, "ACC_FQ": 0.6, "ACC_TQ": 0.7, "DP_mean": 0.11779769526248407, "DP_FQ": 0.030303030303030304, "DP_TQ": 0.19191919191919193, "EOP_mean": 0.2793427230046948, "EOP_FQ": 0.16666666666666663, "EOP_TQ": 0.5, "UTIL_STD": 0.03662310385216841, "ACC_STD": 0.07324620770433682, "DP_STD": 0.09573572979334187, "EOP_STD": 0.17861983455161318, "UTIL_Q025": -0.125, "UTIL_Q975": 0.00625, "ACC_Q025": 0.5, "ACC_Q975": 0.7625, "DP_Q025": 0.01010101010101011, "DP_Q975": 0.3939393939393939, "EOP_Q025": 0.0, "EOP_Q975": 0.5416666666666666}