{"UTIL_mean": -0.05399999999999999, "UTIL_FQ": -0.075, "UTIL_TQ": 0.0, "ACC_mean": 0.7419999999999999, "ACC_FQ": 0.7, "ACC_TQ": 0.85, "DP_mean": 0.08909090909090908, "DP_FQ": 0.0, "DP_TQ": 0.14141414141414144, "EOP_mean": 0.175, "EOP_FQ": 0.0, "EOP_TQ": 0.0, "UTIL_STD": 0.09039634948381489, "ACC_STD": 0.18079269896762976, "DP_STD": 0.12274601843784023, "EOP_STD": 0.3418698582794336, "UTIL_Q025": -0.325, "UTIL_Q975": 0.013124999999999788, "ACC_Q025": 0.2, "ACC_Q975": 0.8762499999999995, "DP_Q025": 0.0, "DP_Q975": 0.40126262626262543, "EOP_Q025": 0.0, "EOP_Q975": 1.0}