{"UTIL": {"mean": -0.062407407407407404, "FQ": -0.09259259259259259, "TQ": -0.018518518518518517, "STD": 0.0632769946515019, "Q025": -0.18518518518518517, "Q975": 0.05555555555555555}, "ACC": {"mean": 0.5603703703703704, "FQ": 0.5, "TQ": 0.6481481481481481, "STD": 0.1265539893030038, "Q025": 0.3148148148148148, "Q975": 0.7962962962962963}, "DP": {"mean": 0.16719495091164094, "FQ": 0.07959326788218796, "TQ": 0.2317671809256662, "STD": 0.11401813685319624, "Q025": 0.0, "Q975": 0.4151472650771388}, "EOP": {"mean": 0.16416666666666668, "FQ": 0.06944444444444442, "TQ": 0.2222222222222222, "STD": 0.14288528162026942, "Q025": 0.0, "Q975": 0.5142361111111111}}