{"ACC": {"0": [0.7741935483870968, 0.8054474708171206, 0.7957446808510639, 0.7768924302788844], "1": [0.8293650793650794, 0.8395061728395061, 0.8075471698113208, 0.8554216867469879], "overall": [0.802, 0.822, 0.802, 0.816]}, "mean_pred": {"0": [0.11693548387096774, 0.1867704280155642, 0.14042553191489363, 0.1593625498007968], "1": [0.11507936507936507, 0.13580246913580246, 0.21509433962264152, 0.1927710843373494], "overall": [0.116, 0.162, 0.18, 0.176]}, "Utility": [0.046, 0.051, 0.058, 0.05], "DP": [0.0018561187916026622, 0.05096795887976174, 0.07466880770774789, 0.0334085345365526], "TPR": [0.049747376603186955, 0.05776515151515149, 0.13339824732229794, 0.19868637110016418], "EO": [0.049747376603186955, 0.06414057866974625, 0.13339824732229794, 0.19868637110016418]}