{"ACC_mean": 0.8108333333333333, "mean_pred_mean": 0.18916666666666665, "Utility_mean": 0.057916666666666665, "DP_mean": 0.12666785269524997}