{"ACC": {"0": [0.7987012987012987, 0.7873376623376623], "1": [0.8236301369863014, 0.8356164383561644], "overall": [0.8108333333333333, 0.8108333333333333]}, "mean_pred": {"0": [0.0976027397260274, 0.1506849315068493], "1": [0.2077922077922078, 0.29383116883116883], "overall": [0.15416666666666667, 0.22416666666666665]}, "Utility": [0.057916666666666665, 0.057916666666666665], "DP": [0.11018946806618041, 0.14314623732431953]}