{"acc_dict": {"0": [0.7395833333333334, 0.7291666666666666, 0.8125, 0.8125, 0.8125, 0.8125, 0.65625, 0.7395833333333334, 0.7708333333333334, 0.7916666666666666, 0.7604166666666666], "1": [0.5769230769230769, 0.6057692307692307, 0.5865384615384616, 0.5673076923076923, 0.5865384615384616, 0.5576923076923077, 0.5961538461538461, 0.7788461538461539, 0.7692307692307693, 0.7980769230769231, 0.7692307692307693], "overall": [0.655, 0.665, 0.695, 0.685, 0.695, 0.68, 0.625, 0.76, 0.77, 0.795, 0.765]}, "pred_dict": {"0": [0.10576923076923077, 0.038461538461538464, 0.038461538461538464, 0.057692307692307696, 0.07692307692307693, 0.08653846153846154, 0.3942307692307692, 0.3076923076923077, 0.5288461538461539, 0.36538461538461536, 0.3173076923076923], "1": [0.10416666666666667, 0.13541666666666666, 0.07291666666666667, 0.07291666666666667, 0.052083333333333336, 0.052083333333333336, 0.20833333333333334, 0.2708333333333333, 0.2604166666666667, 0.23958333333333334, 0.22916666666666666], "overall": [0.105, 0.085, 0.055, 0.065, 0.065, 0.07, 0.305, 0.29, 0.4, 0.305, 0.275]}, "util": [-0.0325, -0.0275, -0.0125, -0.0175, -0.0125, -0.02, -0.0475, 0.02, 0.025, 0.0375, 0.0225], "DP": [0.0016025641025640969, 0.0969551282051282, 0.03445512820512821, 0.015224358974358976, 0.02483974358974359, 0.0344551282051282, 0.18589743589743588, 0.036858974358974395, 0.26842948717948717, 0.12580128205128202, 0.08814102564102563], "EOP": [0.0975609756097561, 0.017886178861788615, 0.10894308943089431, 0.10894308943089431, 0.006504065040650403, 0.017886178861788615, 0.4211382113821138, 0.07642276422764227, 0.2780487804878049, 0.10731707317073169, 0.14308943089430892]}