{"UTIL": {"mean": -0.005909090909090909, "FQ": -0.02375, "TQ": 0.021249999999999998, "STD": 0.026355798207862224, "Q025": -0.043750000000000004, "Q975": 0.034374999999999996}, "ACC": {"mean": 0.7081818181818181, "FQ": 0.6725000000000001, "TQ": 0.7625, "STD": 0.052711596415724454, "Q025": 0.6325000000000001, "Q975": 0.7887500000000001}, "DP": {"mean": 0.08296911421911422, "FQ": 0.029647435897435896, "TQ": 0.11137820512820511, "STD": 0.0788952072198838, "Q025": 0.005008012820512817, "Q975": 0.24779647435897434}, "EOP": {"mean": 0.12579453067257945, "FQ": 0.04715447154471544, "TQ": 0.12601626016260162, "STD": 0.11769415811570595, "Q025": 0.009349593495934956, "Q975": 0.3853658536585366}}