{"UTIL": {"mean": 0.011999999999999997, "FQ": -0.01625, "TQ": 0.031875, "STD": 0.03224515467477246, "Q025": -0.0385625, "Q975": 0.0544375}, "ACC": {"mean": 0.7390000000000001, "FQ": 0.6825, "TQ": 0.7787499999999999, "STD": 0.06449030934954489, "Q025": 0.637875, "Q975": 0.8238749999999999}, "DP": {"mean": 0.10536858974358976, "FQ": 0.0594951923076923, "TQ": 0.16245993589743588, "STD": 0.06671485137681692, "Q025": 0.01937099358974359, "Q975": 0.21676682692307692}, "EOP": {"mean": 0.14640198511166255, "FQ": 0.06947890818858557, "TQ": 0.17586848635235733, "STD": 0.12491030221988304, "Q025": 0.020750620347394562, "Q975": 0.41603598014888343}}