{"acc_dict": {"0": [0.6666666666666666, 0.6875, 0.71875, 0.7395833333333334, 0.7708333333333334, 0.71875, 0.78125, 0.7916666666666666, 0.7395833333333334, 0.6875], "1": [0.6923076923076923, 0.8076923076923077, 0.6634615384615384, 0.5288461538461539, 0.7884615384615384, 0.8269230769230769, 0.8557692307692307, 0.8557692307692307, 0.8076923076923077, 0.6442307692307693], "overall": [0.68, 0.75, 0.69, 0.63, 0.78, 0.775, 0.82, 0.825, 0.775, 0.665]}, "pred_dict": {"0": [0.18269230769230768, 0.25961538461538464, 0.4423076923076923, 0.4807692307692308, 0.27884615384615385, 0.27884615384615385, 0.25, 0.25, 0.22115384615384615, 0.21153846153846154], "1": [0.125, 0.4375, 0.4270833333333333, 0.3645833333333333, 0.3125, 0.34375, 0.3229166666666667, 0.3541666666666667, 0.40625, 0.4375], "overall": [0.155, 0.345, 0.435, 0.425, 0.295, 0.31, 0.285, 0.3, 0.31, 0.32]}, "util": [-0.0175, 0.0175, -0.0125, -0.0425, 0.0325, 0.03, 0.0525, 0.055, 0.03, -0.025], "DP": [0.05769230769230768, 0.17788461538461536, 0.015224358974358976, 0.11618589743589747, 0.033653846153846145, 0.06490384615384615, 0.07291666666666669, 0.10416666666666669, 0.18509615384615385, 0.22596153846153846], "EOP": [0.17493796526054592, 0.1178660049627791, 0.09181141439205964, 0.1761786600496278, 0.04094292803970223, 0.06203473945409421, 0.01488833746898266, 0.09181141439205964, 0.22084367245657577, 0.4727047146401985]}