{"UTIL_mean": 0.0435, "UTIL_FQ": 0.03833333333333333, "UTIL_TQ": 0.04875, "ACC_mean": 0.7886666666666666, "ACC_FQ": 0.7783333333333333, "ACC_TQ": 0.7991666666666667, "DP_mean": 0.05390212797879523, "DP_FQ": 0.045060138531169525, "DP_TQ": 0.07365823977061509, "FPR_mean": 0.030271983697959408, "FPR_FQ": 0.013856734497495263, "FPR_TQ": 0.03619845470240285}