{"acc_dict": {"0": [0.8291032148900169, 0.7868020304568528, 0.8104906937394247, 0.7986463620981388, 0.7783417935702199], "1": [0.7848932676518884, 0.7553366174055829, 0.7881773399014779, 0.7783251231527094, 0.7783251231527094], "overall": [0.8066666666666666, 0.7708333333333334, 0.7991666666666667, 0.7883333333333333, 0.7783333333333333]}, "pred_dict": {"0": [0.19120135363790186, 0.28426395939086296, 0.23011844331641285, 0.2622673434856176, 0.2961082910321489], "1": [0.14614121510673234, 0.35960591133004927, 0.30377668308702793, 0.32019704433497537, 0.3136288998357964], "overall": [0.16833333333333333, 0.3225, 0.2675, 0.2916666666666667, 0.305]}, "util": [0.0525, 0.034583333333333334, 0.04875, 0.043333333333333335, 0.03833333333333333], "DP": [0.045060138531169525, 0.0753419519391863, 0.07365823977061509, 0.05792970084935778, 0.017520608803647475], "FPR": [0.06632892763139275, 0.0301814168058189, 0.013856734497495263, 0.004794384852687267, 0.03619845470240285]}