{"acc_dict": {"0": [0.4838709677419355, 0.7096774193548387, 0.4838709677419355, 0.6129032258064516, 0.6129032258064516, 0.6451612903225806, 0.8387096774193549, 0.7419354838709677, 0.7741935483870968, 0.5483870967741935, 0.7419354838709677, 0.7419354838709677, 0.3225806451612903, 0.8387096774193549, 0.7741935483870968, 0.7741935483870968, 0.45161290322580644, 0.22580645161290322, 0.7741935483870968, 0.6451612903225806, 0.8064516129032258, 0.8387096774193549, 0.6129032258064516, 0.6774193548387096, 0.4838709677419355, 0.3225806451612903, 0.5483870967741935, 0.6774193548387096, 0.7741935483870968, 0.4838709677419355, 0.7419354838709677, 0.8064516129032258, 0.8387096774193549, 0.8387096774193549, 0.7741935483870968, 0.7741935483870968, 0.7741935483870968, 0.8064516129032258, 0.7419354838709677, 0.7741935483870968, 0.7741935483870968], "1": [0.6521739130434783, 0.5217391304347826, 0.4782608695652174, 0.6521739130434783, 0.5217391304347826, 0.5217391304347826, 0.6956521739130435, 0.6086956521739131, 0.4782608695652174, 0.6956521739130435, 0.6521739130434783, 0.6086956521739131, 0.30434782608695654, 0.5217391304347826, 0.6956521739130435, 0.5217391304347826, 0.391304347826087, 0.4782608695652174, 0.5217391304347826, 0.6086956521739131, 0.6521739130434783, 0.782608695652174, 0.6086956521739131, 0.34782608695652173, 0.30434782608695654, 0.4782608695652174, 0.6521739130434783, 0.43478260869565216, 0.5217391304347826, 0.6086956521739131, 0.6521739130434783, 0.6521739130434783, 0.6521739130434783, 0.5652173913043478, 0.5217391304347826, 0.5217391304347826, 0.6521739130434783, 0.6086956521739131, 0.6956521739130435, 0.6956521739130435, 0.6521739130434783], "overall": [0.5555555555555556, 0.6296296296296297, 0.48148148148148145, 0.6296296296296297, 0.5740740740740741, 0.5925925925925926, 0.7777777777777778, 0.6851851851851852, 0.6481481481481481, 0.6111111111111112, 0.7037037037037037, 0.6851851851851852, 0.3148148148148148, 0.7037037037037037, 0.7407407407407407, 0.6666666666666666, 0.42592592592592593, 0.3333333333333333, 0.6666666666666666, 0.6296296296296297, 0.7407407407407407, 0.8148148148148148, 0.6111111111111112, 0.5370370370370371, 0.4074074074074074, 0.3888888888888889, 0.5925925925925926, 0.5740740740740741, 0.6666666666666666, 0.5370370370370371, 0.7037037037037037, 0.7407407407407407, 0.7592592592592593, 0.7222222222222222, 0.6666666666666666, 0.6666666666666666, 0.7222222222222222, 0.7222222222222222, 0.7222222222222222, 0.7407407407407407, 0.7222222222222222]}, "pred_dict": {"0": [0.391304347826087, 0.6956521739130435, 0.5652173913043478, 0.391304347826087, 0.6956521739130435, 0.0, 0.43478260869565216, 0.17391304347826086, 0.30434782608695654, 0.6086956521739131, 0.30434782608695654, 0.5217391304347826, 0.391304347826087, 0.0, 0.2608695652173913, 0.0, 0.5652173913043478, 1.0, 0.0, 0.34782608695652173, 0.30434782608695654, 0.5217391304347826, 0.43478260869565216, 0.34782608695652173, 0.21739130434782608, 1.0, 0.391304347826087, 0.08695652173913043, 0.2608695652173913, 0.43478260869565216, 0.21739130434782608, 0.21739130434782608, 0.391304347826087, 0.21739130434782608, 0.0, 0.0, 0.21739130434782608, 0.43478260869565216, 0.43478260869565216, 0.43478260869565216, 0.5652173913043478], "1": [0.7419354838709677, 0.3225806451612903, 0.6129032258064516, 0.4838709677419355, 0.6129032258064516, 0.1935483870967742, 0.25806451612903225, 0.3548387096774194, 0.45161290322580644, 0.6774193548387096, 0.3548387096774194, 0.3548387096774194, 0.45161290322580644, 0.12903225806451613, 0.12903225806451613, 0.0, 0.3870967741935484, 1.0, 0.0, 0.5161290322580645, 0.0967741935483871, 0.12903225806451613, 0.3548387096774194, 0.0967741935483871, 0.2903225806451613, 0.8387096774193549, 0.3548387096774194, 0.0967741935483871, 0.0, 0.3548387096774194, 0.03225806451612903, 0.0967741935483871, 0.12903225806451613, 0.12903225806451613, 0.0, 0.0, 0.3225806451612903, 0.22580645161290322, 0.3548387096774194, 0.3225806451612903, 0.3225806451612903], "overall": [0.5925925925925926, 0.48148148148148145, 0.5925925925925926, 0.4444444444444444, 0.6481481481481481, 0.1111111111111111, 0.3333333333333333, 0.2777777777777778, 0.3888888888888889, 0.6481481481481481, 0.3333333333333333, 0.42592592592592593, 0.42592592592592593, 0.07407407407407407, 0.18518518518518517, 0.0, 0.46296296296296297, 1.0, 0.0, 0.4444444444444444, 0.18518518518518517, 0.2962962962962963, 0.3888888888888889, 0.2037037037037037, 0.25925925925925924, 0.9074074074074074, 0.37037037037037035, 0.09259259259259259, 0.1111111111111111, 0.3888888888888889, 0.1111111111111111, 0.14814814814814814, 0.24074074074074073, 0.16666666666666666, 0.0, 0.0, 0.2777777777777778, 0.3148148148148148, 0.3888888888888889, 0.37037037037037035, 0.42592592592592593]}, "util": [-0.05555555555555555, -0.018518518518518517, -0.09259259259259259, -0.018518518518518517, -0.046296296296296294, -0.037037037037037035, 0.05555555555555555, 0.009259259259259259, -0.009259259259259259, -0.027777777777777776, 0.018518518518518517, 0.009259259259259259, -0.17592592592592593, 0.018518518518518517, 0.037037037037037035, 0.0, -0.12037037037037036, -0.16666666666666666, 0.0, -0.018518518518518517, 0.037037037037037035, 0.07407407407407407, -0.027777777777777776, -0.06481481481481481, -0.12962962962962962, -0.1388888888888889, -0.037037037037037035, -0.046296296296296294, 0.0, -0.06481481481481481, 0.018518518518518517, 0.037037037037037035, 0.046296296296296294, 0.027777777777777776, 0.0, 0.0, 0.027777777777777776, 0.027777777777777776, 0.027777777777777776, 0.037037037037037035, 0.027777777777777776], "DP": [0.3506311360448808, 0.37307152875175315, 0.04768583450210384, 0.09256661991584852, 0.08274894810659184, 0.1935483870967742, 0.1767180925666199, 0.1809256661991585, 0.1472650771388499, 0.06872370266479655, 0.05049088359046283, 0.16690042075736322, 0.060308555399719466, 0.12903225806451613, 0.13183730715287517, 0.0, 0.1781206171107994, 0.0, 0.0, 0.16830294530154277, 0.20757363253856945, 0.39270687237026647, 0.07994389901823279, 0.2510518934081346, 0.07293127629733523, 0.16129032258064513, 0.0364656381486676, 0.009817671809256662, 0.2608695652173913, 0.07994389901823279, 0.18513323983169705, 0.12061711079943899, 0.26227208976157085, 0.08835904628330996, 0.0, 0.0, 0.10518934081346423, 0.20897615708274894, 0.07994389901823279, 0.11220196353436185, 0.24263674614305747], "EOP": [0.4545454545454546, 0.1558441558441559, 0.1688311688311689, 0.1688311688311689, 0.2727272727272727, 0.14285714285714285, 0.07792207792207795, 0.4415584415584416, 0.7272727272727273, 0.18181818181818177, 0.25974025974025977, 0.07792207792207795, 0.18181818181818182, 0.42857142857142855, 0.16883116883116883, 0.0, 0.3116883116883117, 0.0, 0.0, 0.40259740259740256, 0.16883116883116883, 0.3896103896103897, 0.11688311688311687, 0.18181818181818182, 0.0, 0.1428571428571429, 0.2597402597402597, 0.0, 0.2727272727272727, 0.40259740259740256, 0.36363636363636365, 0.07792207792207795, 0.11688311688311687, 0.15584415584415584, 0.0, 0.0, 0.35064935064935066, 0.025974025974025983, 0.07792207792207795, 0.07792207792207795, 0.012987012987012991]}