{"UTIL": {"mean": -0.018518518518518517, "FQ": -0.046296296296296294, "TQ": 0.027777777777777776, "STD": 0.05972743021906087, "Q025": -0.16666666666666666, "Q975": 0.05555555555555555}, "ACC": {"mean": 0.6296296296296297, "FQ": 0.5740740740740741, "TQ": 0.7222222222222222, "STD": 0.11945486043812174, "Q025": 0.3333333333333333, "Q975": 0.7777777777777778}, "DP": {"mean": 0.13553176204973832, "FQ": 0.06872370266479655, "TQ": 0.18513323983169705, "STD": 0.10055743681495757, "Q025": 0.0, "Q975": 0.37307152875175315}, "EOP": {"mean": 0.19068736141906875, "FQ": 0.07792207792207795, "TQ": 0.2727272727272727, "STD": 0.16353222886796312, "Q025": 0.0, "Q975": 0.4545454545454546}}