{"ACC_mean": 0.770825, "mean_pred_mean": 0.2854083333333333, "Utility_mean": 0.038745833333333334, "DP_mean": 0.08345802805631267}