{"ACC": {"0": [0.7684729064039408, 0.7569786535303776, 0.729064039408867, 0.7701149425287356, 0.6798029556650246, 0.7733990147783252, 0.7307060755336617, 0.7619047619047619, 0.7832512315270936, 0.7848932676518884, 0.7586206896551724, 0.7701149425287356, 0.7504105090311987, 0.7110016420361248, 0.7684729064039408, 0.7569786535303776, 0.7832512315270936, 0.7602627257799671, 0.7619047619047619, 0.7816091954022989, 0.7733990147783252, 0.7635467980295566, 0.7586206896551724, 0.7898193760262726, 0.7602627257799671, 0.7651888341543513, 0.7586206896551724, 0.7520525451559934, 0.7504105090311987, 0.7881773399014779, 0.7816091954022989, 0.7931034482758621, 0.7848932676518884, 0.7799671592775042, 0.7733990147783252, 0.7536945812807881, 0.7175697865353038, 0.729064039408867, 0.7602627257799671, 0.7848932676518884, 0.7274220032840722, 0.7701149425287356, 0.7832512315270936, 0.7865353037766831, 0.7783251231527094, 0.7733990147783252, 0.7619047619047619, 0.6338259441707718, 0.7602627257799671, 0.7569786535303776, 0.7733990147783252, 0.7881773399014779, 0.7783251231527094, 0.7471264367816092, 0.7848932676518884, 0.7783251231527094, 0.7799671592775042, 0.7832512315270936, 0.7832512315270936, 0.7635467980295566, 0.7947454844006568, 0.7339901477832512, 0.7422003284072249, 0.7274220032840722, 0.722495894909688, 0.7881773399014779, 0.7569786535303776, 0.7865353037766831, 0.6978653530377669, 0.7011494252873564, 0.7783251231527094, 0.7832512315270936, 0.7816091954022989, 0.7405582922824302, 0.7619047619047619, 0.7586206896551724, 0.7717569786535303, 0.7766830870279147, 0.7553366174055829, 0.7717569786535303, 0.7487684729064039, 0.7553366174055829, 0.7848932676518884, 0.7192118226600985, 0.722495894909688, 0.7487684729064039, 0.7914614121510674, 0.7914614121510674, 0.7832512315270936, 0.7816091954022989, 0.7504105090311987, 0.7750410509031199, 0.7848932676518884, 0.7635467980295566, 0.7848932676518884, 0.7422003284072249, 0.7766830870279147, 0.7865353037766831, 0.7323481116584565, 0.7110016420361248], "1": [0.8121827411167513, 0.7648054145516074, 0.754653130287648, 0.805414551607445, 0.7597292724196277, 0.7529610829103215, 0.8104906937394247, 0.817258883248731, 0.7783417935702199, 0.7445008460236887, 0.8003384094754653, 0.7986463620981388, 0.7851099830795262, 0.751269035532995, 0.7901861252115059, 0.7817258883248731, 0.7783417935702199, 0.817258883248731, 0.7817258883248731, 0.8155668358714044, 0.7766497461928934, 0.7783417935702199, 0.7952622673434856, 0.8155668358714044, 0.766497461928934, 0.8087986463620981, 0.7461928934010152, 0.7817258883248731, 0.7411167512690355, 0.751269035532995, 0.8121827411167513, 0.7918781725888325, 0.7800338409475466, 0.7445008460236887, 0.7428087986463621, 0.7868020304568528, 0.754653130287648, 0.8121827411167513, 0.7732656514382402, 0.7817258883248731, 0.7648054145516074, 0.7783417935702199, 0.739424703891709, 0.7563451776649747, 0.8037225042301185, 0.8003384094754653, 0.7038917089678511, 0.7817258883248731, 0.8037225042301185, 0.8020304568527918, 0.8155668358714044, 0.8240270727580372, 0.700507614213198, 0.7326565143824028, 0.8071065989847716, 0.7021996615905245, 0.7986463620981388, 0.7952622673434856, 0.7918781725888325, 0.7715736040609137, 0.7918781725888325, 0.7749576988155669, 0.8003384094754653, 0.8003384094754653, 0.8037225042301185, 0.8223350253807107, 0.7529610829103215, 0.8121827411167513, 0.7563451776649747, 0.7918781725888325, 0.7851099830795262, 0.7918781725888325, 0.7935702199661591, 0.7648054145516074, 0.7952622673434856, 0.7986463620981388, 0.7969543147208121, 0.754653130287648, 0.7935702199661591, 0.7935702199661591, 0.754653130287648, 0.7817258883248731, 0.8155668358714044, 0.7529610829103215, 0.7461928934010152, 0.7969543147208121, 0.7901861252115059, 0.7732656514382402, 0.8020304568527918, 0.7766497461928934, 0.7834179357021996, 0.7411167512690355, 0.7952622673434856, 0.8071065989847716, 0.8206429780033841, 0.7715736040609137, 0.7969543147208121, 0.7732656514382402, 0.7648054145516074, 0.7411167512690355], "overall": [0.79, 0.7608333333333334, 0.7416666666666667, 0.7875, 0.7191666666666666, 0.7633333333333333, 0.77, 0.7891666666666667, 0.7808333333333334, 0.765, 0.7791666666666667, 0.7841666666666667, 0.7675, 0.7308333333333333, 0.7791666666666667, 0.7691666666666667, 0.7808333333333334, 0.7883333333333333, 0.7716666666666666, 0.7983333333333333, 0.775, 0.7708333333333334, 0.7766666666666666, 0.8025, 0.7633333333333333, 0.7866666666666666, 0.7525, 0.7666666666666667, 0.7458333333333333, 0.77, 0.7966666666666666, 0.7925, 0.7825, 0.7625, 0.7583333333333333, 0.77, 0.7358333333333333, 0.77, 0.7666666666666667, 0.7833333333333333, 0.7458333333333333, 0.7741666666666667, 0.7616666666666667, 0.7716666666666666, 0.7908333333333334, 0.7866666666666666, 0.7333333333333333, 0.7066666666666667, 0.7816666666666666, 0.7791666666666667, 0.7941666666666667, 0.8058333333333333, 0.74, 0.74, 0.7958333333333333, 0.7408333333333333, 0.7891666666666667, 0.7891666666666667, 0.7875, 0.7675, 0.7933333333333333, 0.7541666666666667, 0.7708333333333334, 0.7633333333333333, 0.7625, 0.805, 0.755, 0.7991666666666667, 0.7266666666666667, 0.7458333333333333, 0.7816666666666666, 0.7875, 0.7875, 0.7525, 0.7783333333333333, 0.7783333333333333, 0.7841666666666667, 0.7658333333333334, 0.7741666666666667, 0.7825, 0.7516666666666667, 0.7683333333333333, 0.8, 0.7358333333333333, 0.7341666666666666, 0.7725, 0.7908333333333334, 0.7825, 0.7925, 0.7791666666666667, 0.7666666666666667, 0.7583333333333333, 0.79, 0.785, 0.8025, 0.7566666666666667, 0.7866666666666666, 0.78, 0.7483333333333333, 0.7258333333333333]}, "mean_pred": {"0": [0.19120135363790186, 0.3333333333333333, 0.3401015228426396, 0.1844331641285956, 0.32825719120135366, 0.35194585448392557, 0.13874788494077833, 0.12521150592216582, 0.27580372250423013, 0.3637901861252115, 0.2233502538071066, 0.22165820642978004, 0.24873096446700507, 0.32656514382402707, 0.26057529610829105, 0.2859560067681895, 0.2656514382402707, 0.17258883248730963, 0.27580372250423013, 0.10998307952622674, 0.27749576988155666, 0.2927241962774958, 0.21489001692047377, 0.18781725888324874, 0.29441624365482233, 0.18781725888324874, 0.3553299492385787, 0.2825719120135364, 0.3536379018612521, 0.350253807106599, 0.18781725888324874, 0.25549915397631134, 0.2910321489001692, 0.3536379018612521, 0.34856175972927245, 0.23688663282571912, 0.34348561759729274, 0.19120135363790186, 0.30456852791878175, 0.2893401015228426, 0.3130287648054145, 0.27580372250423013, 0.37225042301184436, 0.3316412859560068, 0.19289340101522842, 0.2131979695431472, 0.38747884940778343, 0.2893401015228426, 0.2098138747884941, 0.24873096446700507, 0.16751269035532995, 0.1692047377326565, 0.43824027072758037, 0.29441624365482233, 0.20642978003384094, 0.4230118443316413, 0.21489001692047377, 0.23519458544839256, 0.24873096446700507, 0.30287648054145516, 0.24873096446700507, 0.272419627749577, 0.2098138747884941, 0.19289340101522842, 0.233502538071066, 0.13028764805414553, 0.34179357021996615, 0.15397631133671744, 0.2808798646362098, 0.2521150592216582, 0.2859560067681895, 0.24196277495769883, 0.2233502538071066, 0.32318104906937395, 0.23519458544839256, 0.21489001692047377, 0.22673434856175972, 0.3401015228426396, 0.25042301184433163, 0.21996615905245348, 0.3333333333333333, 0.2893401015228426, 0.18781725888324874, 0.34856175972927245, 0.36209813874788493, 0.21658206429780033, 0.23688663282571912, 0.30456852791878175, 0.21150592216582065, 0.27749576988155666, 0.2707275803722504, 0.2961082910321489, 0.23519458544839256, 0.17597292724196278, 0.15228426395939088, 0.2927241962774958, 0.21658206429780033, 0.3011844331641286, 0.32656514382402707, 0.350253807106599],