{"UTIL_mean": 0.04075, "UTIL_FQ": 0.03625, "UTIL_TQ": 0.04125, "ACC_mean": 0.7856666666666666, "ACC_FQ": 0.7766666666666666, "ACC_TQ": 0.7866666666666666, "DP_mean": 0.09422620089520142, "DP_FQ": 0.03605811307544199, "DP_TQ": 0.1622781792569995, "FPR_mean": 0.06881509314737709, "FPR_FQ": 0.058314433047854414, "FPR_TQ": 0.09121785540999514}