{"ACC": {"0": [0.7619047619047619], "1": [0.8324873096446701], "overall": [0.7966666666666666]}, "mean_pred": {"0": [0.23181049069373943], "1": [0.3793103448275862], "overall": [0.30666666666666664]}, "Utility": [0.05], "DP": [0.14749985413384675]}