{"ACC_mean": 0.7966666666666666, "mean_pred_mean": 0.30666666666666664, "Utility_mean": 0.05, "DP_mean": 0.14749985413384675}