{"UTIL": {"mean": -0.09615384615384616, "FQ": -0.25, "TQ": 0.125, "STD": 0.17781963470102816, "Q025": -0.375, "Q975": 0.125}, "ACC": {"mean": 0.5576923076923077, "FQ": 0.25, "TQ": 1.0, "STD": 0.3556392694020563, "Q025": 0.0, "Q975": 1.0}, "DP": {"mean": 0.46153846153846156, "FQ": 0.5, "TQ": 0.5, "STD": 0.23709284626803756, "Q025": 0.0, "Q975": 0.8499999999999996}, "EOP": {"mean": 0.5384615384615384, "FQ": 0.0, "TQ": 1.0, "STD": 0.49851851526214314, "Q025": 0.0, "Q975": 1.0}}