{"ACC": {"0": [0.7512274959083469, 0.7659574468085106], "1": [0.6638370118845501, 0.7707979626485568], "overall": [0.7083333333333334, 0.7683333333333333]}, "mean_pred": {"0": [0.4397283531409168, 0.2614601018675722], "1": [0.4075286415711948, 0.37315875613747956], "overall": [0.42333333333333334, 0.31833333333333336]}, "Utility": [0.014166666666666666, 0.04416666666666667], "DP": [0.03219971156972201, 0.11169865426990738]}