{"ACC_mean": 0.7383333333333333, "mean_pred_mean": 0.37083333333333335, "Utility_mean": 0.029166666666666667, "DP_mean": 0.0719491829198147}