{"acc_dict": {"0": [0.75, 0.78125, 0.6770833333333334, 0.7708333333333334, 0.71875, 0.84375, 0.7604166666666666, 0.7708333333333334, 0.78125], "1": [0.6057692307692307, 0.6346153846153846, 0.6538461538461539, 0.6346153846153846, 0.6442307692307693, 0.7692307692307693, 0.6826923076923077, 0.7596153846153846, 0.6538461538461539], "overall": [0.675, 0.705, 0.665, 0.7, 0.68, 0.805, 0.72, 0.765, 0.715]}, "pred_dict": {"0": [0.36538461538461536, 0.3942307692307692, 0.49038461538461536, 0.5288461538461539, 0.5769230769230769, 0.2403846153846154, 0.2692307692307692, 0.2692307692307692, 0.3557692307692308], "1": [0.28125, 0.25, 0.375, 0.3229166666666667, 0.4166666666666667, 0.16666666666666666, 0.041666666666666664, 0.28125, 0.08333333333333333], "overall": [0.325, 0.325, 0.435, 0.43, 0.5, 0.205, 0.16, 0.275, 0.225]}, "util": [-0.0025, 0.0125, -0.0075, 0.01, 0.0, 0.0625, 0.02, 0.0425, 0.0175], "DP": [0.08413461538461536, 0.14423076923076922, 0.11538461538461536, 0.20592948717948717, 0.1602564102564102, 0.07371794871794873, 0.22756410256410256, 0.012019230769230782, 0.27243589743589747], "EOP": [0.1018027571580063, 0.028632025450689214, 0.07423117709437965, 0.01166489925768821, 0.0021208907741251393, 0.009544008483563071, 0.352067868504772, 0.07211028632025451, 0.29480381760339347]}