{"UTIL": {"mean": 0.017222222222222226, "FQ": 0.0, "TQ": 0.02, "STD": 0.02126043679794717, "Q025": -0.006500000000000001, "Q975": 0.058499999999999996}, "ACC": {"mean": 0.7144444444444444, "FQ": 0.68, "TQ": 0.72, "STD": 0.04252087359589434, "Q025": 0.667, "Q975": 0.797}, "DP": {"mean": 0.14396367521367517, "FQ": 0.08413461538461536, "TQ": 0.20592948717948717, "STD": 0.07770278653252115, "Q025": 0.024358974358974373, "Q975": 0.26346153846153847}, "EOP": {"mean": 0.10521974784965239, "FQ": 0.01166489925768821, "TQ": 0.1018027571580063, "STD": 0.12172178126632231, "Q025": 0.003605514316012726, "Q975": 0.3406150583244963}}