{"UTIL": {"mean": 0.04380597014925373, "FQ": 0.04, "TQ": 0.0475, "STD": 0.0076825812009738426, "Q025": 0.03, "Q975": 0.06}, "ACC": {"mean": 0.7326119402985074, "FQ": 0.725, "TQ": 0.74, "STD": 0.015365162401947699, "Q025": 0.705, "Q975": 0.765}, "DP": {"mean": 0.17169787135177575, "FQ": 0.08655394524959742, "TQ": 0.2395330112721417, "STD": 0.08764165138892907, "Q025": 0.004428341384863144, "Q975": 0.2934782608695652}, "EOP": {"mean": 0.15800979155260378, "FQ": 0.09409888357256779, "TQ": 0.22169059011164272, "STD": 0.07841461633639572, "Q025": 0.011164274322169043, "Q975": 0.27591706539074967}}