{"ACC": {"0": [0.8028996865203761, 0.8005485893416928, 0.7966300940438872, 0.7950626959247649, 0.8032915360501567, 0.7754702194357367, 0.7746865203761756, 0.8032915360501567, 0.8005485893416928, 0.8017241379310345, 0.7899686520376176, 0.8025078369905956], "1": [0.7896241830065359, 0.7761437908496732, 0.7520424836601307, 0.806781045751634, 0.8247549019607843, 0.7495915032679739, 0.7683823529411765, 0.7393790849673203, 0.7696078431372549, 0.821078431372549, 0.7973856209150327, 0.7892156862745098], "overall": [0.7964, 0.7886, 0.7748, 0.8008, 0.8138, 0.7628, 0.7716, 0.772, 0.7854, 0.8112, 0.7936, 0.796]}, "mean_pred": {"0": [0.2692006269592476, 0.2817398119122257, 0.31152037617554856, 0.23471786833855798, 0.26880877742946707, 0.3522727272727273, 0.32719435736677116, 0.28761755485893414, 0.2817398119122257, 0.26410658307210033, 0.29153605015673983, 0.2774294670846395], "1": [0.2834967320261438, 0.306781045751634, 0.352124183006536, 0.24754901960784315, 0.20751633986928106, 0.35294117647058826, 0.315359477124183, 0.36887254901960786, 0.31985294117647056, 0.22263071895424835, 0.26429738562091504, 0.2839052287581699], "overall": [0.2762, 0.294, 0.3314, 0.241, 0.2388, 0.3526, 0.3214, 0.3274, 0.3004, 0.2438, 0.2782, 0.2806]}, "Utility": [0.0479, 0.044, 0.0371, 0.0501, 0.0566, 0.0311, 0.0355, 0.0357, 0.0424, 0.0553, 0.0465, 0.0477], "DP": [0.014296105066896159, 0.025041233839408317, 0.04060380683098741, 0.012831151269285163, 0.061292437560186014, 0.0006684491978609652, 0.011834880242588164, 0.08125499416067372, 0.03811312926424487, 0.04147586411785198, 0.027238664535824797, 0.006475761673530422], "TPR": [0.054358991725648176, 0.06092316028311151, 0.06988045650038943, 0.07345885965209342, 0.03199679411200296, 0.039193109598473774, 0.03541716053145494, 0.10248117669635493, 0.07474008601713567, 0.0008974228724304423, 0.017107476266269295, 0.043465745538284306], "EO": [0.08530799169336982, 0.0977571312655823, 0.11692020749548288, 0.07345885965209342, 0.03199679411200296, 0.07071277619185146, 0.05276648637533213, 0.16004965379217578, 0.11059822275835918, 0.027907828101741153, 0.040111711209039044, 0.07911109102780468]}