{"UTIL_mean": 0.04466666666666667, "UTIL_FQ": 0.044583333333333336, "UTIL_TQ": 0.04833333333333333, "ACC_mean": 0.7718333333333334, "ACC_FQ": 0.7716666666666666, "ACC_TQ": 0.7791666666666667, "DP_mean": 0.0820884699057288, "DP_FQ": 0.05313695581505837, "DP_TQ": 0.0747584873263151, "FPR_mean": 0.11437338501291991, "FPR_FQ": 0.04699612403100775, "FPR_TQ": 0.11353359173126616}