{"acc_dict": {"0": [0.7597292724196277, 0.7072758037225042, 0.7749576988155669, 0.7749576988155669, 0.8020304568527918], "1": [0.7881773399014779, 0.7931034482758621, 0.7832512315270936, 0.7914614121510674, 0.7422003284072249], "overall": [0.7741666666666667, 0.7508333333333334, 0.7791666666666667, 0.7833333333333333, 0.7716666666666666]}, "pred_dict": {"0": [0.32318104906937395, 0.4230118443316413, 0.29780033840947545, 0.29780033840947545, 0.19289340101522842], "1": [0.26436781609195403, 0.21018062397372742, 0.30870279146141216, 0.24466338259441708, 0.2676518883415435], "overall": [0.29333333333333333, 0.315, 0.30333333333333334, 0.2708333333333333, 0.23083333333333333]}, "util": [0.04583333333333333, 0.034166666666666665, 0.04833333333333333, 0.050416666666666665, 0.044583333333333336], "DP": [0.058813232977419916, 0.21283122035791388, 0.010902453051936711, 0.05313695581505837, 0.0747584873263151], "FPR": [0.11353359173126616, 0.2642118863049096, 0.04699612403100775, 0.10384366925064599, 0.043281653746770024]}