{"UTIL_mean": 0.05125, "UTIL_FQ": 0.049166666666666664, "UTIL_TQ": 0.06333333333333334, "ACC_mean": 0.785, "ACC_FQ": 0.7808333333333334, "ACC_TQ": 0.8091666666666667, "DP_mean": 0.11661457161194602, "DP_FQ": 0.04997791169679844, "DP_TQ": 0.17635634684470675, "FPR_mean": 0.10010554089709763, "FPR_FQ": 0.029779323578795876, "FPR_TQ": 0.09582633725113937}