{"acc_dict": {"0": [0.8257191201353637, 0.8274111675126904, 0.8189509306260575, 0.6615905245346869, 0.7969543147208121], "1": [0.7914614121510674, 0.8111658456486043, 0.7996715927750411, 0.7520525451559934, 0.7651888341543513], "overall": [0.8083333333333333, 0.8191666666666667, 0.8091666666666667, 0.7075, 0.7808333333333334]}, "pred_dict": {"0": [0.20304568527918782, 0.19796954314720813, 0.21658206429780033, 0.4720812182741117, 0.25549915397631134], "1": [0.2019704433497537, 0.24794745484400657, 0.3054187192118227, 0.20525451559934318, 0.4318555008210181], "overall": [0.2025, 0.22333333333333333, 0.26166666666666666, 0.33666666666666667, 0.345]}, "util": [0.06291666666666666, 0.06833333333333333, 0.06333333333333334, 0.0125, 0.049166666666666664], "DP": [0.0010752419294341176, 0.04997791169679844, 0.08883665491402234, 0.2668267026747685, 0.17635634684470675], "FPR": [0.05543295754377549, 0.029779323578795876, 0.007447829215639232, 0.31204125689613815, 0.09582633725113937]}