{"UTIL": {"mean": -0.06912280701754388, "FQ": -0.14, "TQ": 0.0, "STD": 0.08263622387519785, "Q025": -0.20574999999999993, "Q975": 0.06}, "ACC": {"mean": 0.5017543859649123, "FQ": 0.36, "TQ": 0.64, "STD": 0.1652724477503957, "Q025": 0.2285000000000001, "Q975": 0.76}, "DP": {"mean": 0.031009918587317973, "FQ": 0.0, "TQ": 0.0, "STD": 0.06855196408104458, "Q025": 0.0, "Q975": 0.23810763888888908}, "EOP": {"mean": 0.057312398643668, "FQ": 0.0, "TQ": 0.0, "STD": 0.12949657610528836, "Q025": 0.0, "Q975": 0.4285714285714286}}