{"ACC_mean": 0.7785, "mean_pred_mean": 0.286, "Utility_mean": 0.035500000000000004, "DP_mean": 0.13673409850549706}