{"ACC": {"0": [0.8029556650246306, 0.7783251231527094, 0.7110016420361248, 0.7783251231527094, 0.7060755336617406], "1": [0.8324873096446701, 0.7884940778341794, 0.8189509306260575, 0.7445008460236887, 0.8274111675126904], "overall": [0.8175, 0.7833333333333333, 0.7641666666666667, 0.7616666666666667, 0.7658333333333334]}, "mean_pred": {"0": [0.11505922165820642, 0.2876480541455161, 0.20642978003384094, 0.3587140439932318, 0.17428087986463622], "1": [0.21018062397372742, 0.30049261083743845, 0.4466338259441708, 0.30049261083743845, 0.451559934318555], "overall": [0.16333333333333333, 0.2941666666666667, 0.3283333333333333, 0.32916666666666666, 0.315]}, "Utility": [0.055, 0.03791666666666667, 0.028333333333333332, 0.027083333333333334, 0.029166666666666667], "DP": [0.09512140231552099, 0.01284455669192236, 0.24020404591032984, 0.05822143315579337, 0.27727905445391876]}