{"UTIL_mean": -0.17307692307692307, "UTIL_FQ": -0.25, "UTIL_TQ": -0.125, "ACC_mean": 0.40384615384615385, "ACC_FQ": 0.25, "ACC_TQ": 0.5, "DP_mean": 0.23076923076923078, "DP_FQ": 0.0, "DP_TQ": 0.5, "EOP_mean": 0.8461538461538461, "EOP_FQ": 1.0, "EOP_TQ": 1.0, "UTIL_STD": 0.10444981241538669, "ACC_STD": 0.20889962483077337, "DP_STD": 0.24925925763107157, "EOP_STD": 0.36080121229411, "UTIL_Q025": -0.33749999999999997, "UTIL_Q975": 0.0, "ACC_Q025": 0.07500000000000001, "ACC_Q975": 0.75, "DP_Q025": 0.0, "DP_Q975": 0.5, "EOP_Q025": 0.0, "EOP_Q975": 1.0}