{"ACC": {"0": [0.7783251231527094, 0.8160919540229885, 0.7848932676518884, 0.7192118226600985, 0.8177339901477833], "1": [0.7580372250423012, 0.751269035532995, 0.7952622673434856, 0.8020304568527918, 0.8087986463620981], "overall": [0.7683333333333333, 0.7841666666666667, 0.79, 0.76, 0.8133333333333334]}, "mean_pred": {"0": [0.32148900169204736, 0.34179357021996615, 0.1996615905245347, 0.20642978003384094, 0.18274111675126903], "1": [0.3579638752052545, 0.21182266009852216, 0.26929392446633826, 0.4663382594417077, 0.23973727422003285], "overall": [0.34, 0.2758333333333333, 0.235, 0.3383333333333333, 0.21166666666666667]}, "Utility": [0.0375, 0.04541666666666667, 0.04833333333333333, 0.03333333333333333, 0.06], "DP": [0.03647487351320716, 0.129970910121444, 0.06963233394180357, 0.25990847940786677, 0.056996157468763825]}