{"ACC_mean": 0.7831666666666667, "mean_pred_mean": 0.2801666666666667, "Utility_mean": 0.04491666666666667, "DP_mean": 0.11059655089061707}