{"UTIL": {"mean": -0.013888888888888888, "FQ": -0.025, "TQ": 0.0, "STD": 0.015728208518768962, "Q025": -0.0375, "Q975": 0.0075}, "ACC": {"mean": 0.7122222222222222, "FQ": 0.69, "TQ": 0.74, "STD": 0.031456417037537925, "Q025": 0.665, "Q975": 0.755}, "DP": {"mean": 0.05261752136752137, "FQ": 0.006410256410256401, "TQ": 0.08253205128205127, "STD": 0.05637898560219334, "Q025": 0.004967948717948716, "Q975": 0.1613782051282051}, "EOP": {"mean": 0.0898989898989899, "FQ": 0.03636363636363635, "TQ": 0.14242424242424245, "STD": 0.06837421414452705, "Q025": 0.016363636363636365, "Q975": 0.20727272727272722}}