{"acc_dict": {"0": [0.7083333333333334, 0.7395833333333334, 0.6875, 0.7291666666666666, 0.71875, 0.71875, 0.7708333333333334, 0.7604166666666666, 0.71875], "1": [0.6730769230769231, 0.6730769230769231, 0.6346153846153846, 0.7211538461538461, 0.6730769230769231, 0.6538461538461539, 0.7115384615384616, 0.75, 0.7884615384615384], "overall": [0.69, 0.705, 0.66, 0.725, 0.695, 0.685, 0.74, 0.755, 0.755]}, "pred_dict": {"0": [0.057692307692307696, 0.057692307692307696, 0.09615384615384616, 0.0673076923076923, 0.09615384615384616, 0.21153846153846154, 0.07692307692307693, 0.11538461538461539, 0.19230769230769232], "1": [0.0625, 0.052083333333333336, 0.14583333333333334, 0.08333333333333333, 0.11458333333333333, 0.09375, 0.08333333333333333, 0.19791666666666666, 0.3645833333333333], "overall": [0.06, 0.055, 0.12, 0.075, 0.105, 0.155, 0.08, 0.155, 0.275]}, "util": [-0.025, -0.0175, -0.04, -0.0075, -0.0225, -0.0275, 0.0, 0.0075, 0.0075], "DP": [0.0048076923076923045, 0.00560897435897436, 0.04967948717948718, 0.016025641025641024, 0.01842948717948717, 0.11778846153846154, 0.006410256410256401, 0.08253205128205127, 0.172275641025641], "EOP": [0.03333333333333333, 0.012121212121212123, 0.10303030303030303, 0.04242424242424242, 0.03636363636363635, 0.17575757575757575, 0.04848484848484849, 0.14242424242424245, 0.2151515151515151]}