{"acc_dict": {"0": [0.6835871404399323, 0.7952622673434856, 0.6903553299492385, 0.7478849407783418, 0.7901861252115059], "1": [0.80623973727422, 0.7701149425287356, 0.80623973727422, 0.7799671592775042, 0.8078817733990148], "overall": [0.7458333333333333, 0.7825, 0.7491666666666666, 0.7641666666666667, 0.7991666666666667]}, "pred_dict": {"0": [0.43993231810490696, 0.21658206429780033, 0.4263959390862944, 0.311336717428088, 0.23519458544839256], "1": [0.2676518883415435, 0.3366174055829228, 0.22824302134646962, 0.3169129720853859, 0.21018062397372742], "overall": [0.3525, 0.2775, 0.3258333333333333, 0.31416666666666665, 0.2225]}, "util": [0.015416666666666667, 0.03375, 0.017083333333333332, 0.024583333333333332, 0.042083333333333334], "DP": [0.17228042976336344, 0.12003534128512247, 0.1981529177398248, 0.0055762546572978855, 0.025013961474665142], "FPR": [0.22348797773816254, 0.07940562633157962, 0.23816252880560027, 0.03825166311578765, 0.055132831862254886]}