{"UTIL_mean": 0.026583333333333334, "UTIL_FQ": 0.017083333333333332, "UTIL_TQ": 0.03375, "ACC_mean": 0.7681666666666667, "ACC_FQ": 0.7491666666666666, "ACC_TQ": 0.7825, "DP_mean": 0.10421178098405474, "DP_FQ": 0.025013961474665142, "DP_TQ": 0.17228042976336344, "FPR_mean": 0.126888125570677, "FPR_FQ": 0.055132831862254886, "FPR_TQ": 0.22348797773816254}