{"acc_dict": {"0": [0.6632825719120136, 0.8206429780033841, 0.7884940778341794, 0.7529610829103215, 0.6954314720812182, 0.7021996615905245, 0.7529610829103215, 0.7208121827411168, 0.7766497461928934, 0.7715736040609137, 0.7631133671742809, 0.7495769881556683, 0.7834179357021996, 0.754653130287648, 0.6209813874788495, 0.8155668358714044, 0.6954314720812182, 0.7918781725888325, 0.754653130287648, 0.6209813874788495, 0.7935702199661591, 0.6649746192893401, 0.7478849407783418], "1": [0.7438423645320197, 0.7766830870279147, 0.7438423645320197, 0.7783251231527094, 0.7766830870279147, 0.7553366174055829, 0.6633825944170771, 0.7651888341543513, 0.7520525451559934, 0.729064039408867, 0.7898193760262726, 0.6650246305418719, 0.7651888341543513, 0.7536945812807881, 0.7454844006568144, 0.7963875205254516, 0.7208538587848933, 0.7372742200328407, 0.6814449917898193, 0.6896551724137931, 0.7027914614121511, 0.6929392446633826, 0.6699507389162561], "overall": [0.7041666666666667, 0.7983333333333333, 0.7658333333333334, 0.7658333333333334, 0.7366666666666667, 0.7291666666666666, 0.7075, 0.7433333333333333, 0.7641666666666667, 0.75, 0.7766666666666666, 0.7066666666666667, 0.7741666666666667, 0.7541666666666667, 0.6841666666666667, 0.8058333333333333, 0.7083333333333334, 0.7641666666666667, 0.7175, 0.6558333333333334, 0.7475, 0.6791666666666667, 0.7083333333333334]}, "pred_dict": {"0": [0.42978003384094754, 0.18781725888324874, 0.2233502538071066, 0.2521150592216582, 0.41116751269035534, 0.37055837563451777, 0.005076142131979695, 0.3587140439932318, 0.2859560067681895, 0.233502538071066, 0.24196277495769883, 0.001692047377326565, 0.2622673434856176, 0.2808798646362098, 0.4619289340101523, 0.19627749576988154, 0.3739424703891709, 0.18612521150592218, 0.01353637901861252, 0.4754653130287648, 0.16074450084602368, 0.4416243654822335, 0.00338409475465313], "1": [0.26436781609195403, 0.3530377668308703, 0.3333333333333333, 0.2134646962233169, 0.25779967159277506, 0.2824302134646962, 0.009852216748768473, 0.24302134646962234, 0.37766830870279144, 0.39080459770114945, 0.22495894909688013, 0.011494252873563218, 0.3251231527093596, 0.32348111658456485, 0.17405582922824303, 0.24466338259441708, 0.3136288998357964, 0.3825944170771757, 0.027914614121510674, 0.37438423645320196, 0.4269293924466338, 0.3415435139573071, 0.0361247947454844], "overall": [0.3458333333333333, 0.27166666666666667, 0.2791666666666667, 0.2325, 0.3333333333333333, 0.3258333333333333, 0.0075, 0.3, 0.3325, 0.31333333333333335, 0.23333333333333334, 0.006666666666666667, 0.2941666666666667, 0.3025, 0.31583333333333335, 0.22083333333333333, 0.3433333333333333, 0.28583333333333333, 0.020833333333333332, 0.4241666666666667, 0.29583333333333334, 0.3908333333333333, 0.02]}, "util": [0.0004166666666666667, 0.0475, 0.03125, 0.03125, 0.016666666666666666, 0.012916666666666667, 0.0020833333333333333, 0.02, 0.030416666666666668, 0.023333333333333334, 0.03666666666666667, 0.0016666666666666668, 0.035416666666666666, 0.025416666666666667, -0.009583333333333333, 0.05125, 0.0025, 0.030416666666666668, 0.007083333333333333, -0.02375, 0.022083333333333333, -0.012083333333333333, 0.0025], "DP": [0.1654122177489935, 0.16522050794762155, 0.10998307952622671, 0.03865036299834132, 0.15336784109758028, 0.08812816216982156, 0.004776074616788778, 0.11569269752360947, 0.09171230193460195, 0.15730205963008345, 0.017003825860818694, 0.009802205496236654, 0.06285580922374201, 0.04260125194835507, 0.28787310478190925, 0.04838588682453554, 0.060313570553374496, 0.1964692055712535, 0.014378235102898153, 0.10108107657556287, 0.2661848916006101, 0.1000808515249264, 0.03274069999083127], "FPR": [0.2070754823169222, 0.10218140068886336, 0.06688278066680174, 0.09301906755813691, 0.20298957700186848, 0.13648949821030595, 0.004975124378109453, 0.15344094009590062, 0.04447220909029512, 0.1035096013146935, 0.07944440692465274, 0.004975124378109453, 0.01508295625942685, 0.009128565318205328, 0.3265009792665631, 0.0038832984399270604, 0.09352558474595349, 0.13632065914770042, 0.00045023750028139794, 0.1415209022759506, 0.21412169919632607, 0.11684788726052991, 0.017638054073523785]}