{"acc_dict": {"0": [0.7916666666666666, 0.7916666666666666, 0.7916666666666666, 0.7916666666666666, 0.7916666666666666, 0.7916666666666666, 0.7916666666666666, 0.7916666666666666, 0.7916666666666666, 0.7916666666666666, 0.7916666666666666, 0.7916666666666666, 0.7916666666666666, 0.7916666666666666, 0.7916666666666666, 0.7916666666666666, 0.7916666666666666, 0.7916666666666666, 0.7916666666666666, 0.7916666666666666, 0.875, 0.6770833333333334, 0.7916666666666666, 0.7916666666666666, 0.8854166666666666, 0.875, 0.7916666666666666, 0.7916666666666666, 0.59375, 0.7604166666666666, 0.65625, 0.5104166666666666, 0.5520833333333334, 0.7395833333333334, 0.7083333333333334, 0.7395833333333334, 0.7708333333333334, 0.7395833333333334, 0.75, 0.6145833333333334, 0.78125, 0.8958333333333334, 0.8958333333333334, 0.8958333333333334, 0.8958333333333334, 0.84375, 0.8645833333333334, 0.7708333333333334, 0.7708333333333334, 0.8958333333333334, 0.8854166666666666, 0.7604166666666666, 0.6041666666666666, 0.75, 0.8541666666666666, 0.78125, 0.59375, 0.7916666666666666, 0.7916666666666666, 0.6875, 0.625, 0.6875, 0.625, 0.40625, 0.6458333333333334, 0.7916666666666666, 0.6979166666666666, 0.6875, 0.65625, 0.53125, 0.20833333333333334, 0.34375, 0.5, 0.20833333333333334, 0.3958333333333333, 0.5625, 0.4479166666666667, 0.6354166666666666, 0.4270833333333333, 0.625, 0.59375, 0.8020833333333334, 0.7395833333333334, 0.75, 0.7604166666666666, 0.5625, 0.71875, 0.7916666666666666, 0.7083333333333334, 0.7916666666666666, 0.7916666666666666, 0.6875, 0.6875, 0.7291666666666666, 0.7916666666666666, 0.8854166666666666, 0.8229166666666666, 0.7708333333333334, 0.7291666666666666, 0.8020833333333334, 0.7916666666666666, 0.78125, 0.8229166666666666, 0.75, 0.75, 0.6354166666666666, 0.5833333333333334, 0.5833333333333334, 0.5833333333333334, 0.8541666666666666, 0.7916666666666666, 0.7916666666666666, 0.7916666666666666, 0.7916666666666666, 0.7916666666666666, 0.7916666666666666, 0.7916666666666666, 0.7916666666666666, 0.53125, 0.6666666666666666, 0.6145833333333334, 0.7916666666666666, 0.7916666666666666, 0.7916666666666666, 0.7916666666666666, 0.7916666666666666, 0.7916666666666666, 0.7916666666666666, 0.7916666666666666, 0.7916666666666666, 0.7916666666666666, 0.7916666666666666, 0.7916666666666666, 0.78125, 0.7708333333333334, 0.5729166666666666], "1": [0.5865384615384616, 0.5865384615384616, 0.5865384615384616, 0.5865384615384616, 0.5865384615384616, 0.5865384615384616, 0.5865384615384616, 0.5865384615384616, 0.5865384615384616, 0.5865384615384616, 0.5865384615384616, 0.5865384615384616, 0.5865384615384616, 0.5865384615384616, 0.5865384615384616, 0.5865384615384616, 0.5865384615384616, 0.5865384615384616, 0.5865384615384616, 0.5865384615384616, 0.5865384615384616, 0.5961538461538461, 0.5865384615384616, 0.5865384615384616, 0.5865384615384616, 0.5865384615384616, 0.5865384615384616, 0.5865384615384616, 0.5769230769230769, 0.4807692307692308, 0.3942307692307692, 0.375, 0.5769230769230769, 0.5865384615384616, 0.7307692307692307, 0.7019230769230769, 0.6634615384615384, 0.7115384615384616, 0.6538461538461539, 0.5961538461538461, 0.6538461538461539, 0.5865384615384616, 0.5865384615384616, 0.5865384615384616, 0.5865384615384616, 0.6153846153846154, 0.5865384615384616, 0.6153846153846154, 0.6730769230769231, 0.5865384615384616, 0.8076923076923077, 0.7307692307692307, 0.5961538461538461, 0.7307692307692307, 0.7884615384615384, 0.625, 0.7211538461538461, 0.5192307692307693, 0.5865384615384616, 0.5865384615384616, 0.5865384615384616, 0.7692307692307693, 0.5769230769230769, 0.5192307692307693, 0.5961538461538461, 0.6538461538461539, 0.5865384615384616, 0.5865384615384616, 0.5865384615384616, 0.46153846153846156, 0.4519230769230769, 0.3557692307692308, 0.5096153846153846, 0.4326923076923077, 0.4519230769230769, 0.5961538461538461, 0.47115384615384615, 0.7211538461538461, 0.6442307692307693, 0.8076923076923077, 0.6538461538461539, 0.7115384615384616, 0.6923076923076923, 0.5576923076923077, 0.40384615384615385, 0.5, 0.5865384615384616, 0.5865384615384616, 0.5865384615384616, 0.5865384615384616, 0.5865384615384616, 0.5865384615384616, 0.5865384615384616, 0.5865384615384616, 0.5865384615384616, 0.5865384615384616, 0.5769230769230769, 0.5673076923076923, 0.5384615384615384, 0.5961538461538461, 0.6442307692307693, 0.6442307692307693, 0.6153846153846154, 0.7980769230769231, 0.8076923076923077, 0.8173076923076923, 0.625, 0.7115384615384616, 0.6153846153846154, 0.8076923076923077, 0.38461538461538464, 0.38461538461538464, 0.40384615384615385, 0.40384615384615385, 0.40384615384615385, 0.40384615384615385, 0.40384615384615385, 0.40384615384615385, 0.5, 0.5384615384615384, 0.5096153846153846, 0.5865384615384616, 0.5865384615384616, 0.5865384615384616, 0.5865384615384616, 0.5865384615384616, 0.5865384615384616, 0.5865384615384616, 0.5865384615384616, 0.5865384615384616, 0.5865384615384616, 0.40384615384615385, 0.40384615384615385, 0.40384615384615385, 0.375, 0.46153846153846156], "overall": [0.685, 0.685, 0.685, 0.685, 0.685, 0.685, 0.685, 0.685, 0.685, 0.685, 0.685, 0.685, 0.685, 0.685, 0.685, 0.685, 0.685, 0.685, 0.685, 0.685, 0.725, 0.635, 0.685, 0.685, 0.73, 0.725, 0.685, 0.685, 0.585, 0.615, 0.52, 0.44, 0.565, 0.66, 0.72, 0.72, 0.715, 0.725, 0.7, 0.605, 0.715, 0.735, 0.735, 0.735, 0.735, 0.725, 0.72, 0.69, 0.72, 0.735, 0.845, 0.745, 0.6, 0.74, 0.82, 0.7, 0.66, 0.65, 0.685, 0.635, 0.605, 0.73, 0.6, 0.465, 0.62, 0.72, 0.64, 0.635, 0.62, 0.495, 0.335, 0.35, 0.505, 0.325, 0.425, 0.58, 0.46, 0.68, 0.54, 0.72, 0.625, 0.755, 0.715, 0.65, 0.575, 0.53, 0.65, 0.685, 0.645, 0.685, 0.685, 0.635, 0.635, 0.655, 0.685, 0.73, 0.695, 0.665, 0.63, 0.695, 0.715, 0.71, 0.715, 0.775, 0.78, 0.73, 0.605, 0.65, 0.6, 0.83, 0.58, 0.58, 0.59, 0.59, 0.59, 0.59, 0.59, 0.59, 0.515, 0.6, 0.56, 0.685, 0.685, 0.685, 0.685, 0.685, 0.685, 0.685, 0.685, 0.685, 0.685, 0.59, 0.59, 0.585, 0.565, 0.515]}, "pred_dict": {"0": [0.0, 0.0, 0.0, 0.0, 0.0, 0.0, 0.0, 0.0, 0.0, 0.0, 0.0, 0.0, 0.0, 0.0, 0.0, 0.0, 0.0, 0.0, 0.0, 0.0, 0.0, 0.18269230769230768, 0.0, 0.0, 0.0, 0.0, 0.0, 0.0, 0.0673076923076923, 0.10576923076923077, 0.23076923076923078, 0.2692307692307692, 0.028846153846153848, 0.0, 0.3942307692307692, 0.21153846153846154, 0.23076923076923078, 0.2980769230769231, 0.27884615384615385, 0.5096153846153846, 0.16346153846153846, 0.0, 0.0, 0.0, 0.0, 0.14423076923076922, 0.0, 0.18269230769230768, 0.2403846153846154, 0.0, 0.4326923076923077, 0.47115384615384615, 0.3557692307692308, 0.5096153846153846, 0.47115384615384615, 0.11538461538461539, 0.36538461538461536, 0.20192307692307693, 0.0, 0.0, 0.0, 0.375, 0.009615384615384616, 0.2403846153846154, 0.20192307692307693, 0.2403846153846154, 0.0, 0.0, 0.0, 0.5096153846153846, 0.8269230769230769, 0.3076923076923077, 0.40384615384615385, 0.7884615384615384, 0.5384615384615384, 0.2980769230769231, 0.5, 0.5384615384615384, 0.6730769230769231, 0.49038461538461536, 0.5865384615384616, 0.5865384615384616, 0.22115384615384615, 0.16346153846153846, 0.22115384615384615, 0.08653846153846154, 0.0, 0.0, 0.0, 0.0, 0.0, 0.0, 0.0, 0.0, 0.0, 0.0, 0.04807692307692308, 0.11538461538461539, 0.18269230769230768, 0.16346153846153846, 0.057692307692307696, 0.1346153846153846, 0.16346153846153846, 0.4230769230769231, 0.4326923076923077, 0.40384615384615385, 0.4230769230769231, 0.3173076923076923, 0.4326923076923077, 0.4326923076923077, 0.25961538461538464, 0.25961538461538464, 0.22115384615384615, 0.22115384615384615, 0.22115384615384615, 0.22115384615384615, 0.22115384615384615, 0.22115384615384615, 0.08653846153846154, 0.0673076923076923, 0.07692307692307693, 0.0, 0.0, 0.0, 0.0, 0.0, 0.0, 0.0, 0.0, 0.0, 0.0, 0.22115384615384615, 0.22115384615384615, 0.22115384615384615, 0.2692307692307692, 0.16346153846153846],