{"UTIL": {"mean": -0.01674632352941177, "FQ": -0.0425, "TQ": 0.0075, "STD": 0.04381016855521678, "Q025": -0.1271875, "Q975": 0.0465625}, "ACC": {"mean": 0.6515073529411765, "FQ": 0.6, "TQ": 0.7, "STD": 0.08762033711043356, "Q025": 0.43062500000000004, "Q975": 0.7781250000000001}, "DP": {"mean": 0.10645856900452488, "FQ": 0.0, "TQ": 0.18689903846153844, "STD": 0.09317021720720017, "Q025": 0.0, "Q975": 0.2904647435897436}, "EOP": {"mean": 0.16192715458276333, "FQ": 0.0, "TQ": 0.2468023255813953, "STD": 0.19305461999416484, "Q025": 0.0, "Q975": 0.65}}