{"UTIL_mean": 0.05675, "UTIL_FQ": 0.05675, "UTIL_TQ": 0.05675, "ACC_mean": 0.793, "ACC_FQ": 0.793, "ACC_TQ": 0.793, "DP_mean": 0.009758782904614183, "DP_FQ": 0.009758782904614183, "DP_TQ": 0.009758782904614183, "FPR_mean": 0.06664164956682819, "FPR_FQ": 0.06664164956682819, "FPR_TQ": 0.06664164956682819, "UTIL_STD": 0.0, "ACC_STD": 0.0, "DP_STD": 0.0, "FPR_STD": 0.0, "UTIL_Q025": 0.05675, "UTIL_Q975": 0.05675, "ACC_Q025": 0.793, "ACC_Q975": 0.793, "DP_Q025": 0.009758782904614183, "DP_Q975": 0.009758782904614183, "FPR_Q025": 0.06664164956682819, "FPR_Q975": 0.06664164956682819}