{"acc_dict": {"0": [0.777319587628866], "1": [0.8077669902912621], "overall": [0.793]}, "pred_dict": {"0": [0.2824742268041237], "1": [0.2922330097087379], "overall": [0.2875]}, "util": [0.05675], "DP": [0.009758782904614183], "FPR": [0.06664164956682819]}