{"acc_dict": {"0": [0.7681895093062606, 0.7614213197969543, 0.7800338409475466, 0.8291032148900169, 0.7969543147208121], "1": [0.7750410509031199, 0.7307060755336617, 0.8144499178981938, 0.812807881773399, 0.7208538587848933], "overall": [0.7716666666666666, 0.7458333333333333, 0.7975, 0.8208333333333333, 0.7583333333333333]}, "pred_dict": {"0": [0.27580372250423013, 0.2961082910321489, 0.25042301184433163, 0.10998307952622674, 0.1455160744500846], "1": [0.35467980295566504, 0.43842364532019706, 0.25287356321839083, 0.23809523809523808, 0.34318555008210183], "overall": [0.31583333333333335, 0.36833333333333335, 0.25166666666666665, 0.175, 0.24583333333333332]}, "util": [0.035416666666666666, 0.0225, 0.04833333333333333, 0.06, 0.02875], "DP": [0.0788760804514349, 0.14231535428804815, 0.0024505513740591955, 0.12811215856901134, 0.19766947563201723], "FPR": [0.013027119527646513, 0.09181881027663505, 0.06888110699350627, 0.04873128661929532, 0.15242693140221444]}