{"UTIL_mean": 0.039, "UTIL_FQ": 0.02875, "UTIL_TQ": 0.04833333333333333, "ACC_mean": 0.7788333333333333, "ACC_FQ": 0.7583333333333333, "ACC_TQ": 0.7975, "DP_mean": 0.10988472406291416, "DP_FQ": 0.0788760804514349, "DP_TQ": 0.14231535428804815, "FPR_mean": 0.07497705096385952, "FPR_FQ": 0.04873128661929532, "FPR_TQ": 0.09181881027663505}