{"UTIL_mean": 0.010416666666666666, "UTIL_FQ": -0.03125, "UTIL_TQ": 0.125, "ACC_mean": 0.7708333333333334, "ACC_FQ": 0.6875, "ACC_TQ": 1.0, "DP_mean": 0.2916666666666667, "DP_FQ": 0.0, "DP_TQ": 0.5, "EOP_mean": 0.4166666666666667, "EOP_FQ": 0.0, "EOP_TQ": 1.0, "UTIL_STD": 0.11922419939853747, "ACC_STD": 0.23844839879707494, "DP_STD": 0.24650332429581734, "EOP_STD": 0.4930066485916347, "UTIL_Q025": -0.215625, "UTIL_Q975": 0.125, "ACC_Q025": 0.31875, "ACC_Q975": 1.0, "DP_Q025": 0.0, "DP_Q975": 0.5, "EOP_Q025": 0.0, "EOP_Q975": 1.0}