{"ACC": {"0": [0.8333333333333334, 0.8333333333333334, 0.8333333333333334, 0.8333333333333334], "1": [0.75, 0.75, 0.75, 0.75], "overall": [0.8, 0.8, 0.8, 0.8]}, "mean_pred": {"0": [0.16666666666666666, 0.16666666666666666, 0.16666666666666666, 0.16666666666666666], "1": [0.0, 0.5, 0.5, 0.5], "overall": [0.1, 0.3, 0.3, 0.3]}, "Utility": [0.05, 0.05, 0.05, 0.05], "DP": [0.16666666666666666, 0.33333333333333337, 0.33333333333333337, 0.33333333333333337], "TPR": [0.5, 0.5, 0.5, 0.5], "EO": [0.5, 0.5, 0.5, 0.5]}