{"UTIL_mean": 0.04025, "UTIL_FQ": 0.04025, "UTIL_TQ": 0.04025, "ACC_mean": 0.7925, "ACC_FQ": 0.7925, "ACC_TQ": 0.7925, "DP_mean": 0.026894204784305875, "DP_FQ": 0.026894204784305875, "DP_TQ": 0.026894204784305875, "FPR_mean": 0.08836621941594318, "FPR_FQ": 0.08836621941594318, "FPR_TQ": 0.08836621941594318, "UTIL_STD": 0.0, "ACC_STD": 0.0, "DP_STD": 0.0, "FPR_STD": 0.0, "UTIL_Q025": 0.04025, "UTIL_Q975": 0.04025, "ACC_Q025": 0.7925, "ACC_Q975": 0.7925, "DP_Q025": 0.026894204784305875, "DP_Q975": 0.026894204784305875, "FPR_Q025": 0.08836621941594318, "FPR_Q975": 0.08836621941594318}