{"acc_dict": {"0": [0.7670103092783506], "1": [0.816504854368932], "overall": [0.7925]}, "pred_dict": {"0": [0.27835051546391754], "1": [0.25145631067961166], "overall": [0.2645]}, "util": [0.04025], "DP": [0.026894204784305875], "FPR": [0.08836621941594318]}