{"UTIL_mean": 0.0205, "UTIL_FQ": 0.0205, "UTIL_TQ": 0.0205, "ACC_mean": 0.7405, "ACC_FQ": 0.7405, "ACC_TQ": 0.7405, "DP_mean": 0.28001201080972876, "DP_FQ": 0.28001201080972876, "DP_TQ": 0.28001201080972876, "FPR_mean": 0.22288111315735626, "FPR_FQ": 0.22288111315735626, "FPR_TQ": 0.22288111315735626, "UTIL_STD": 0.0, "ACC_STD": 0.0, "DP_STD": 0.0, "FPR_STD": 0.0, "UTIL_Q025": 0.0205, "UTIL_Q975": 0.0205, "ACC_Q025": 0.7405, "ACC_Q975": 0.7405, "DP_Q025": 0.28001201080972876, "DP_Q975": 0.28001201080972876, "FPR_Q025": 0.22288111315735626, "FPR_Q975": 0.22288111315735626}