{"acc_dict": {"0": [0.7793814432989691], "1": [0.7038834951456311], "overall": [0.7405]}, "pred_dict": {"0": [0.2597938144329897], "1": [0.5398058252427185], "overall": [0.404]}, "util": [0.0205], "DP": [0.28001201080972876], "FPR": [0.22288111315735626]}