{"acc_dict": {"0": [0.7495769881556683], "1": [0.6486042692939245], "overall": [0.6983333333333334]}, "pred_dict": {"0": [0.06260575296108291], "1": [0.07881773399014778], "overall": [0.07083333333333333]}, "util": [0.002916666666666667], "DP": [0.016211981029064876], "FPR": [0.02635582394611543]}