{"acc_dict": {"0": [0.75, 0.7592592592592593, 0.7870370370370371, 0.7962962962962963, 0.75, 0.8148148148148148, 0.7870370370370371, 0.7962962962962963, 0.8240740740740741, 0.75, 0.7777777777777778, 0.7777777777777778, 0.8240740740740741, 0.75, 0.7777777777777778, 0.7962962962962963, 0.75, 0.75, 0.75, 0.75, 0.75], "1": [0.6847826086956522, 0.7934782608695652, 0.6847826086956522, 0.7717391304347826, 0.6630434782608695, 0.7391304347826086, 0.6630434782608695, 0.5543478260869565, 0.75, 0.6630434782608695, 0.6630434782608695, 0.6630434782608695, 0.6630434782608695, 0.7608695652173914, 0.7608695652173914, 0.7608695652173914, 0.6630434782608695, 0.6630434782608695, 0.6630434782608695, 0.6630434782608695, 0.6630434782608695], "overall": [0.72, 0.775, 0.74, 0.785, 0.71, 0.78, 0.73, 0.685, 0.79, 0.71, 0.725, 0.725, 0.75, 0.755, 0.77, 0.78, 0.71, 0.71, 0.71, 0.71, 0.71]}, "pred_dict": {"0": [0.043478260869565216, 0.15217391304347827, 0.043478260869565216, 0.21739130434782608, 0.0, 0.31521739130434784, 0.30434782608695654, 0.391304347826087, 0.34782608695652173, 0.0, 0.0, 0.0, 0.0, 0.14130434782608695, 0.14130434782608695, 0.14130434782608695, 0.0, 0.0, 0.0, 0.0, 0.0], "1": [0.0, 0.009259259259259259, 0.05555555555555555, 0.06481481481481481, 0.0, 0.08333333333333333, 0.1111111111111111, 0.1388888888888889, 0.09259259259259259, 0.0, 0.027777777777777776, 0.027777777777777776, 0.09259259259259259, 0.0, 0.027777777777777776, 0.046296296296296294, 0.0, 0.0, 0.0, 0.0, 0.0], "overall": [0.02, 0.075, 0.05, 0.135, 0.0, 0.19, 0.2, 0.255, 0.21, 0.0, 0.015, 0.015, 0.05, 0.065, 0.08, 0.09, 0.0, 0.0, 0.0, 0.0, 0.0]}, "util": [0.005, 0.0325, 0.015, 0.0375, 0.0, 0.035, 0.01, -0.0125, 0.04, 0.0, 0.0075, 0.0075, 0.02, 0.0225, 0.03, 0.035, 0.0, 0.0, 0.0, 0.0, 0.0], "DP": [0.043478260869565216, 0.14291465378421903, 0.012077294685990336, 0.15257648953301128, 0.0, 0.23188405797101452, 0.19323671497584544, 0.2524154589371981, 0.25523349436392917, 0.0, 0.027777777777777776, 0.027777777777777776, 0.09259259259259259, 0.14130434782608695, 0.11352657004830917, 0.09500805152979065, 0.0, 0.0, 0.0, 0.0, 0.0], "EOP": [0.0967741935483871, 0.3823178016726404, 0.08841099163679808, 0.2616487455197133, 0.0, 0.28434886499402634, 0.15531660692951016, 0.048984468339307086, 0.3118279569892473, 0.0, 0.1111111111111111, 0.1111111111111111, 0.3333333333333333, 0.3548387096774194, 0.24372759856630827, 0.1696535244922342, 0.0, 0.0, 0.0, 0.0, 0.0]}