{"UTIL": {"mean": 0.013571428571428573, "FQ": 0.0, "TQ": 0.03, "STD": 0.015537424645862339, "Q025": -0.00625, "Q975": 0.03875}, "ACC": {"mean": 0.7371428571428573, "FQ": 0.71, "TQ": 0.77, "STD": 0.031074849291724688, "Q025": 0.6975, "Q975": 0.7875000000000001}, "DP": {"mean": 0.08484778774633847, "FQ": 0.0, "TQ": 0.14291465378421903, "STD": 0.08904920750783687, "Q025": 0.0, "Q975": 0.2538244766505636}, "EOP": {"mean": 0.1406383341867213, "FQ": 0.0, "TQ": 0.2616487455197133, "STD": 0.13290864596097637, "Q025": 0.0, "Q975": 0.3685782556750299}}