{"UTIL": {"mean": -0.026395798783858483, "FQ": -0.06481481481481481, "TQ": 0.018518518518518517, "STD": 0.06110399974557834, "Q025": -0.14814814814814814, "Q975": 0.07407407407407407}, "ACC": {"mean": 0.5953565505804312, "FQ": 0.5185185185185185, "TQ": 0.6851851851851852, "STD": 0.1222079994911567, "Q025": 0.35185185185185186, "Q975": 0.7962962962962963}, "DP": {"mean": 0.1741991305743373, "FQ": 0.08695652173913043, "TQ": 0.24263674614305747, "STD": 0.10489239761343763, "Q025": 0.0, "Q975": 0.37307152875175315}, "EOP": {"mean": 0.13421779988944166, "FQ": 0.033333333333333326, "TQ": 0.18888888888888888, "STD": 0.12116667260558775, "Q025": 0.0, "Q975": 0.4444444444444444}}