{"acc_dict": {"0": [0.8425925925925926, 0.8148148148148148, 0.8240740740740741, 0.8240740740740741, 0.8333333333333334, 0.7870370370370371, 0.8148148148148148, 0.8148148148148148, 0.8333333333333334, 0.8148148148148148, 0.8425925925925926, 0.8425925925925926, 0.8425925925925926, 0.8333333333333334, 0.8148148148148148, 0.8148148148148148, 0.8333333333333334, 0.8333333333333334, 0.8240740740740741, 0.8240740740740741, 0.8240740740740741, 0.8240740740740741, 0.8240740740740741, 0.8240740740740741, 0.8240740740740741, 0.75, 0.75, 0.75, 0.75, 0.7870370370370371, 0.75, 0.75, 0.8148148148148148, 0.7592592592592593, 0.8055555555555556, 0.8518518518518519, 0.7962962962962963, 0.7685185185185185, 0.7314814814814815, 0.7592592592592593, 0.7870370370370371], "1": [0.7608695652173914, 0.7608695652173914, 0.7282608695652174, 0.7608695652173914, 0.75, 0.5869565217391305, 0.5869565217391305, 0.5869565217391305, 0.6739130434782609, 0.6739130434782609, 0.6739130434782609, 0.75, 0.7608695652173914, 0.7608695652173914, 0.7608695652173914, 0.7608695652173914, 0.7608695652173914, 0.75, 0.75, 0.75, 0.75, 0.7717391304347826, 0.75, 0.7608695652173914, 0.7717391304347826, 0.5869565217391305, 0.6739130434782609, 0.6847826086956522, 0.7282608695652174, 0.5869565217391305, 0.7608695652173914, 0.7608695652173914, 0.5869565217391305, 0.717391304347826, 0.7608695652173914, 0.75, 0.7282608695652174, 0.75, 0.6847826086956522, 0.6521739130434783, 0.6739130434782609], "overall": [0.805, 0.79, 0.78, 0.795, 0.795, 0.695, 0.71, 0.71, 0.76, 0.75, 0.765, 0.8, 0.805, 0.8, 0.79, 0.79, 0.8, 0.795, 0.79, 0.79, 0.79, 0.8, 0.79, 0.795, 0.8, 0.675, 0.715, 0.72, 0.74, 0.695, 0.755, 0.755, 0.71, 0.74, 0.785, 0.805, 0.765, 0.76, 0.71, 0.71, 0.735]}, "pred_dict": {"0": [0.1956521739130435, 0.2391304347826087, 0.16304347826086957, 0.21739130434782608, 0.25, 0.0, 0.0, 0.0, 0.10869565217391304, 0.10869565217391304, 0.10869565217391304, 0.18478260869565216, 0.21739130434782608, 0.2391304347826087, 0.21739130434782608, 0.21739130434782608, 0.21739130434782608, 0.25, 0.25, 0.25, 0.25, 0.29347826086956524, 0.25, 0.2608695652173913, 0.29347826086956524, 0.0, 0.10869565217391304, 0.11956521739130435, 0.16304347826086957, 0.0, 0.2391304347826087, 0.2391304347826087, 0.0, 0.2391304347826087, 0.2608695652173913, 0.31521739130434784, 0.29347826086956524, 0.20652173913043478, 0.22826086956521738, 0.06521739130434782, 0.10869565217391304], "1": [0.12962962962962962, 0.10185185185185185, 0.07407407407407407, 0.09259259259259259, 0.12037037037037036, 0.037037037037037035, 0.06481481481481481, 0.10185185185185185, 0.08333333333333333, 0.10185185185185185, 0.16666666666666666, 0.14814814814814814, 0.14814814814814814, 0.1574074074074074, 0.21296296296296297, 0.21296296296296297, 0.23148148148148148, 0.23148148148148148, 0.24074074074074073, 0.24074074074074073, 0.24074074074074073, 0.24074074074074073, 0.24074074074074073, 0.24074074074074073, 0.25925925925925924, 0.0, 0.0, 0.0, 0.0, 0.037037037037037035, 0.0, 0.0, 0.21296296296296297, 0.046296296296296294, 0.05555555555555555, 0.1388888888888889, 0.12037037037037036, 0.05555555555555555, 0.05555555555555555, 0.009259259259259259, 0.037037037037037035], "overall": [0.16, 0.165, 0.115, 0.15, 0.18, 0.02, 0.035, 0.055, 0.095, 0.105, 0.14, 0.165, 0.18, 0.195, 0.215, 0.215, 0.225, 0.24, 0.245, 0.245, 0.245, 0.265, 0.245, 0.25, 0.275, 0.0, 0.05, 0.055, 0.075, 0.02, 0.11, 0.11, 0.115, 0.135, 0.15, 0.22, 0.2, 0.125, 0.135, 0.035, 0.07]}, "util": [0.065, 0.0575, 0.0525, 0.06, 0.06, 0.01, 0.0175, 0.0175, 0.0425, 0.0375, 0.045, 0.0625, 0.065, 0.0625, 0.0575, 0.0575, 0.0625, 0.06, 0.0575, 0.0575, 0.0575, 0.0625, 0.0575, 0.06, 0.0625, 0.0, 0.02, 0.0225, 0.0325, 0.01, 0.04, 0.04, 0.0175, 0.0325, 0.055, 0.065, 0.045, 0.0425, 0.0175, 0.0175, 0.03], "DP": [0.06602254428341386, 0.13727858293075684, 0.0889694041867955, 0.1247987117552335, 0.12962962962962965, 0.037037037037037035, 0.06481481481481481, 0.10185185185185185, 0.025362318840579712, 0.006843800322061194, 0.05797101449275362, 0.03663446054750402, 0.06924315619967794, 0.08172302737520129, 0.004428341384863116, 0.004428341384863116, 0.014090177133655402, 0.018518518518518517, 0.009259259259259273, 0.009259259259259273, 0.009259259259259273, 0.05273752012882452, 0.009259259259259273, 0.02012882447665057, 0.034219001610306, 0.0, 0.10869565217391304, 0.11956521739130435, 0.16304347826086957, 0.037037037037037035, 0.2391304347826087, 0.2391304347826087, 0.21296296296296297, 0.19283413848631242, 0.20531400966183574, 0.17632850241545894, 0.1731078904991949, 0.15096618357487923, 0.17270531400966183, 0.055958132045088566, 0.071658615136876], "EOP": [0.002923976608187162, 0.16666666666666669, 0.07212475633528265, 0.14035087719298245, 0.09259259259259262, 0.14814814814814814, 0.25925925925925924, 0.3333333333333333, 0.09649122807017543, 0.09649122807017543, 0.28167641325536064, 0.06042884990253411, 0.007797270955165692, 0.018518518518518545, 0.08187134502923982, 0.08187134502923982, 0.1559454191033139, 0.12962962962962965, 0.12962962962962965, 0.12962962962962965, 0.12962962962962965, 0.050682261208576995, 0.12962962962962965, 0.10331384015594547, 0.08771929824561397, 0.0, 0.23684210526315788, 0.2631578947368421, 0.3684210526315789, 0.14814814814814814, 0.5, 0.5, 0.5555555555555556, 0.3362573099415205, 0.30409356725146197, 0.0974658869395712, 0.19298245614035087, 0.29922027290448344, 0.3206627680311891, 0.12085769980506822, 0.08869395711500974]}