{"UTIL": {"mean": 0.04378048780487805, "FQ": 0.03, "TQ": 0.06, "STD": 0.019040409140820773, "Q025": 0.01, "Q975": 0.065}, "ACC": {"mean": 0.7625609756097561, "FQ": 0.735, "TQ": 0.795, "STD": 0.038080818281641574, "Q025": 0.695, "Q975": 0.805}, "DP": {"mean": 0.08615136876006442, "FQ": 0.02012882447665057, "TQ": 0.13727858293075684, "STD": 0.07196785125653045, "Q025": 0.004428341384863116, "Q975": 0.2391304347826087}, "EOP": {"mean": 0.17850520610469262, "FQ": 0.08869395711500974, "TQ": 0.2631578947368421, "STD": 0.13602274319968688, "Q025": 0.002923976608187162, "Q975": 0.5}}