{"UTIL_mean": -0.020833333333333332, "UTIL_FQ": 0.0, "UTIL_TQ": 0.0, "ACC_mean": 0.9583333333333334, "ACC_FQ": 1.0, "ACC_TQ": 1.0, "DP_mean": 0.08333333333333333, "DP_FQ": 0.0, "DP_TQ": 0.0, "EOP_mean": 0.0, "EOP_FQ": 0.0, "EOP_TQ": 0.0, "UTIL_STD": 0.04658474953124561, "ACC_STD": 0.09316949906249122, "DP_STD": 0.18633899812498245, "EOP_STD": 0.0, "UTIL_Q025": -0.125, "UTIL_Q975": 0.0, "ACC_Q025": 0.75, "ACC_Q975": 1.0, "DP_Q025": 0.0, "DP_Q975": 0.5, "EOP_Q025": 0.0, "EOP_Q975": 0.0}