{"UTIL": {"mean": -0.04351851851851852, "FQ": -0.057870370370370364, "TQ": -0.02546296296296296, "STD": 0.02951366194538746, "Q025": -0.09282407407407406, "Q975": 0.018518518518518517}, "ACC": {"mean": 0.6351851851851851, "FQ": 0.6064814814814815, "TQ": 0.6712962962962963, "STD": 0.05902732389077492, "Q025": 0.5365740740740742, "Q975": 0.7592592592592593}, "DP": {"mean": 0.11725105189340815, "FQ": 0.03120617110799439, "TQ": 0.1967040673211781, "STD": 0.09498922991217056, "Q025": 0.015182328190743312, "Q975": 0.28863955119214574}, "EOP": {"mean": 0.18660714285714283, "FQ": 0.0714285714285714, "TQ": 0.24107142857142858, "STD": 0.1732211891113291, "Q025": 0.0, "Q975": 0.6133928571428567}}