{"acc_dict": {"0": [0.8387096774193549, 0.7419354838709677, 0.7741935483870968, 0.6129032258064516, 0.7741935483870968, 0.5483870967741935, 0.6451612903225806, 0.6129032258064516, 0.7096774193548387, 0.6774193548387096, 0.6774193548387096, 0.6774193548387096, 0.6451612903225806, 0.6129032258064516, 0.6451612903225806, 0.6774193548387096, 0.6774193548387096, 0.6129032258064516, 0.7419354838709677, 0.7096774193548387, 0.7096774193548387, 0.6774193548387096, 0.5806451612903226, 0.6451612903225806, 0.6451612903225806, 0.6451612903225806, 0.6129032258064516, 0.6451612903225806, 0.5806451612903226, 0.5483870967741935, 0.5806451612903226, 0.5806451612903226, 0.6129032258064516, 0.6129032258064516, 0.5483870967741935, 0.5483870967741935, 0.5806451612903226, 0.6451612903225806, 0.5806451612903226, 0.5483870967741935], "1": [0.6521739130434783, 0.782608695652174, 0.6086956521739131, 0.6086956521739131, 0.6086956521739131, 0.5652173913043478, 0.6956521739130435, 0.391304347826087, 0.6956521739130435, 0.5217391304347826, 0.4782608695652174, 0.7391304347826086, 0.6521739130434783, 0.6086956521739131, 0.5652173913043478, 0.6086956521739131, 0.5217391304347826, 0.6086956521739131, 0.6521739130434783, 0.6521739130434783, 0.782608695652174, 0.782608695652174, 0.6521739130434783, 0.6956521739130435, 0.6521739130434783, 0.6521739130434783, 0.6521739130434783, 0.6521739130434783, 0.6956521739130435, 0.6956521739130435, 0.5652173913043478, 0.5652173913043478, 0.6086956521739131, 0.5652173913043478, 0.5652173913043478, 0.5652173913043478, 0.6086956521739131, 0.5652173913043478, 0.6956521739130435, 0.5217391304347826], "overall": [0.7592592592592593, 0.7592592592592593, 0.7037037037037037, 0.6111111111111112, 0.7037037037037037, 0.5555555555555556, 0.6666666666666666, 0.5185185185185185, 0.7037037037037037, 0.6111111111111112, 0.5925925925925926, 0.7037037037037037, 0.6481481481481481, 0.6111111111111112, 0.6111111111111112, 0.6481481481481481, 0.6111111111111112, 0.6111111111111112, 0.7037037037037037, 0.6851851851851852, 0.7407407407407407, 0.7222222222222222, 0.6111111111111112, 0.6666666666666666, 0.6481481481481481, 0.6481481481481481, 0.6296296296296297, 0.6481481481481481, 0.6296296296296297, 0.6111111111111112, 0.5740740740740741, 0.5740740740740741, 0.6111111111111112, 0.5925925925925926, 0.5555555555555556, 0.5555555555555556, 0.5925925925925926, 0.6111111111111112, 0.6296296296296297, 0.5370370370370371]}, "pred_dict": {"0": [0.17391304347826086, 0.13043478260869565, 0.21739130434782608, 0.21739130434782608, 0.043478260869565216, 0.08695652173913043, 0.391304347826087, 0.2608695652173913, 0.13043478260869565, 0.5652173913043478, 0.5217391304347826, 0.08695652173913043, 0.17391304347826086, 0.391304347826087, 0.34782608695652173, 0.391304347826087, 0.391304347826087, 0.391304347826087, 0.0, 0.08695652173913043, 0.13043478260869565, 0.13043478260869565, 0.43478260869565216, 0.21739130434782608, 0.34782608695652173, 0.2608695652173913, 0.17391304347826086, 0.43478260869565216, 0.21739130434782608, 0.21739130434782608, 0.43478260869565216, 0.43478260869565216, 0.391304347826087, 0.43478260869565216, 0.43478260869565216, 0.43478260869565216, 0.30434782608695654, 0.43478260869565216, 0.391304347826087, 0.4782608695652174], "1": [0.3225806451612903, 0.22580645161290322, 0.1935483870967742, 0.3548387096774194, 0.0, 0.41935483870967744, 0.25806451612903225, 0.5483870967741935, 0.3225806451612903, 0.3548387096774194, 0.2903225806451613, 0.3548387096774194, 0.3870967741935484, 0.41935483870967744, 0.3225806451612903, 0.41935483870967744, 0.3548387096774194, 0.3548387096774194, 0.03225806451612903, 0.3225806451612903, 0.3225806451612903, 0.3548387096774194, 0.3870967741935484, 0.3870967741935484, 0.3225806451612903, 0.45161290322580644, 0.41935483870967744, 0.3870967741935484, 0.3225806451612903, 0.4838709677419355, 0.45161290322580644, 0.45161290322580644, 0.41935483870967744, 0.41935483870967744, 0.4838709677419355, 0.4838709677419355, 0.45161290322580644, 0.3870967741935484, 0.45161290322580644, 0.4838709677419355], "overall": [0.25925925925925924, 0.18518518518518517, 0.2037037037037037, 0.2962962962962963, 0.018518518518518517, 0.2777777777777778, 0.3148148148148148, 0.42592592592592593, 0.24074074074074073, 0.4444444444444444, 0.3888888888888889, 0.24074074074074073, 0.2962962962962963, 0.4074074074074074, 0.3333333333333333, 0.4074074074074074, 0.37037037037037035, 0.37037037037037035, 0.018518518518518517, 0.2222222222222222, 0.24074074074074073, 0.25925925925925924, 0.4074074074074074, 0.3148148148148148, 0.3333333333333333, 0.37037037037037035, 0.3148148148148148, 0.4074074074074074, 0.2777777777777778, 0.37037037037037035, 0.4444444444444444, 0.4444444444444444, 0.4074074074074074, 0.42592592592592593, 0.46296296296296297, 0.46296296296296297, 0.3888888888888889, 0.4074074074074074, 0.42592592592592593, 0.48148148148148145]}, "util": [0.018518518518518517, 0.018518518518518517, -0.009259259259259259, -0.05555555555555555, -0.009259259259259259, -0.08333333333333333, -0.027777777777777776, -0.10185185185185185, -0.009259259259259259, -0.05555555555555555, -0.06481481481481481, -0.009259259259259259, -0.037037037037037035, -0.05555555555555555, -0.05555555555555555, -0.037037037037037035, -0.05555555555555555, -0.05555555555555555, -0.009259259259259259, -0.018518518518518517, 0.009259259259259259, 0.0, -0.05555555555555555, -0.027777777777777776, -0.037037037037037035, -0.037037037037037035, -0.046296296296296294, -0.037037037037037035, -0.046296296296296294, -0.05555555555555555, -0.07407407407407407, -0.07407407407407407, -0.05555555555555555, -0.06481481481481481, -0.08333333333333333, -0.08333333333333333, -0.06481481481481481, -0.05555555555555555, -0.046296296296296294, -0.09259259259259259], "DP": [0.14866760168302945, 0.09537166900420757, 0.023842917251051893, 0.1374474053295933, 0.043478260869565216, 0.332398316970547, 0.13323983169705472, 0.2875175315568022, 0.19214586255259467, 0.2103786816269284, 0.23141654978962128, 0.26788218793828894, 0.2131837307152875, 0.028050490883590462, 0.025245441795231416, 0.028050490883590462, 0.0364656381486676, 0.0364656381486676, 0.03225806451612903, 0.23562412342215988, 0.19214586255259467, 0.22440392706872372, 0.047685834502103785, 0.1697054698457223, 0.025245441795231416, 0.19074333800841514, 0.24544179523141657, 0.047685834502103785, 0.10518934081346423, 0.26647966339410945, 0.016830294530154277, 0.016830294530154277, 0.028050490883590462, 0.015427769985974726, 0.049088359046283336, 0.049088359046283336, 0.1472650771388499, 0.047685834502103785, 0.060308555399719466, 0.005610098176718092], "EOP": [0.6071428571428571, 0.05357142857142855, 0.17857142857142855, 0.17857142857142855, 0.0, 0.42857142857142855, 0.3392857142857143, 0.8571428571428571, 0.3214285714285714, 0.0535714285714286, 0.07142857142857145, 0.3214285714285714, 0.3214285714285714, 0.0714285714285714, 0.05357142857142855, 0.2142857142857143, 0.1964285714285714, 0.07142857142857145, 0.0, 0.4464285714285714, 0.1964285714285714, 0.1964285714285714, 0.19642857142857145, 0.1964285714285714, 0.07142857142857145, 0.3392857142857143, 0.3214285714285714, 0.0535714285714286, 0.0892857142857143, 0.1964285714285714, 0.0714285714285714, 0.0714285714285714, 0.0714285714285714, 0.0714285714285714, 0.0714285714285714, 0.0714285714285714, 0.1964285714285714, 0.0714285714285714, 0.0535714285714286, 0.0714285714285714]}