{"UTIL_mean": -0.1335, "UTIL_FQ": -0.2, "UTIL_TQ": -0.025, "ACC_mean": 0.733, "ACC_FQ": 0.6, "ACC_TQ": 0.95, "DP_mean": 0.08585858585858583, "DP_FQ": 0.017676767676767687, "DP_TQ": 0.14141414141414144, "EOP_mean": 0.0, "EOP_FQ": 0.0, "EOP_TQ": 0.0, "UTIL_STD": 0.1388443372990055, "ACC_STD": 0.27768867459801094, "DP_STD": 0.08323992315993983, "EOP_STD": 0.0, "UTIL_Q025": -0.5, "UTIL_Q975": 0.0, "ACC_Q025": 0.0, "ACC_Q975": 1.0, "DP_Q025": 0.0, "DP_Q975": 0.30404040404040367, "EOP_Q025": 0.0, "EOP_Q975": 0.0}