{"RT": 5.0, "regt": {"mean": 0.4375, "FQ": 0.0, "TQ": 0.5, "STD": 0.34798527267687634, "Q025": 0.0, "Q975": 1.0}, "regt_cum": {"mean": 4.0625, "FQ": 2.5, "TQ": 5.625, "STD": 2.0068242947502903, "Q025": 0.375, "Q975": 6.8125}, "regT": {"mean": 0.3125, "FQ": 0.0, "TQ": 0.5, "STD": 0.24206145913796356, "Q025": 0.0, "Q975": 0.5}, "regT_cum": {"mean": 2.28125, "FQ": 0.875, "TQ": 3.625, "STD": 1.6674151964942625, "Q025": 0.0, "Q975": 4.8125}}