{"regt": [0, 1, 1, 0.5, -0.18698700054881567, 0.5, 1.0, -0.25461596420759036, 0.5, 0.5, -0.40958165896161836, 0.5, 0.5, 0.5, -0.6585920979455244, 0.5], "regt_cum": [0.0, 1.0, 2.0, 2.5, 2.3130129994511845, 2.8130129994511845, 3.8130129994511845, 3.558397035243594, 4.058397035243594, 4.558397035243594, 4.148815376281975, 4.648815376281975, 5.148815376281975, 5.648815376281975, 4.990223278336451, 5.490223278336451], "regT": [0, 0, 0, 0.5, 0.5, 0.5, -0.2938767288830071, 0.5, 0.5, 0.5, -0.40958165896161836, 0.5, 0.5, 0.5, -0.6585920979455244, 0.5], "regT_cum": [0.0, 0.0, 0.0, 0.5, 1.0, 1.5, 1.206123271116993, 1.706123271116993, 2.2061232711169927, 2.7061232711169927, 2.2965416121553743, 2.7965416121553743, 3.2965416121553743, 3.7965416121553743, 3.1379495142098497, 3.6379495142098497]}