{"RT": 3.6379495142098497, "regt": {"mean": 0.3431389548960282, "FQ": -0.04674675013720392, "TQ": 0.5, "STD": 0.4884532114596179, "Q025": -0.5652131833265597, "Q975": 1.0}, "regt_cum": {"mean": 3.543121135367821, "FQ": 2.4532532498627964, "TQ": 4.734167351795595, "STD": 1.5888877633170786, "Q025": 0.375, "Q975": 5.5893433395524035}, "regT": {"mean": 0.22737184463811563, "FQ": 0.0, "TQ": 0.5, "STD": 0.3841139908011345, "Q025": -0.5652131833265597, "Q975": 0.5}, "regT_cum": {"mean": 1.861659910094323, "FQ": 0.875, "TQ": 2.8818935876689933, "STD": 1.2762322005034468, "Q025": 0.0, "Q975": 3.7370695754258025}}