{"UTIL_mean": -0.21875, "UTIL_FQ": -0.28125, "UTIL_TQ": -0.125, "ACC_mean": 0.5625, "ACC_FQ": 0.4375, "ACC_TQ": 0.75, "DP_mean": 0.375, "DP_FQ": 0.0, "DP_TQ": 0.5, "EOP_mean": 0.0, "EOP_FQ": 0.0, "EOP_TQ": 0.0, "UTIL_STD": 0.16237976320958225, "ACC_STD": 0.3247595264191645, "DP_STD": 0.36084391824351614, "EOP_STD": 0.0, "UTIL_Q025": -0.5, "UTIL_Q975": 0.0, "ACC_Q025": 0.0, "ACC_Q975": 1.0, "DP_Q025": 0.0, "DP_Q975": 1.0, "EOP_Q025": 0.0, "EOP_Q975": 0.0}