{"cum-loop-time": [5.2713048458099365, 11.815155982971191, 19.666313886642456, 29.510450839996338, 40.366161823272705, 52.982643842697144, 66.99112796783447, 82.23896098136902, 99.03778314590454, 118.68621230125427, 138.68743324279785], "cum-varOracle-time": [5.078078508377075, 11.407220602035522, 19.046942949295044, 28.667534351348877, 39.30473470687866, 51.697261333465576, 65.48241806030273, 80.5129656791687, 97.09199547767639, 116.49772787094116, 136.26567602157593], "num_lossOracle_calls": 11, "num_varOracle_calls": 110, "num_var_policies added": [10, 10, 10, 10, 10, 10, 10, 10, 10, 10, 10]}