{"ACC": {"0": [0.772256728778468, 0.7725563909774437, 0.7282157676348547, 0.7504990019960079, 0.801980198019802, 0.7690802348336595, 0.7282157676348547, 0.7400793650793651, 0.815028901734104, 0.8106508875739645, 0.7166324435318275, 0.805327868852459, 0.7302504816955684, 0.7718253968253969, 0.7760314341846758, 0.8037383177570093, 0.7931034482758621, 0.7782258064516129, 0.7402061855670103, 0.7573385518590998, 0.8123711340206186, 0.7887323943661971], "1": [0.816247582205029, 0.7991452991452992, 0.7934362934362934, 0.8136272545090181, 0.7555555555555555, 0.8261758691206544, 0.8262548262548263, 0.8004032258064516, 0.7650727650727651, 0.7728194726166329, 0.8070175438596491, 0.744140625, 0.8212058212058212, 0.8366935483870968, 0.7942973523421588, 0.7548387096774194, 0.799163179916318, 0.7996031746031746, 0.7320388349514563, 0.7811860940695297, 0.7747572815533981, 0.7634194831013916], "overall": [0.795, 0.785, 0.762, 0.782, 0.779, 0.797, 0.779, 0.77, 0.791, 0.792, 0.763, 0.774, 0.774, 0.804, 0.785, 0.781, 0.796, 0.789, 0.736, 0.769, 0.793, 0.776]}, "mean_pred": {"0": [0.14285714285714285, 0.21052631578947367, 0.2033195020746888, 0.09181636726546906, 0.27524752475247527, 0.14481409001956946, 0.11203319502074689, 0.14285714285714285, 0.2350674373795761, 0.27613412228796846, 0.1437371663244353, 0.21106557377049182, 0.0789980732177264, 0.15674603174603174, 0.21021611001964635, 0.16822429906542055, 0.1781609195402299, 0.19556451612903225, 0.09896907216494845, 0.22504892367906065, 0.21649484536082475, 0.2917505030181087], "1": [0.17408123791102514, 0.26282051282051283, 0.22393822393822393, 0.11222444889779559, 0.30303030303030304, 0.13496932515337423, 0.1583011583011583, 0.1774193548387097, 0.2661122661122661, 0.30425963488843816, 0.18908382066276802, 0.234375, 0.13097713097713098, 0.14112903225806453, 0.1955193482688391, 0.3311827956989247, 0.20292887029288703, 0.22420634920634921, 0.141747572815534, 0.26993865030674846, 0.2563106796116505, 0.2922465208747515], "overall": [0.159, 0.235, 0.214, 0.102, 0.289, 0.14, 0.136, 0.16, 0.25, 0.29, 0.167, 0.223, 0.104, 0.149, 0.203, 0.244, 0.19, 0.21, 0.121, 0.247, 0.237, 0.292]}, "Utility": [0.122, 0.172, 0.139, 0.086, 0.194, 0.114, 0.107, 0.111, 0.17, 0.192, 0.106, 0.142, 0.085, 0.123, 0.139, 0.152, 0.144, 0.153, 0.082, 0.163, 0.175, 0.192], "DP": [0.031224095053882295, 0.05229419703103916, 0.02061872186353514, 0.020408081632326533, 0.02778277827782777, 0.009844764866195232, 0.0462679632804114, 0.03456221198156684, 0.031044828732690016, 0.028125512600469693, 0.04534665433833271, 0.023309426229508184, 0.05197905775940459, 0.015616999487967215, 0.014696761750807252, 0.16295849663350417, 0.024767950752657142, 0.028641833077316964, 0.04277850065058554, 0.04488972662768781, 0.03981583425082574, 0.0004960178566428275], "TPR": [0.10794934758534358, 0.14379995900799347, 0.1297187851518561, 0.09433128834355825, 0.013136958916404873, 0.03952470915780054, 0.17880887723569622, 0.12430174381891484, 0.020129043984005723, 0.014527629233511585, 0.19360902255639095, 0.06795211461093126, 0.17476640134473725, 0.05132743362831854, 0.0029694498968241834, 0.21383647798742134, 0.04481404481404477, 0.08259740259740256, 0.0016700924974306086, 0.1256901873831573, 0.0182539682539683, 0.011661314855501148], "EO": [0.10794934758534358, 0.14379995900799347, 0.1297187851518561, 0.09433128834355825, 0.12193422519509477, 0.03952470915780054, 0.17880887723569622, 0.12430174381891484, 0.08591778591778591, 0.08213255299736144, 0.19360902255639095, 0.09866286889785583, 0.17476640134473725, 0.05132743362831854, 0.04952153110047848, 0.21383647798742134, 0.081524285491176, 0.08259740259740256, 0.08628095845358749, 0.1256901873831573, 0.11777049180327867, 0.0965671370286635]}