{"ACC": {"0": [0.80623973727422], "1": [0.7952622673434856], "overall": [0.8008333333333333]}, "mean_pred": {"0": [0.24027072758037224], "1": [0.3136288998357964], "overall": [0.2775]}, "Utility": [0.057916666666666665], "DP": [0.07335817225542415]}