{"ACC_mean": 0.8008333333333333, "mean_pred_mean": 0.2775, "Utility_mean": 0.057916666666666665, "DP_mean": 0.07335817225542415}