{"UTIL": {"mean": 0.017045454545454544, "FQ": -0.0012499999999999994, "TQ": 0.035, "STD": 0.031075753882067656, "Q025": -0.038125, "Q975": 0.05375}, "ACC": {"mean": 0.7440909090909091, "FQ": 0.7075, "TQ": 0.78, "STD": 0.062151507764135305, "Q025": 0.63375, "Q975": 0.8174999999999999}, "DP": {"mean": 0.1811625874125874, "FQ": 0.14623397435897434, "TQ": 0.20032051282051283, "STD": 0.05673790351099903, "Q025": 0.08313301282051283, "Q975": 0.2714342948717949}, "EOP": {"mean": 0.1791958041958042, "FQ": 0.12259615384615385, "TQ": 0.23798076923076927, "STD": 0.08977042915191959, "Q025": 0.0222355769230769, "Q975": 0.31069711538461536}}