{"acc_dict": {"0": [0.8229166666666666, 0.71875, 0.6770833333333334, 0.71875, 0.75, 0.7291666666666666, 0.7083333333333334, 0.7291666666666666, 0.7291666666666666, 0.6666666666666666, 0.6979166666666666], "1": [0.8365384615384616, 0.8365384615384616, 0.6153846153846154, 0.5480769230769231, 0.8076923076923077, 0.8076923076923077, 0.8365384615384616, 0.8269230769230769, 0.8269230769230769, 0.6730769230769231, 0.7884615384615384], "overall": [0.83, 0.78, 0.645, 0.63, 0.78, 0.77, 0.775, 0.78, 0.78, 0.67, 0.745]}, "pred_dict": {"0": [0.16346153846153846, 0.16346153846153846, 0.5961538461538461, 0.5673076923076923, 0.23076923076923078, 0.23076923076923078, 0.16346153846153846, 0.15384615384615385, 0.15384615384615385, 0.2692307692307692, 0.25], "1": [0.09375, 0.4270833333333333, 0.46875, 0.3854166666666667, 0.3958333333333333, 0.3541666666666667, 0.4375, 0.3541666666666667, 0.3541666666666667, 0.4583333333333333, 0.4479166666666667], "overall": [0.13, 0.29, 0.535, 0.48, 0.31, 0.29, 0.295, 0.25, 0.25, 0.36, 0.345]}, "util": [0.06, 0.035, -0.0325, -0.04, 0.035, 0.03, 0.0325, 0.035, 0.035, -0.02, 0.0175], "DP": [0.06971153846153846, 0.2636217948717948, 0.12740384615384615, 0.1818910256410256, 0.16506410256410253, 0.1233974358974359, 0.27403846153846156, 0.20032051282051283, 0.20032051282051283, 0.1891025641025641, 0.19791666666666669], "EOP": [0.15384615384615385, 0.2692307692307693, 0.07451923076923073, 0.004807692307692291, 0.20673076923076927, 0.09134615384615385, 0.2692307692307693, 0.18509615384615385, 0.18509615384615385, 0.3245192307692307, 0.20673076923076927]}