{"acc_dict": {"0": [0.754653130287648, 0.7343485617597293, 0.7038917089678511, 0.7360406091370558, 0.7580372250423012], "1": [0.7405582922824302, 0.8111658456486043, 0.7914614121510674, 0.8095238095238095, 0.7077175697865353], "overall": [0.7475, 0.7733333333333333, 0.7483333333333333, 0.7733333333333333, 0.7325]}, "pred_dict": {"0": [0.29780033840947545, 0.34856175972927245, 0.38578680203045684, 0.32318104906937395, 0.30456852791878175], "1": [0.4696223316912972, 0.26108374384236455, 0.3825944170771757, 0.24958949096880131, 0.5287356321839081], "overall": [0.385, 0.30416666666666664, 0.38416666666666666, 0.28583333333333333, 0.41833333333333333]}, "util": [0.023333333333333334, 0.03625, 0.02375, 0.03625, 0.015833333333333335], "DP": [0.17182199328182174, 0.0874780158869079, 0.0031923849532811688, 0.07359155810057263, 0.22416710426512632], "FPR": [0.07452969194393994, 0.1951992598430593, 0.12503283875315538, 0.18579880980936392, 0.14624381774777556]}