{"UTIL_mean": 0.027083333333333334, "UTIL_FQ": 0.023333333333333334, "UTIL_TQ": 0.03625, "ACC_mean": 0.755, "ACC_FQ": 0.7475, "ACC_TQ": 0.7733333333333333, "DP_mean": 0.11205021129754195, "DP_FQ": 0.07359155810057263, "DP_TQ": 0.17182199328182174, "FPR_mean": 0.1453608836194588, "FPR_FQ": 0.12503283875315538, "FPR_TQ": 0.18579880980936392}