{"RT": 8.0, "regt": {"mean": 0.53125, "FQ": 0.0, "TQ": 1.0, "STD": 0.4831132760543846, "Q025": 0.0, "Q975": 1.0}, "regt_cum": {"mean": 5.46875, "FQ": 3.0, "TQ": 7.75, "STD": 2.458840872748784, "Q025": 1.375, "Q975": 8.5}, "regT": {"mean": 0.5, "FQ": 0.0, "TQ": 1.0, "STD": 0.5, "Q025": 0.0, "Q975": 1.0}, "regT_cum": {"mean": 5.3125, "FQ": 3.0, "TQ": 7.25, "STD": 2.2836032383056386, "Q025": 1.375, "Q975": 8.0}}