{"RT": 3.9902765038681376, "regt": {"mean": 0.29133411477922, "FQ": -0.2593687461070523, "TQ": 1.0, "STD": 0.7946949328508239, "Q025": -1.0, "Q975": 1.0}, "regt_cum": {"mean": 3.2890253121420945, "FQ": 2.0, "TQ": 4.4986697924502135, "STD": 1.3956138032725858, "Q025": 1.0, "Q975": 5.354633455196448}, "regT": {"mean": 0.24939228149175863, "FQ": -0.2593687461070523, "TQ": 1.0, "STD": 0.8002644172084953, "Q025": -1.0, "Q975": 1.0}, "regT_cum": {"mean": 3.0793161457047873, "FQ": 2.0, "TQ": 3.992707377901103, "STD": 1.1614908830535546, "Q025": 1.0, "Q975": 4.683564122597066}}