{"regt": [1, 1, 1, -1, -1, 1, 1, 1, -1, -0.05555555555555558, 1.0, 0.5, 1.0, -0.23949597132799028, -0.22461556620469614, -0.31898707044423835], "regt_cum": [1.0, 2.0, 3.0, 2.0, 1.0, 2.0, 3.0, 4.0, 3.0, 2.9444444444444446, 3.9444444444444446, 4.444444444444445, 5.444444444444445, 5.204948473116454, 4.980332906911758, 4.66134583646752], "regT": [1, 1, 1, -1, -1, 1, 1, 1, -1, -0.05555555555555558, 1.0, -0.17106933259938184, 1.0, -0.23949597132799028, -0.22461556620469614, -0.31898707044423835], "regT_cum": [1.0, 2.0, 3.0, 2.0, 1.0, 2.0, 3.0, 4.0, 3.0, 2.9444444444444446, 3.9444444444444446, 3.7733751118450627, 4.773375111845063, 4.533879140517072, 4.309263574312376, 3.9902765038681376]}