{"UTIL_mean": 0.03791666666666667, "UTIL_FQ": 0.03791666666666667, "UTIL_TQ": 0.045, "ACC_mean": 0.7775, "ACC_FQ": 0.7775, "ACC_TQ": 0.7916666666666666, "DP_mean": 0.10392504980287232, "DP_FQ": 0.0686737849349437, "DP_TQ": 0.14900019170980136, "FPR_mean": 0.08567618334212931, "FPR_FQ": 0.03512714437313086, "FPR_TQ": 0.12448855672267715}