{"acc_dict": {"0": [0.7901861252115059, 0.7901861252115059, 0.8257191201353637, 0.7783417935702199, 0.8104906937394247], "1": [0.6962233169129721, 0.7651888341543513, 0.7586206896551724, 0.7865353037766831, 0.7766830870279147], "overall": [0.7425, 0.7775, 0.7916666666666666, 0.7825, 0.7933333333333333]}, "pred_dict": {"0": [0.29780033840947545, 0.2876480541455161, 0.18104906937394247, 0.3130287648054145, 0.2436548223350254], "1": [0.5106732348111659, 0.3563218390804598, 0.33004926108374383, 0.23973727422003285, 0.2594417077175698], "overall": [0.4058333333333333, 0.3225, 0.25666666666666665, 0.2758333333333333, 0.25166666666666665]}, "util": [0.020416666666666666, 0.03791666666666667, 0.045, 0.04041666666666666, 0.04583333333333333], "DP": [0.21287289640169044, 0.0686737849349437, 0.14900019170980136, 0.07329149058538167, 0.015786885382544413], "FPR": [0.17594783704182912, 0.00776315565467578, 0.08505422291833363, 0.12448855672267715, 0.03512714437313086]}