{"acc_dict": {"0": [0.8229166666666666, 0.8541666666666666, 0.5625, 0.7916666666666666, 0.8229166666666666, 0.8229166666666666, 0.8229166666666666, 0.8229166666666666, 0.8333333333333334, 0.7395833333333334, 0.7916666666666666, 0.7916666666666666, 0.6041666666666666, 0.71875, 0.7291666666666666, 0.53125, 0.7708333333333334, 0.71875, 0.6458333333333334, 0.2604166666666667, 0.7083333333333334, 0.6458333333333334, 0.7916666666666666, 0.8333333333333334, 0.7916666666666666], "1": [0.6730769230769231, 0.8557692307692307, 0.8173076923076923, 0.8269230769230769, 0.4519230769230769, 0.6730769230769231, 0.7692307692307693, 0.7692307692307693, 0.8173076923076923, 0.5673076923076923, 0.5288461538461539, 0.6634615384615384, 0.6153846153846154, 0.8461538461538461, 0.8173076923076923, 0.49038461538461536, 0.5192307692307693, 0.7403846153846154, 0.375, 0.38461538461538464, 0.3173076923076923, 0.6826923076923077, 0.6923076923076923, 0.7596153846153846, 0.7980769230769231], "overall": [0.745, 0.855, 0.695, 0.81, 0.63, 0.745, 0.795, 0.795, 0.825, 0.65, 0.655, 0.725, 0.61, 0.785, 0.775, 0.51, 0.64, 0.73, 0.505, 0.325, 0.505, 0.665, 0.74, 0.795, 0.795]}, "pred_dict": {"0": [0.0, 0.20192307692307693, 0.22115384615384615, 0.17307692307692307, 0.25961538461538464, 0.0, 0.15384615384615385, 0.15384615384615385, 0.14423076923076922, 0.375, 0.3173076923076923, 0.33653846153846156, 0.5, 0.21153846153846154, 0.3173076923076923, 0.5096153846153846, 0.34615384615384615, 0.4519230769230769, 0.7211538461538461, 0.8461538461538461, 0.7403846153846154, 0.5865384615384616, 0.36538461538461536, 0.33653846153846156, 0.27884615384615385], "1": [0.0, 0.052083333333333336, 0.5520833333333334, 0.23958333333333334, 0.0, 0.0, 0.0, 0.0, 0.13541666666666666, 0.20833333333333334, 0.19791666666666666, 0.19791666666666666, 0.4270833333333333, 0.375, 0.3645833333333333, 0.4375, 0.17708333333333334, 0.25, 0.46875, 0.6666666666666666, 0.3645833333333333, 0.46875, 0.17708333333333334, 0.09375, 0.11458333333333333], "overall": [0.0, 0.13, 0.38, 0.205, 0.135, 0.0, 0.08, 0.08, 0.14, 0.295, 0.26, 0.27, 0.465, 0.29, 0.34, 0.475, 0.265, 0.355, 0.6, 0.76, 0.56, 0.53, 0.275, 0.22, 0.2]}, "util": [0.0, 0.055, -0.025, 0.0325, -0.0575, 0.0, 0.025, 0.025, 0.04, -0.0475, -0.045, -0.01, -0.0675, 0.02, 0.015, -0.1175, -0.0525, -0.0075, -0.12, -0.21, -0.12, -0.04, -0.0025, 0.025, 0.025], "DP": [0.0, 0.14983974358974358, 0.3309294871794872, 0.06650641025641027, 0.25961538461538464, 0.0, 0.15384615384615385, 0.15384615384615385, 0.00881410256410256, 0.16666666666666666, 0.11939102564102563, 0.1386217948717949, 0.07291666666666669, 0.16346153846153846, 0.047275641025641024, 0.07211538461538458, 0.1690705128205128, 0.20192307692307693, 0.25240384615384615, 0.17948717948717952, 0.3758012820512821, 0.11778846153846156, 0.18830128205128202, 0.24278846153846156, 0.16426282051282054], "EOP": [0.0, 0.35294117647058826, 0.2647058823529411, 0.08823529411764708, 0.058823529411764705, 0.0, 0.38235294117647056, 0.38235294117647056, 0.02941176470588236, 0.05882352941176466, 0.20588235294117646, 0.02941176470588236, 0.08823529411764708, 0.17647058823529405, 0.05882352941176461, 0.08823529411764708, 0.05882352941176472, 0.38235294117647056, 0.17647058823529405, 0.5588235294117647, 0.11764705882352944, 0.08823529411764708, 0.17647058823529416, 0.35294117647058826, 0.3823529411764706]}