{"UTIL": {"mean": -0.0264, "FQ": -0.0525, "TQ": 0.025, "STD": 0.06176601007026437, "Q025": -0.15599999999999997, "Q975": 0.04599999999999998}, "ACC": {"mean": 0.6922000000000001, "FQ": 0.64, "TQ": 0.795, "STD": 0.12353202014052875, "Q025": 0.43300000000000005, "Q975": 0.837}, "DP": {"mean": 0.15182692307692308, "FQ": 0.07291666666666669, "TQ": 0.18830128205128202, "STD": 0.09325384268160185, "Q025": 0.0, "Q975": 0.3488782051282051}, "EOP": {"mean": 0.18235294117647058, "FQ": 0.058823529411764705, "TQ": 0.35294117647058826, "STD": 0.15248801643312612, "Q025": 0.0, "Q975": 0.452941176470588}}