{"acc_dict": {"0": [0.7604166666666666, 0.75, 0.7291666666666666, 0.7291666666666666, 0.78125, 0.6875, 0.78125, 0.65625, 0.5625, 0.5416666666666666, 0.6145833333333334, 0.5520833333333334, 0.5625, 0.7604166666666666, 0.59375, 0.6041666666666666, 0.6041666666666666, 0.5416666666666666, 0.7083333333333334, 0.6770833333333334, 0.59375, 0.5, 0.625, 0.46875], "1": [0.7211538461538461, 0.7019230769230769, 0.7019230769230769, 0.6538461538461539, 0.7980769230769231, 0.7019230769230769, 0.7307692307692307, 0.6923076923076923, 0.7115384615384616, 0.6634615384615384, 0.5673076923076923, 0.7019230769230769, 0.5288461538461539, 0.4807692307692308, 0.5192307692307693, 0.5769230769230769, 0.5961538461538461, 0.4423076923076923, 0.34615384615384615, 0.5480769230769231, 0.5769230769230769, 0.6057692307692307, 0.6538461538461539, 0.5865384615384616], "overall": [0.74, 0.725, 0.715, 0.69, 0.79, 0.695, 0.755, 0.675, 0.64, 0.605, 0.59, 0.63, 0.545, 0.615, 0.555, 0.59, 0.6, 0.49, 0.52, 0.61, 0.585, 0.555, 0.64, 0.53]}, "pred_dict": {"0": [0.3557692307692308, 0.2403846153846154, 0.3557692307692308, 0.07692307692307693, 0.33653846153846156, 0.27884615384615385, 0.19230769230769232, 0.5576923076923077, 0.5769230769230769, 0.5673076923076923, 0.7211538461538461, 0.5865384615384616, 0.7403846153846154, 0.75, 0.6923076923076923, 0.75, 0.6923076923076923, 0.6730769230769231, 0.7115384615384616, 0.6826923076923077, 0.5961538461538461, 0.5288461538461539, 0.46153846153846156, 0.4519230769230769], "1": [0.21875, 0.08333333333333333, 0.10416666666666667, 0.125, 0.19791666666666666, 0.20833333333333334, 0.17708333333333334, 0.40625, 0.625, 0.6458333333333334, 0.4479166666666667, 0.6354166666666666, 0.5416666666666666, 0.34375, 0.5104166666666666, 0.5, 0.4791666666666667, 0.5416666666666666, 0.4166666666666667, 0.40625, 0.5104166666666666, 0.6041666666666666, 0.5208333333333334, 0.65625], "overall": [0.29, 0.165, 0.235, 0.1, 0.27, 0.245, 0.185, 0.485, 0.6, 0.605, 0.59, 0.61, 0.645, 0.555, 0.605, 0.63, 0.59, 0.61, 0.57, 0.55, 0.555, 0.565, 0.49, 0.55]}, "util": [0.015, 0.0075, 0.0025, -0.01, 0.04, -0.0075, 0.0225, -0.0175, -0.035, -0.0525, -0.06, -0.04, -0.0825, -0.0475, -0.0775, -0.06, -0.055, -0.11, -0.095, -0.05, -0.0625, -0.0775, -0.035, -0.09], "DP": [0.13701923076923078, 0.15705128205128205, 0.2516025641025641, 0.04807692307692307, 0.1386217948717949, 0.07051282051282051, 0.015224358974358976, 0.1514423076923077, 0.04807692307692313, 0.07852564102564108, 0.27323717948717946, 0.048878205128205066, 0.1987179487179488, 0.40625, 0.18189102564102566, 0.25, 0.2131410256410256, 0.1314102564102565, 0.2948717948717949, 0.2764423076923077, 0.08573717948717952, 0.07532051282051277, 0.059294871794871806, 0.20432692307692307], "EOP": [0.15526315789473683, 0.32105263157894737, 0.4789473684210527, 0.01842105263157895, 0.23421052631578948, 0.22368421052631576, 0.0052631578947368585, 0.19210526315789467, 0.05526315789473679, 0.13421052631578945, 0.24473684210526314, 0.05526315789473679, 0.11842105263157898, 0.06578947368421051, 0.03947368421052633, 0.19736842105263153, 0.1947368421052632, 0.042105263157894646, 0.2210526315789474, 0.11578947368421055, 0.013157894736842146, 0.06578947368421051, 0.19210526315789467, 0.24736842105263157]}