{"UTIL": {"mean": -0.04072916666666667, "FQ": -0.06625, "TQ": -0.009375, "STD": 0.03914768489500866, "Q025": -0.10137499999999999, "Q975": 0.029937500000000013}, "ACC": {"mean": 0.6285416666666667, "FQ": 0.5775, "TQ": 0.6912499999999999, "STD": 0.0782953697900173, "Q025": 0.50725, "Q975": 0.7698750000000001}, "DP": {"mean": 0.15815304487179488, "FQ": 0.0741185897435897, "TQ": 0.22235576923076922, "STD": 0.09706235144931775, "Q025": 0.03411458333333334, "Q975": 0.3422075320512821}, "EOP": {"mean": 0.1513157894736842, "FQ": 0.05526315789473679, "TQ": 0.22171052631578947, "STD": 0.1111796687539093, "Q025": 0.0098026315789474, "Q975": 0.38815789473684226}}