{"ACC": {"0": [0.7996715927750411], "1": [0.8510998307952623], "overall": [0.825]}, "mean_pred": {"0": [0.17766497461928935], "1": [0.24958949096880131], "overall": [0.21416666666666667]}, "Utility": [0.06708333333333333], "DP": [0.07192451634951197]}