{"ACC_mean": 0.825, "mean_pred_mean": 0.21416666666666667, "Utility_mean": 0.06708333333333333, "DP_mean": 0.07192451634951197}