{"UTIL_mean": 0.04075, "UTIL_FQ": 0.03625, "UTIL_TQ": 0.04833333333333333, "ACC_mean": 0.7756666666666667, "ACC_FQ": 0.7666666666666667, "ACC_TQ": 0.7908333333333334, "DP_mean": 0.11805489568486244, "DP_FQ": 0.11878505997182698, "DP_TQ": 0.14845006793195137, "FPR_mean": 0.10315627672607079, "FPR_FQ": 0.06327577837875321, "FPR_TQ": 0.0849282296650718}