{"acc_dict": {"0": [0.8104906937394247, 0.7614213197969543, 0.7851099830795262, 0.7800338409475466, 0.7258883248730964], "1": [0.7848932676518884, 0.7323481116584565, 0.7684729064039408, 0.8013136288998358, 0.80623973727422], "overall": [0.7975, 0.7466666666666667, 0.7766666666666666, 0.7908333333333334, 0.7666666666666667]}, "pred_dict": {"0": [0.1996615905245347, 0.3333333333333333, 0.25888324873096447, 0.2910321489001692, 0.41624365482233505], "1": [0.34811165845648606, 0.4663382594417077, 0.37766830870279144, 0.2889983579638752, 0.22824302134646962], "overall": [0.275, 0.4008333333333333, 0.31916666666666665, 0.29, 0.32083333333333336]}, "util": [0.051666666666666666, 0.02625, 0.04125, 0.04833333333333333, 0.03625], "DP": [0.14845006793195137, 0.1330049261083744, 0.11878505997182698, 0.002033790936294022, 0.18800063347586543], "FPR": [0.07718489240228371, 0.0849282296650718, 0.05533018976954904, 0.06327577837875321, 0.23506229341469617]}