{"cum-loop-time": [0.5880820751190186, 1.1167869567871094, 1.7054131031036377, 2.255228042602539, 2.8251218795776367, 3.4030539989471436, 3.874619960784912, 4.461400270462036, 5.262985467910767, 6.129619598388672, 6.882890701293945, 7.785002708435059, 8.45928144454956, 9.320862293243408, 10.069055318832397, 10.961165428161621, 11.749349594116211, 12.537878513336182, 13.356936693191528, 14.252188444137573, 15.095313310623169], "cum-varOracle-time": [0.5697400569915771, 1.0834770202636719, 1.6558682918548584, 2.1899282932281494, 2.744847297668457, 3.307100296020508, 3.763282299041748, 4.334687948226929, 5.11506986618042, 5.963727712631226, 6.697781801223755, 7.5820887088775635, 8.236480712890625, 9.07498550415039, 9.807706356048584, 10.683985233306885, 11.45784616470337, 12.228854179382324, 13.032350063323975, 13.913331031799316, 14.741173267364502], "num_lossOracle_calls": 21, "num_varOracle_calls": 21, "num_var_policies added": [0, 0, 0, 0, 0, 0, 0, 0, 0, 0, 0, 0, 0, 0, 0, 0, 0, 0, 0, 0, 0]}