{"acc_dict": {"0": [0.7884940778341794, 0.7935702199661591, 0.739424703891709, 0.7817258883248731, 0.7495769881556683], "1": [0.6995073891625616, 0.7339901477832512, 0.7668308702791461, 0.7323481116584565, 0.8045977011494253], "overall": [0.7433333333333333, 0.7633333333333333, 0.7533333333333333, 0.7566666666666667, 0.7775]}, "pred_dict": {"0": [0.2673434856175973, 0.272419627749577, 0.350253807106599, 0.2910321489001692, 0.3401015228426396], "1": [0.4630541871921182, 0.38587848932676516, 0.3169129720853859, 0.41379310344827586, 0.18719211822660098], "overall": [0.36666666666666664, 0.33, 0.3333333333333333, 0.35333333333333333, 0.2625]}, "util": [0.01, 0.02, 0.015, 0.016666666666666666, 0.027083333333333334], "DP": [0.19571070157452092, 0.11345886157718815, 0.0333408350212131, 0.12276095454810665, 0.15290940461603864], "FPR": [0.16997341839447103, 0.08863370547581076, 0.07219564061669323, 0.09016480595427964, 0.18087187666135035]}