{"UTIL_mean": 0.017750000000000002, "UTIL_FQ": 0.015, "UTIL_TQ": 0.02, "ACC_mean": 0.7588333333333334, "ACC_FQ": 0.7533333333333333, "ACC_TQ": 0.7633333333333333, "DP_mean": 0.1236361514674135, "DP_FQ": 0.11345886157718815, "DP_TQ": 0.15290940461603864, "FPR_mean": 0.120367889420521, "FPR_FQ": 0.08863370547581076, "FPR_TQ": 0.16997341839447103}