{"ACC": {"0": [0.7852459016393443, 0.7770491803278688], "1": [0.8203389830508474, 0.7542372881355932], "overall": [0.8025, 0.7658333333333334]}, "mean_pred": {"0": [0.14576271186440679, 0.30677966101694915], "1": [0.32459016393442625, 0.27704918032786885], "overall": [0.23666666666666666, 0.2916666666666667]}, "Utility": [0.050833333333333335, 0.0325], "DP": [0.17882745207001946, 0.029730480689080296]}