{"ACC_mean": 0.7841666666666667, "mean_pred_mean": 0.26416666666666666, "Utility_mean": 0.04166666666666667, "DP_mean": 0.10427896637954988}