{"acc_dict": {"0": [0.7291666666666666, 0.7395833333333334, 0.7083333333333334, 0.7395833333333334, 0.71875, 0.6979166666666666, 0.75, 0.75, 0.625, 0.6979166666666666, 0.7291666666666666, 0.7708333333333334, 0.8020833333333334, 0.7083333333333334, 0.7604166666666666, 0.8333333333333334, 0.7916666666666666, 0.7708333333333334, 0.78125, 0.7916666666666666, 0.7083333333333334, 0.7708333333333334, 0.7604166666666666, 0.7395833333333334], "1": [0.625, 0.5961538461538461, 0.6442307692307693, 0.7211538461538461, 0.5769230769230769, 0.6730769230769231, 0.6923076923076923, 0.7115384615384616, 0.6442307692307693, 0.6923076923076923, 0.5769230769230769, 0.6538461538461539, 0.7307692307692307, 0.5192307692307693, 0.6634615384615384, 0.6923076923076923, 0.6923076923076923, 0.6634615384615384, 0.5865384615384616, 0.6730769230769231, 0.6538461538461539, 0.7403846153846154, 0.7692307692307693, 0.7403846153846154], "overall": [0.675, 0.665, 0.675, 0.73, 0.645, 0.685, 0.72, 0.73, 0.635, 0.695, 0.65, 0.71, 0.765, 0.61, 0.71, 0.76, 0.74, 0.715, 0.68, 0.73, 0.68, 0.755, 0.765, 0.74]}, "pred_dict": {"0": [0.07692307692307693, 0.125, 0.1346153846153846, 0.07692307692307693, 0.5288461538461539, 0.47115384615384615, 0.375, 0.3557692307692308, 0.3269230769230769, 0.5288461538461539, 0.6442307692307693, 0.47115384615384615, 0.22115384615384615, 0.49038461538461536, 0.40384615384615385, 0.47115384615384615, 0.4326923076923077, 0.5576923076923077, 0.5384615384615384, 0.47115384615384615, 0.4519230769230769, 0.34615384615384615, 0.3173076923076923, 0.3269230769230769], "1": [0.14583333333333334, 0.09375, 0.3125, 0.23958333333333334, 0.3854166666666667, 0.3854166666666667, 0.3333333333333333, 0.3333333333333333, 0.375, 0.40625, 0.3541666666666667, 0.25, 0.3020833333333333, 0.2916666666666667, 0.34375, 0.1875, 0.25, 0.3541666666666667, 0.28125, 0.2708333333333333, 0.2916666666666667, 0.2916666666666667, 0.3020833333333333, 0.3020833333333333], "overall": [0.11, 0.11, 0.22, 0.155, 0.46, 0.43, 0.355, 0.345, 0.35, 0.47, 0.505, 0.365, 0.26, 0.395, 0.375, 0.335, 0.345, 0.46, 0.415, 0.375, 0.375, 0.32, 0.31, 0.315]}, "util": [-0.035, -0.04, -0.035, -0.0075, -0.05, -0.03, -0.0125, -0.0075, -0.055, -0.025, -0.0475, -0.0175, 0.01, -0.0675, -0.0175, 0.0075, -0.0025, -0.015, -0.0325, -0.0075, -0.0325, 0.005, 0.01, -0.0025], "DP": [0.06891025641025642, 0.03125, 0.1778846153846154, 0.16266025641025642, 0.14342948717948717, 0.08573717948717946, 0.041666666666666685, 0.022435897435897467, 0.04807692307692307, 0.12259615384615385, 0.2900641025641026, 0.22115384615384615, 0.08092948717948717, 0.19871794871794868, 0.060096153846153855, 0.28365384615384615, 0.1826923076923077, 0.20352564102564102, 0.25721153846153844, 0.20032051282051283, 0.16025641025641024, 0.05448717948717946, 0.015224358974358976, 0.024839743589743613], "EOP": [0.13636363636363635, 0.005050505050505055, 0.4040404040404041, 0.2626262626262626, 0.11111111111111116, 0.005050505050505083, 0.11616161616161613, 0.11616161616161613, 0.04545454545454547, 0.07070707070707072, 0.1262626262626263, 0.14141414141414144, 0.35353535353535354, 0.015151515151515138, 0.1717171717171717, 0.202020202020202, 0.08585858585858586, 0.015151515151515138, 0.030303030303030387, 0.06060606060606066, 0.16666666666666663, 0.030303030303030276, 0.030303030303030276, 0.005050505050505083]}