{"UTIL": {"mean": -0.021145833333333336, "FQ": -0.035, "TQ": -0.0062499999999999995, "STD": 0.02116378548304207, "Q025": -0.060312500000000005, "Q975": 0.01}, "ACC": {"mean": 0.7027083333333334, "FQ": 0.675, "TQ": 0.7324999999999999, "STD": 0.04232757096608413, "Q025": 0.624375, "Q975": 0.765}, "DP": {"mean": 0.13074252136752137, "FQ": 0.05288461538461536, "TQ": 0.1991185897435897, "STD": 0.08534834579177392, "Q025": 0.01937099358974361, "Q975": 0.2863782051282051}, "EOP": {"mean": 0.1127946127946128, "FQ": 0.030303030303030276, "TQ": 0.14772727272727273, "STD": 0.10512116677272165, "Q025": 0.005050505050505071, "Q975": 0.37500000000000006}}