{"cum-loop-time": [0.4139130115509033, 0.9999210834503174, 1.4235172271728516, 1.8789432048797607, 2.3406269550323486, 2.821619749069214, 3.698470115661621, 4.283458471298218, 5.067253351211548, 5.943048477172852, 6.718595504760742, 7.426764488220215, 8.10459566116333, 8.763493537902832, 9.454386472702026, 10.251403331756592, 11.27906847000122, 12.10877251625061, 12.918867588043213, 13.779666662216187, 14.714075565338135], "cum-varOracle-time": [0.39878201484680176, 0.969825029373169, 1.37900710105896, 1.8219261169433594, 2.2690281867980957, 2.7354822158813477, 3.593623399734497, 4.162479639053345, 4.934891700744629, 5.799119472503662, 6.554993391036987, 7.242250442504883, 7.900723695755005, 8.540044784545898, 9.213229656219482, 9.99007272720337, 10.998751640319824, 11.810903310775757, 12.603431224822998, 13.447514057159424, 14.364421129226685], "num_lossOracle_calls": 21, "num_varOracle_calls": 21, "num_var_policies added": [0, 0, 0, 0, 0, 0, 0, 0, 0, 0, 0, 0, 0, 0, 0, 0, 0, 0, 0, 0, 0]}