{"ACC_mean": 0.7887500000000001, "mean_pred_mean": 0.25458333333333333, "Utility_mean": 0.03645833333333333, "DP_mean": 0.03352029914529915}