{"ACC": {"0": [0.8159722222222222, 0.8125], "1": [0.7788461538461539, 0.7516025641025641], "overall": [0.7966666666666666, 0.7808333333333334]}, "mean_pred": {"0": [0.22756410256410256, 0.27724358974358976], "1": [0.265625, 0.2482638888888889], "overall": [0.24583333333333332, 0.2633333333333333]}, "Utility": [0.04041666666666666, 0.0325], "DP": [0.03806089743589744, 0.028979700854700863]}