{"UTIL": {"mean": 0.015499999999999996, "FQ": 0.013125, "TQ": 0.029375, "STD": 0.02509482018265921, "Q025": -0.036875000000000005, "Q975": 0.044125000000000004}, "ACC": {"mean": 0.736, "FQ": 0.73125, "TQ": 0.7637499999999999, "STD": 0.05018964036531842, "Q025": 0.63125, "Q975": 0.79325}, "DP": {"mean": 0.10080128205128205, "FQ": 0.0548878205128205, "TQ": 0.1544471153846154, "STD": 0.05926866191344175, "Q025": 0.015584935897435917, "Q975": 0.1864383012820513}, "EOP": {"mean": 0.11654761904761908, "FQ": 0.059226190476190516, "TQ": 0.11666666666666668, "STD": 0.08601542668683282, "Q025": 0.011607142857142847, "Q975": 0.2906547619047619}}