{"acc_dict": {"0": [0.6458333333333334, 0.6458333333333334, 0.6875, 0.71875, 0.7083333333333334, 0.6770833333333334, 0.7708333333333334, 0.7916666666666666, 0.84375, 0.7604166666666666], "1": [0.5961538461538461, 0.6923076923076923, 0.7596153846153846, 0.7788461538461539, 0.7884615384615384, 0.8173076923076923, 0.7692307692307693, 0.7307692307692307, 0.7596153846153846, 0.7692307692307693], "overall": [0.62, 0.67, 0.725, 0.75, 0.75, 0.75, 0.77, 0.76, 0.8, 0.765]}, "pred_dict": {"0": [0.125, 0.47115384615384615, 0.40384615384615385, 0.17307692307692307, 0.2980769230769231, 0.19230769230769232, 0.41346153846153844, 0.3173076923076923, 0.28846153846153844, 0.2980769230769231], "1": [0.16666666666666666, 0.4166666666666667, 0.3958333333333333, 0.3020833333333333, 0.3541666666666667, 0.3854166666666667, 0.25, 0.1875, 0.21875, 0.13541666666666666], "overall": [0.145, 0.445, 0.4, 0.235, 0.325, 0.285, 0.335, 0.255, 0.255, 0.22]}, "util": [-0.0425, -0.0175, 0.01, 0.0225, 0.0225, 0.0225, 0.0325, 0.0275, 0.0475, 0.03], "DP": [0.04166666666666666, 0.05448717948717946, 0.00801282051282054, 0.12900641025641024, 0.05608974358974361, 0.19310897435897437, 0.16346153846153844, 0.1298076923076923, 0.06971153846153844, 0.16266025641025642], "EOP": [0.039285714285714285, 0.11785714285714288, 0.07619047619047625, 0.11309523809523808, 0.0035714285714285587, 0.11071428571428577, 0.22976190476190483, 0.11309523809523808, 0.0535714285714286, 0.3083333333333333]}