{"UTIL_mean": 0.06374999999999999, "UTIL_FQ": 0.018750000000000003, "UTIL_TQ": 0.1, "ACC_mean": 0.6774999999999999, "ACC_FQ": 0.5874999999999999, "ACC_TQ": 0.75, "DP_mean": 0.41545454545454547, "DP_FQ": 0.1111111111111111, "DP_TQ": 0.6363636363636364, "EOP_mean": 0.44125, "EOP_FQ": 0.0, "EOP_TQ": 1.0, "UTIL_STD": 0.06967558754685892, "ACC_STD": 0.13935117509371783, "DP_STD": 0.27181161289165884, "EOP_STD": 0.47744600480054294, "UTIL_Q025": -0.05, "UTIL_Q975": 0.1881249999999998, "ACC_Q025": 0.45, "ACC_Q975": 0.9262499999999996, "DP_Q025": 0.0, "DP_Q975": 0.8181818181818181, "EOP_Q025": 0.0, "EOP_Q975": 1.0}