{"cum-loop-time": [0.43347978591918945, 0.90616774559021, 1.4385030269622803, 2.1801490783691406, 2.625216245651245, 3.192981243133545, 3.836153268814087, 4.4816741943359375, 5.318087339401245, 5.940953493118286, 7.2521936893463135, 8.564642667770386], "cum-varOracle-time": [0.4201231002807617, 0.881695032119751, 1.3997588157653809, 2.129312753677368, 2.5605628490448, 3.111358880996704, 3.741405963897705, 4.366611003875732, 5.185912847518921, 5.792934894561768, 7.081765174865723, 8.375819444656372], "num_lossOracle_calls": 12, "num_varOracle_calls": 12, "num_var_policies added": [0, 0, 0, 0, 0, 0, 0, 0, 0, 0, 0, 0]}