{"acc_dict": {"0": [0.7708333333333334, 0.7395833333333334, 0.7916666666666666, 0.8125, 0.8020833333333334, 0.7604166666666666, 0.6041666666666666, 0.5520833333333334, 0.7708333333333334], "1": [0.625, 0.5576923076923077, 0.6153846153846154, 0.7307692307692307, 0.625, 0.625, 0.4423076923076923, 0.5096153846153846, 0.6057692307692307], "overall": [0.695, 0.645, 0.7, 0.77, 0.71, 0.69, 0.52, 0.53, 0.685]}, "pred_dict": {"0": [0.14423076923076922, 0.11538461538461539, 0.11538461538461539, 0.19230769230769232, 0.028846153846153848, 0.04807692307692308, 0.5384615384615384, 0.5096153846153846, 0.2403846153846154], "1": [0.07291666666666667, 0.10416666666666667, 0.052083333333333336, 0.07291666666666667, 0.020833333333333332, 0.08333333333333333, 0.2604166666666667, 0.3333333333333333, 0.052083333333333336], "overall": [0.11, 0.11, 0.085, 0.135, 0.025, 0.065, 0.405, 0.425, 0.15]}, "util": [-0.015, -0.04, -0.0125, 0.0225, -0.0075, -0.0175, -0.1025, -0.0975, -0.02], "DP": [0.07131410256410255, 0.01121794871794872, 0.06330128205128205, 0.11939102564102565, 0.008012820512820516, 0.03525641025641025, 0.27804487179487175, 0.17628205128205127, 0.18830128205128205], "EOP": [0.12538699690402477, 0.006191950464396287, 0.07275541795665634, 0.21826625386996903, 0.02631578947368421, 0.006191950464396287, 0.3560371517027864, 0.34984520123839, 0.2894736842105263]}