{"UTIL": {"mean": -0.03222222222222223, "FQ": -0.04, "TQ": -0.0125, "STD": 0.03932493632905145, "Q025": -0.1015, "Q975": 0.016499999999999994}, "ACC": {"mean": 0.6605555555555556, "FQ": 0.645, "TQ": 0.7, "STD": 0.07864987265810289, "Q025": 0.522, "Q975": 0.758}, "DP": {"mean": 0.10568019943019942, "FQ": 0.03525641025641025, "TQ": 0.17628205128205127, "STD": 0.08699104478877458, "Q025": 0.008653846153846156, "Q975": 0.2600961538461538}, "EOP": {"mean": 0.16116271069831442, "FQ": 0.02631578947368421, "TQ": 0.2894736842105263, "STD": 0.1368750309531121, "Q025": 0.006191950464396287, "Q975": 0.35479876160990714}}