{"ACC": {"0": [0.8, 0.8016528925619835], "1": [0.8117647058823529, 0.7680672268907563], "overall": [0.8058333333333333, 0.785]}, "mean_pred": {"0": [0.18823529411764706, 0.2857142857142857], "1": [0.32066115702479336, 0.2396694214876033], "overall": [0.255, 0.2625]}, "Utility": [0.0475, 0.037083333333333336], "DP": [0.1324258629071463, 0.046044864226682386]}