{"ACC_mean": 0.7954166666666667, "mean_pred_mean": 0.25875000000000004, "Utility_mean": 0.04229166666666667, "DP_mean": 0.08923536356691435}