{"cum-loop-time": [2.0397520065307617, 3.3773069381713867, 4.634911060333252, 6.7154529094696045, 9.01155710220337, 9.43825912475586, 10.014623165130615, 10.589364290237427, 11.352386236190796, 12.205397367477417], "cum-varOracle-time": [1.9873709678649902, 3.2890329360961914, 4.51326322555542, 6.53775691986084, 8.766827821731567, 9.179612874984741, 9.740147829055786, 10.301184892654419, 11.045415878295898, 11.877299785614014], "num_lossOracle_calls": 10, "num_varOracle_calls": 25, "num_var_policies added": [3, 2, 2, 4, 5, 0, 0, 0, 0, 0]}