{"acc_dict": {"0": [0.8257191201353637, 0.7800338409475466, 0.8003384094754653, 0.7343485617597293, 0.727580372250423], "1": [0.7963875205254516, 0.6633825944170771, 0.7520525451559934, 0.7980295566502463, 0.7947454844006568], "overall": [0.8108333333333333, 0.7208333333333333, 0.7758333333333334, 0.7666666666666667, 0.7616666666666667]}, "pred_dict": {"0": [0.16074450084602368, 0.2876480541455161, 0.23011844331641285, 0.3536379018612521, 0.36717428087986465], "1": [0.29720853858784896, 0.3415435139573071, 0.3842364532019704, 0.24958949096880131, 0.31198686371100165], "overall": [0.23, 0.315, 0.30833333333333335, 0.30083333333333334, 0.33916666666666667]}, "util": [0.05583333333333333, 0.010833333333333334, 0.03833333333333333, 0.03375, 0.03125], "DP": [0.13646403774182528, 0.053895459811791, 0.15411800988555757, 0.10404841089245079, 0.055187417168862996], "FPR": [0.05578623167740831, 0.07823532766782637, 0.09438772600239549, 0.1710488792562596, 0.1337706040038784]}