{"UTIL_mean": 0.034, "UTIL_FQ": 0.03125, "UTIL_TQ": 0.03833333333333333, "ACC_mean": 0.7671666666666667, "ACC_FQ": 0.7616666666666667, "ACC_TQ": 0.7758333333333334, "DP_mean": 0.10074266710009752, "DP_FQ": 0.055187417168862996, "DP_TQ": 0.13646403774182528, "FPR_mean": 0.10664575372155363, "FPR_FQ": 0.07823532766782637, "FPR_TQ": 0.1337706040038784}