{"acc_dict": {"0": [0.7604166666666666, 0.6875, 0.65625, 0.75, 0.78125, 0.7708333333333334, 0.8020833333333334, 0.75, 0.8333333333333334, 0.7291666666666666], "1": [0.6346153846153846, 0.6153846153846154, 0.5961538461538461, 0.6538461538461539, 0.6538461538461539, 0.5865384615384616, 0.6057692307692307, 0.6538461538461539, 0.6153846153846154, 0.625], "overall": [0.695, 0.65, 0.625, 0.7, 0.715, 0.675, 0.7, 0.7, 0.72, 0.675]}, "pred_dict": {"0": [0.14423076923076922, 0.08653846153846154, 0.08653846153846154, 0.08653846153846154, 0.0673076923076923, 0.09615384615384616, 0.057692307692307696, 0.08653846153846154, 0.10576923076923077, 0.057692307692307696], "1": [0.09375, 0.14583333333333334, 0.21875, 0.10416666666666667, 0.15625, 0.10416666666666667, 0.052083333333333336, 0.10416666666666667, 0.0625, 0.14583333333333334], "overall": [0.12, 0.115, 0.15, 0.095, 0.11, 0.1, 0.055, 0.095, 0.085, 0.1]}, "util": [-0.02, -0.0425, -0.055, -0.0175, -0.01, -0.03, -0.0175, -0.0175, -0.0075, -0.03], "DP": [0.05048076923076922, 0.059294871794871806, 0.13221153846153846, 0.017628205128205135, 0.0889423076923077, 0.008012820512820512, 0.00560897435897436, 0.017628205128205135, 0.04326923076923077, 0.08814102564102565], "EOP": [0.060317460317460325, 0.0015873015873015886, 0.13809523809523808, 0.003174603174603177, 0.2476190476190476, 0.13809523809523808, 0.1111111111111111, 0.003174603174603177, 0.1365079365079365, 0.13809523809523808]}