{"UTIL": {"mean": -0.02475, "FQ": -0.03, "TQ": -0.0175, "STD": 0.014073467945037568, "Q025": -0.052187500000000005, "Q975": -0.008062499999999998}, "ACC": {"mean": 0.6855, "FQ": 0.675, "TQ": 0.7, "STD": 0.02814693589007512, "Q025": 0.630625, "Q975": 0.718875}, "DP": {"mean": 0.05112179487179488, "FQ": 0.017628205128205135, "TQ": 0.08092948717948718, "STD": 0.03959630743464482, "Q025": 0.006149839743589744, "Q975": 0.12247596153846156}, "EOP": {"mean": 0.09777777777777777, "FQ": 0.017460317460317464, "TQ": 0.13809523809523808, "STD": 0.07586969508572647, "Q025": 0.0019444444444444461, "Q975": 0.2229761904761905}}