{"cum-loop-time": [0.6804161071777344, 1.347316026687622, 2.0858380794525146, 2.8596432209014893, 3.5221381187438965, 4.036766767501831, 4.541471719741821, 5.056015729904175, 6.043987512588501, 6.737676620483398], "cum-varOracle-time": [0.6694657802581787, 1.3255884647369385, 2.0528814792633057, 2.8142473697662354, 3.466834306716919, 3.9648754596710205, 4.447593450546265, 4.943537473678589, 5.919928312301636, 6.602222442626953], "num_lossOracle_calls": 10, "num_varOracle_calls": 10, "num_var_policies added": [0, 0, 0, 0, 0, 0, 0, 0, 0, 0]}