{"cum-loop-time": [0.6530029773712158, 1.1944289207458496, 1.693803071975708, 2.1764578819274902, 2.788031816482544, 3.5840446949005127, 4.062751531600952, 4.59203577041626, 5.193718671798706, 5.773050785064697, 6.385930776596069, 7.011531829833984, 7.599013090133667, 8.219494104385376, 9.033136129379272, 9.563249111175537, 10.116516351699829, 10.726826667785645, 11.398207664489746, 12.174176692962646, 12.869021654129028, 13.5737464427948, 14.596946477890015, 15.435971736907959, 16.232115507125854], "cum-varOracle-time": [0.6339840888977051, 1.1502292156219482, 1.621206283569336, 2.0826783180236816, 2.667609453201294, 3.4418463706970215, 3.893782377243042, 4.395949125289917, 4.9695281982421875, 5.521451234817505, 6.106584310531616, 6.703964948654175, 7.266799688339233, 7.855514764785767, 8.636607646942139, 9.140961647033691, 9.669623613357544, 10.25359845161438, 10.896614789962769, 11.641278505325317, 12.310559511184692, 12.986647605895996, 13.977352380752563, 14.786900043487549, 15.553688049316406], "num_lossOracle_calls": 25, "num_varOracle_calls": 25, "num_var_policies added": [1, 1, 1, 0, 0, 0, 0, 0, 0, 0, 0, 0, 0, 0, 0, 0, 0, 0, 0, 0, 0, 0, 0, 0, 0]}