{"UTIL": {"mean": 0.03571428571428571, "FQ": -0.0625, "TQ": 0.125, "STD": 0.1287696884094282, "Q025": -0.125, "Q975": 0.23124999999999996}, "ACC": {"mean": 0.5714285714285714, "FQ": 0.375, "TQ": 0.75, "STD": 0.2575393768188564, "Q025": 0.25, "Q975": 0.9624999999999999}, "DP": {"mean": 0.42857142857142855, "FQ": 0.25, "TQ": 0.5, "STD": 0.3194382824999699, "Q025": 0.0, "Q975": 0.9249999999999998}, "EOP": {"mean": 0.35714285714285715, "FQ": 0.0, "TQ": 0.5, "STD": 0.34992710611188255, "Q025": 0.0, "Q975": 0.9249999999999998}}