{"acc_dict": {"0": [0.7461928934010152], "1": [0.7717569786535303], "overall": [0.7591666666666667]}, "pred_dict": {"0": [0.3316412859560068], "1": [0.3399014778325123], "overall": [0.3358333333333333]}, "util": [0.03958333333333333], "DP": [0.008260191876505507], "FPR": [0.06976308586551302]}