{"UTIL_mean": 0.05425, "UTIL_FQ": 0.05425, "UTIL_TQ": 0.05425, "ACC_mean": 0.795, "ACC_FQ": 0.795, "ACC_TQ": 0.795, "DP_mean": 0.10298268441597436, "DP_FQ": 0.10298268441597436, "DP_TQ": 0.10298268441597436, "FPR_mean": 0.0016179372044766438, "FPR_FQ": 0.0016179372044766438, "FPR_TQ": 0.0016179372044766438, "UTIL_STD": 0.0, "ACC_STD": 0.0, "DP_STD": 0.0, "FPR_STD": 0.0, "UTIL_Q025": 0.05425, "UTIL_Q975": 0.05425, "ACC_Q025": 0.795, "ACC_Q975": 0.795, "DP_Q025": 0.10298268441597436, "DP_Q975": 0.10298268441597436, "FPR_Q025": 0.0016179372044766438, "FPR_Q975": 0.0016179372044766438}