{"acc_dict": {"0": [0.7835051546391752], "1": [0.8058252427184466], "overall": [0.795]}, "pred_dict": {"0": [0.2154639175257732], "1": [0.31844660194174756], "overall": [0.2685]}, "util": [0.05425], "DP": [0.10298268441597436], "FPR": [0.0016179372044766438]}