{"ACC_mean": 0.795, "mean_pred_mean": 0.18833333333333332, "Utility_mean": 0.04833333333333333, "DP_mean": 0.0010168954681469833}