{"ACC": {"0": [0.7963875205254516], "1": [0.7935702199661591], "overall": [0.795]}, "mean_pred": {"0": [0.18781725888324874], "1": [0.18883415435139572], "overall": [0.18833333333333332]}, "Utility": [0.04833333333333333], "DP": [0.0010168954681469833]}