{"acc_dict": {"0": [0.7563451776649747, 0.7461928934010152, 0.7343485617597293, 0.7715736040609137, 0.7563451776649747], "1": [0.7947454844006568, 0.7701149425287356, 0.7980295566502463, 0.7471264367816092, 0.7947454844006568], "overall": [0.7758333333333334, 0.7583333333333333, 0.7666666666666667, 0.7591666666666667, 0.7758333333333334]}, "pred_dict": {"0": [0.3333333333333333, 0.3401015228426396, 0.37225042301184436, 0.15905245346869712, 0.3130287648054145], "1": [0.28078817733990147, 0.24958949096880131, 0.26108374384236455, 0.20361247947454844, 0.26436781609195403], "overall": [0.30666666666666664, 0.2941666666666667, 0.31583333333333335, 0.18166666666666667, 0.28833333333333333]}, "util": [0.04583333333333333, 0.037083333333333336, 0.04125, 0.0375, 0.04583333333333333], "DP": [0.05254515599343185, 0.0905120318738383, 0.11116667916947981, 0.04456002600585132, 0.048660948713460495], "FPR": [0.11296177282681139, 0.12967723507569265, 0.17262329810530325, 0.006468389983814146, 0.1119263543749405]}