{"UTIL_mean": 0.0415, "UTIL_FQ": 0.0375, "UTIL_TQ": 0.04583333333333333, "ACC_mean": 0.7671666666666667, "ACC_FQ": 0.7591666666666667, "ACC_TQ": 0.7758333333333334, "DP_mean": 0.06948896835121235, "DP_FQ": 0.048660948713460495, "DP_TQ": 0.0905120318738383, "FPR_mean": 0.10673141007331238, "FPR_FQ": 0.1119263543749405, "FPR_TQ": 0.12967723507569265}