{"UTIL": {"mean": -0.171875, "FQ": -0.25, "TQ": 0.0, "STD": 0.16461958988832404, "Q025": -0.45625, "Q975": 0.0}, "ACC": {"mean": 0.65625, "FQ": 0.5, "TQ": 1.0, "STD": 0.32923917977664807, "Q025": 0.08750000000000001, "Q975": 1.0}, "DP": {"mean": 0.3125, "FQ": 0.0, "TQ": 0.625, "STD": 0.42847841252506524, "Q025": 0.0, "Q975": 1.0}, "EOP": {"mean": 0.0, "FQ": 0.0, "TQ": 0.0, "STD": 0.0, "Q025": 0.0, "Q975": 0.0}}