{"UTIL_mean": 0.043583333333333335, "UTIL_FQ": 0.04083333333333333, "UTIL_TQ": 0.04541666666666667, "ACC_mean": 0.7855, "ACC_FQ": 0.78, "ACC_TQ": 0.7891666666666667, "DP_mean": 0.07347486517799837, "DP_FQ": 0.06533136622406704, "DP_TQ": 0.08479407866770022, "FPR_mean": 0.08624081427723768, "FPR_FQ": 0.03616093842713042, "FPR_TQ": 0.12875987037290612}