{"RT": 3.2334799381851154, "RT0": 4.5, "regt": [1, 0, 1, 1, -0.05555555555555558, -0.17751156559819503, -0.17147240509604655, 0.5, 0.0, 0.0, 1.0, 0.5, -0.2694797364661794, 0.0, -0.3246039936647611, 0.0], "regt_cum": [1.0, 1.0, 2.0, 3.0, 2.9444444444444446, 2.7669328788462497, 2.595460473750203, 3.095460473750203, 3.095460473750203, 3.095460473750203, 4.095460473750203, 4.595460473750203, 4.3259807372840235, 4.3259807372840235, 4.001376743619263, 4.001376743619263], "regt0": [1, 0, 1, 1, 0, 0, 0, 0.5, 0.0, 0.0, 1.0, 0.5, 0, 0.0, 0, 0.0], "regt0_cum": [1.0, 1.0, 2.0, 3.0, 3.0, 3.0, 3.0, 3.5, 3.5, 3.5, 4.5, 5.0, 5.0, 5.0, 5.0, 5.0], "regT": [1, 0, 1, 1, -0.05555555555555558, -0.17751156559819503, -0.17147240509604655, -0.2678968054341472, 0.0, 0.0, 1.0, 0.5, -0.2694797364661794, 0.0, -0.3246039936647611, 0.0], "regT_cum": [1.0, 1.0, 2.0, 3.0, 2.9444444444444446, 2.7669328788462497, 2.595460473750203, 2.327563668316056, 2.327563668316056, 2.327563668316056, 3.327563668316056, 3.827563668316056, 3.5580839318498763, 3.5580839318498763, 3.2334799381851154, 3.2334799381851154], "regT0": [1, 0, 1, 1, 0, 0, 0, 0, 0.0, 0.0, 1.0, 0.5, 0, 0.0, 0, 0.0], "regT0_cum": [1.0, 1.0, 2.0, 3.0, 3.0, 3.0, 3.0, 3.0, 3.0, 3.0, 4.0, 4.5, 4.5, 4.5, 4.5, 4.5]}