{"UTIL_mean": 0.03675, "UTIL_FQ": 0.03625, "UTIL_TQ": 0.0425, "ACC_mean": 0.7843333333333333, "ACC_FQ": 0.7833333333333333, "ACC_TQ": 0.7958333333333333, "DP_mean": 0.10457853016928809, "DP_FQ": 0.06486459453377011, "DP_TQ": 0.13578055062389038, "FPR_mean": 0.07985328560696452, "FPR_FQ": 0.02260926245083742, "FPR_TQ": 0.11679150647399356}