{"acc_dict": {"0": [0.7021996615905245, 0.8020304568527918, 0.7901861252115059, 0.817258883248731, 0.8324873096446701], "1": [0.7816091954022989, 0.7701149425287356, 0.7766830870279147, 0.8111658456486043, 0.7602627257799671], "overall": [0.7425, 0.7858333333333334, 0.7833333333333333, 0.8141666666666667, 0.7958333333333333]}, "pred_dict": {"0": [0.37055837563451777, 0.18612521150592218, 0.2182741116751269, 0.0727580372250423, 0.13874788494077833], "1": [0.3136288998357964, 0.37438423645320196, 0.1412151067323481, 0.20853858784893267, 0.20361247947454844], "overall": [0.3416666666666667, 0.2816666666666667, 0.17916666666666667, 0.14166666666666666, 0.17166666666666666]}, "util": [0.015833333333333335, 0.0375, 0.03625, 0.051666666666666666, 0.0425], "DP": [0.056929475798721374, 0.18825902494727978, 0.07705900494277879, 0.13578055062389038, 0.06486459453377011], "FPR": [0.1440297847894295, 0.09559635865482345, 0.11679150647399356, 0.020239515665738658, 0.02260926245083742]}