{"cum-loop-time": [0.4677729606628418, 0.979468822479248, 1.4845538139343262, 1.9882938861846924, 2.401564836502075, 2.8066928386688232, 3.29306697845459, 3.7860007286071777, 4.317762851715088, 5.099762678146362], "cum-varOracle-time": [0.4495060443878174, 0.9451320171356201, 1.4267849922180176, 1.9098501205444336, 2.306739091873169, 2.6968722343444824, 3.1688270568847656, 3.6466219425201416, 4.163676977157593, 4.930081844329834], "num_lossOracle_calls": 10, "num_varOracle_calls": 10, "num_var_policies added": [1, 1, 1, 1, 1, 0, 0, 0, 0, 0]}