{"cum-loop-time": [0.377338171005249, 0.9791073799133301, 1.472229242324829, 2.017174005508423, 2.5226690769195557, 2.997183084487915, 3.4820032119750977, 4.140567064285278, 4.87247109413147, 5.451476097106934, 6.623411178588867, 7.5461201667785645, 8.099918365478516, 8.653225421905518, 9.37690544128418, 9.984238147735596, 10.616144180297852, 11.45191502571106, 12.190318822860718, 12.677608728408813, 13.541563749313354, 14.368947982788086, 15.038338899612427, 15.953450918197632, 16.649497032165527, 17.31792402267456, 17.91304588317871, 18.510855674743652, 19.24216055870056, 20.050179481506348, 20.922850370407104, 21.75941252708435, 22.336806774139404, 23.00281286239624, 23.636066675186157, 24.26919174194336, 24.885188817977905, 25.571282625198364, 26.129278659820557, 26.70166778564453, 27.354630947113037], "cum-varOracle-time": [0.3649580478668213, 0.9470219612121582, 1.4229421615600586, 1.9477202892303467, 2.435981035232544, 2.8920061588287354, 3.359110116958618, 3.9999940395355225, 4.7133238315582275, 5.278105735778809, 6.4299094676971436, 7.330096244812012, 7.860612154006958, 8.397018194198608, 9.104878187179565, 9.6915602684021, 10.303207397460938, 11.12635850906372, 11.850262641906738, 12.319916486740112, 13.172016620635986, 13.97847580909729, 14.629167556762695, 15.532208442687988, 16.208144426345825, 16.857813358306885, 17.435838222503662, 18.0144259929657, 18.724241018295288, 19.51260805130005, 20.3607439994812, 21.178201913833618, 21.73829698562622, 22.386345863342285, 23.003396034240723, 23.618638038635254, 24.217424869537354, 24.886996746063232, 25.43103551864624, 25.989850521087646, 26.627421379089355], "num_lossOracle_calls": 41, "num_varOracle_calls": 41, "num_var_policies added": [0, 0, 0, 0, 0, 0, 0, 0, 0, 0, 0, 0, 0, 0, 0, 0, 0, 0, 0, 0, 0, 0, 0, 0, 0, 0, 0, 0, 0, 0, 0, 0, 0, 0, 0, 0, 0, 0, 0, 0, 0]}