{"UTIL_mean": -0.012000000000000002, "UTIL_FQ": -0.025, "UTIL_TQ": 0.0, "ACC_mean": 0.7760000000000001, "ACC_FQ": 0.75, "ACC_TQ": 0.8, "DP_mean": 0.11636363636363636, "DP_FQ": 0.0, "DP_TQ": 0.2121212121212121, "EOP_mean": 0.155, "EOP_FQ": 0.0, "EOP_TQ": 0.5, "UTIL_STD": 0.05528109984434101, "ACC_STD": 0.11056219968868201, "DP_STD": 0.13224594859311928, "EOP_STD": 0.2519424537468824, "UTIL_Q025": -0.175, "UTIL_Q975": 0.075, "ACC_Q025": 0.45, "ACC_Q975": 0.95, "DP_Q025": 0.0, "DP_Q975": 0.4343434343434343, "EOP_Q025": 0.0, "EOP_Q975": 0.5}