{"acc_dict": {"0": [0.5454545454545454, 0.45454545454545453, 0.6363636363636364, 0.5454545454545454, 0.45454545454545453, 0.45454545454545453, 0.45454545454545453, 0.8181818181818182, 0.45454545454545453, 0.45454545454545453, 0.45454545454545453, 0.45454545454545453, 0.5454545454545454, 0.5454545454545454, 0.45454545454545453, 0.9090909090909091, 0.45454545454545453, 0.45454545454545453, 0.5454545454545454, 0.5454545454545454, 0.45454545454545453, 0.5454545454545454, 0.45454545454545453, 0.5454545454545454, 0.5454545454545454, 0.9090909090909091, 0.7272727272727273, 0.45454545454545453, 0.45454545454545453, 0.6363636363636364, 0.9090909090909091, 0.45454545454545453, 0.5454545454545454, 0.9090909090909091, 0.6363636363636364, 0.45454545454545453, 0.5454545454545454, 0.45454545454545453, 0.8181818181818182, 0.45454545454545453, 0.5454545454545454, 0.45454545454545453, 0.5454545454545454, 0.45454545454545453, 0.6363636363636364, 0.45454545454545453, 0.45454545454545453, 0.5454545454545454, 0.9090909090909091, 0.5454545454545454, 0.5454545454545454, 0.45454545454545453, 0.45454545454545453, 0.45454545454545453, 0.5454545454545454, 0.45454545454545453, 0.5454545454545454, 0.6363636363636364, 0.45454545454545453, 0.45454545454545453, 0.45454545454545453, 0.45454545454545453, 0.45454545454545453, 0.45454545454545453, 0.7272727272727273, 0.5454545454545454, 0.45454545454545453, 0.5454545454545454, 0.5454545454545454, 0.45454545454545453, 0.5454545454545454, 0.45454545454545453, 0.45454545454545453, 0.45454545454545453, 0.45454545454545453, 0.45454545454545453, 0.45454545454545453, 0.7272727272727273, 0.45454545454545453, 0.45454545454545453, 0.5454545454545454, 0.45454545454545453, 0.5454545454545454, 0.45454545454545453, 0.5454545454545454, 0.45454545454545453, 0.9090909090909091, 0.45454545454545453, 0.5454545454545454, 0.45454545454545453, 0.5454545454545454, 0.6363636363636364, 0.5454545454545454, 0.5454545454545454, 0.45454545454545453, 0.45454545454545453, 0.45454545454545453, 0.9090909090909091, 0.5454545454545454, 0.45454545454545453], "1": [0.3333333333333333, 0.3333333333333333, 0.6666666666666666, 0.3333333333333333, 0.3333333333333333, 0.3333333333333333, 0.3333333333333333, 0.6666666666666666, 0.3333333333333333, 0.3333333333333333, 0.3333333333333333, 0.3333333333333333, 0.3333333333333333, 0.3333333333333333, 0.3333333333333333, 0.7777777777777778, 0.3333333333333333, 0.3333333333333333, 0.3333333333333333, 0.3333333333333333, 0.3333333333333333, 0.3333333333333333, 0.3333333333333333, 0.6666666666666666, 0.3333333333333333, 0.7777777777777778, 0.8888888888888888, 0.3333333333333333, 0.3333333333333333, 0.8888888888888888, 0.8888888888888888, 0.3333333333333333, 0.3333333333333333, 0.7777777777777778, 0.6666666666666666, 0.3333333333333333, 0.6666666666666666, 0.3333333333333333, 0.7777777777777778, 0.3333333333333333, 0.3333333333333333, 0.3333333333333333, 0.6666666666666666, 0.3333333333333333, 0.3333333333333333, 0.3333333333333333, 0.3333333333333333, 0.3333333333333333, 0.6666666666666666, 0.6666666666666666, 0.3333333333333333, 0.3333333333333333, 0.3333333333333333, 0.3333333333333333, 0.6666666666666666, 0.3333333333333333, 0.3333333333333333, 0.3333333333333333, 0.3333333333333333, 0.3333333333333333, 0.3333333333333333, 0.3333333333333333, 0.3333333333333333, 0.3333333333333333, 0.8888888888888888, 0.3333333333333333, 0.3333333333333333, 0.3333333333333333, 0.3333333333333333, 0.3333333333333333, 0.3333333333333333, 0.3333333333333333, 0.3333333333333333, 0.3333333333333333, 0.3333333333333333, 0.3333333333333333, 0.3333333333333333, 0.8888888888888888, 0.3333333333333333, 0.3333333333333333, 0.3333333333333333, 0.3333333333333333, 0.3333333333333333, 0.3333333333333333, 0.3333333333333333, 0.3333333333333333, 0.5555555555555556, 0.3333333333333333, 0.3333333333333333, 0.3333333333333333, 0.3333333333333333, 0.6666666666666666, 0.6666666666666666, 0.3333333333333333, 0.3333333333333333, 0.3333333333333333, 0.3333333333333333, 0.6666666666666666, 0.3333333333333333, 0.3333333333333333], "overall": [0.45, 0.4, 0.65, 0.45, 0.4, 0.4, 0.4, 0.75, 0.4, 0.4, 0.4, 0.4, 0.45, 0.45, 0.4, 0.85, 0.4, 0.4, 0.45, 0.45, 0.4, 0.45, 0.4, 0.6, 0.45, 0.85, 0.8, 0.4, 0.4, 0.75, 0.9, 0.4, 0.45, 0.85, 0.65, 0.4, 0.6, 0.4, 0.8, 0.4, 0.45, 0.4, 0.6, 0.4, 0.5, 0.4, 0.4, 0.45, 0.8, 0.6, 0.45, 0.4, 0.4, 0.4, 0.6, 0.4, 0.45, 0.5, 0.4, 0.4, 0.4, 0.4, 0.4, 0.4, 0.8, 0.45, 0.4, 0.45, 0.45, 0.4, 0.45, 0.4, 0.4, 0.4, 0.4, 0.4, 0.4, 0.8, 0.4, 0.4, 0.45, 0.4, 0.45, 0.4, 0.45, 0.4, 0.75, 0.4, 0.45, 0.4, 0.45, 0.65, 0.6, 0.45, 0.4, 0.4, 0.4, 0.8, 0.45, 0.4]}, "pred_dict": {"0": [1.0, 1.0, 0.0, 1.0, 1.0, 1.0, 1.0, 0.2222222222222222, 1.0, 1.0, 1.0, 1.0, 1.0, 1.0, 1.0, 0.1111111111111111, 1.0, 1.0, 1.0, 1.0, 1.0, 1.0, 1.0, 0.0, 1.0, 0.5555555555555556, 0.2222222222222222, 1.0, 1.0, 0.4444444444444444, 0.4444444444444444, 1.0, 1.0, 0.3333333333333333, 0.0, 1.0, 0.0, 1.0, 0.1111111111111111, 1.0, 1.0, 1.0, 0.0, 1.0, 1.0, 1.0, 1.0, 1.0, 0.0, 0.0, 1.0, 1.0, 1.0, 1.0, 0.0, 1.0, 1.0, 1.0, 1.0, 1.0, 1.0, 1.0, 1.0, 1.0, 0.4444444444444444, 1.0, 1.0, 1.0, 1.0, 1.0, 1.0, 1.0, 1.0, 1.0, 1.0, 1.0, 1.0, 0.2222222222222222, 1.0, 1.0, 1.0, 1.0, 1.0, 1.0, 1.0, 1.0, 0.1111111111111111, 1.0, 1.0, 1.0, 1.0, 0.0, 0.0, 1.0, 1.0, 1.0, 1.0, 0.0, 1.0, 1.0], "1": [0.9090909090909091, 1.0, 0.09090909090909091, 0.9090909090909091, 1.0, 1.0, 1.0, 0.45454545454545453, 1.0, 1.0, 1.0, 1.0, 0.9090909090909091, 0.9090909090909091, 1.0, 0.36363636363636365, 1.0, 1.0, 0.9090909090909091, 0.9090909090909091, 1.0, 0.9090909090909091, 1.0, 0.0, 0.9090909090909091, 0.5454545454545454, 0.36363636363636365, 1.0, 1.0, 0.2727272727272727, 0.5454545454545454, 1.0, 0.9090909090909091, 0.5454545454545454, 0.09090909090909091, 1.0, 0.0, 1.0, 0.45454545454545453, 1.0, 0.9090909090909091, 1.0, 0.0, 1.0, 0.8181818181818182, 1.0, 1.0, 0.9090909090909091, 0.36363636363636365, 0.0, 0.9090909090909091, 1.0, 1.0, 1.0, 0.0, 1.0, 0.9090909090909091, 0.8181818181818182, 1.0, 1.0, 1.0, 1.0, 1.0, 1.0, 0.5454545454545454, 0.9090909090909091, 1.0, 0.9090909090909091, 0.9090909090909091, 1.0, 0.9090909090909091, 1.0, 1.0, 1.0, 1.0, 1.0, 1.0, 0.5454545454545454, 1.0, 1.0, 0.9090909090909091, 1.0, 0.9090909090909091, 1.0, 0.9090909090909091, 1.0, 0.36363636363636365, 1.0, 0.9090909090909091, 1.0, 0.9090909090909091, 0.09090909090909091, 0.0, 0.9090909090909091, 1.0, 1.0, 1.0, 0.36363636363636365, 0.9090909090909091, 1.0], "overall": [0.95, 1.0, 0.05, 0.95, 1.0, 1.0, 1.0, 0.35, 1.0, 1.0, 1.0, 1.0, 0.95, 0.95, 1.0, 0.25, 1.0, 1.0, 0.95, 0.95, 1.0, 0.95, 1.0, 0.0, 0.95, 0.55, 0.3, 1.0, 1.0, 0.35, 0.5, 1.0, 0.95, 0.45, 0.05, 1.0, 0.0, 1.0, 0.3, 1.0, 0.95, 1.0, 0.0, 1.0, 0.9, 1.0, 1.0, 0.95, 0.2, 0.0, 0.95, 1.0, 1.0, 1.0, 0.0, 1.0, 0.95, 0.9, 1.0, 1.0, 1.0, 1.0, 1.0, 1.0, 0.5, 0.95, 1.0, 0.95, 0.95, 1.0, 0.95, 1.0, 1.0, 1.0, 1.0, 1.0, 1.0, 0.4, 1.0, 1.0, 0.95, 1.0, 0.95, 1.0, 0.95, 1.0, 0.25, 1.0, 0.95, 1.0, 0.95, 0.05, 0.0, 0.95, 1.0, 1.0, 1.0, 0.2, 0.95, 1.0]}, "util": [-0.075, -0.1, 0.025, -0.075, -0.1, -0.1, -0.1, 0.075, -0.1, -0.1, -0.1, -0.1, -0.075, -0.075, -0.1, 0.125, -0.1, -0.1, -0.075, -0.075, -0.1, -0.075, -0.1, 0.0, -0.075, 0.125, 0.1, -0.1, -0.1, 0.075, 0.15, -0.1, -0.075, 0.125, 0.025, -0.1, 0.0, -0.1, 0.1, -0.1, -0.075, -0.1, 0.0, -0.1, -0.05, -0.1, -0.1, -0.075, 0.1, 0.0, -0.075, -0.1, -0.1, -0.1, 0.0, -0.1, -0.075, -0.05, -0.1, -0.1, -0.1, -0.1, -0.1, -0.1, 0.1, -0.075, -0.1, -0.075, -0.075, -0.1, -0.075, -0.1, -0.1, -0.1, -0.1, -0.1, -0.1, 0.1, -0.1, -0.1, -0.075, -0.1, -0.075, -0.1, -0.075, -0.1, 0.075, -0.1, -0.075, -0.1, -0.075, 0.025, 0.0, -0.075, -0.1, -0.1, -0.1, 0.1, -0.075, -0.1],