{"UTIL_mean": -0.056749999999999995, "UTIL_FQ": -0.1, "UTIL_TQ": -0.075, "ACC_mean": 0.48650000000000004, "ACC_FQ": 0.4, "ACC_TQ": 0.45, "DP_mean": 0.056868686868686874, "DP_FQ": 0.0, "DP_TQ": 0.09090909090909094, "EOP_mean": 0.05733333333333333, "EOP_FQ": 0.0, "EOP_TQ": 0.0, "UTIL_STD": 0.06971863093893912, "ACC_STD": 0.13943726187787825, "DP_STD": 0.08655870226536141, "EOP_STD": 0.17023382612029717, "UTIL_Q025": -0.1, "UTIL_Q975": 0.125, "ACC_Q025": 0.4, "ACC_Q975": 0.85, "DP_Q025": 0.0, "DP_Q975": 0.3338383838383836, "EOP_Q025": 0.0, "EOP_Q975": 0.7049999999999983}