{"acc_dict": {"0": [0.7326565143824028, 0.7495769881556683, 0.7800338409475466, 0.7648054145516074, 0.8003384094754653], "1": [0.7274220032840722, 0.7881773399014779, 0.7799671592775042, 0.7701149425287356, 0.7996715927750411], "overall": [0.73, 0.7691666666666667, 0.78, 0.7675, 0.8]}, "pred_dict": {"0": [0.3299492385786802, 0.3062605752961083, 0.24873096446700507, 0.2707275803722504, 0.21489001692047377], "1": [0.4302134646962233, 0.1724137931034483, 0.2200328407224959, 0.33169129720853857, 0.19376026272577998], "overall": [0.38083333333333336, 0.23833333333333334, 0.23416666666666666, 0.3016666666666667, 0.20416666666666666]}, "util": [0.017916666666666668, 0.0375, 0.042916666666666665, 0.03666666666666667, 0.05291666666666667], "DP": [0.1002642261175431, 0.13384678219266, 0.02869812374450917, 0.06096371683628815, 0.02112975419469379], "FPR": [0.03777296871926028, 0.18315955144599647, 0.08085776116466654, 0.011115482982490654, 0.08046429274050758]}