{"UTIL_mean": 0.03758333333333333, "UTIL_FQ": 0.03666666666666667, "UTIL_TQ": 0.042916666666666665, "ACC_mean": 0.7693333333333333, "ACC_FQ": 0.7675, "ACC_TQ": 0.78, "DP_mean": 0.06898052061713884, "DP_FQ": 0.02869812374450917, "DP_TQ": 0.1002642261175431, "FPR_mean": 0.0786740114105843, "FPR_FQ": 0.03777296871926028, "FPR_TQ": 0.08085776116466654}