{"acc_dict": {"0": [0.8181818181818182], "1": [0.7777777777777778], "overall": [0.8]}, "pred_dict": {"0": [0.0], "1": [0.0], "overall": [0.0]}, "util": [0.0], "DP": [0.0], "EOP": [0.0]}