{"UTIL": {"mean": 0.0, "FQ": 0.0, "TQ": 0.0, "STD": 0.06645119163389937, "Q025": -0.215625, "Q975": 0.125}, "ACC": {"mean": 0.5, "FQ": 0.5, "TQ": 0.5, "STD": 0.13290238326779874, "Q025": 0.06874999999999998, "Q975": 0.75}, "DP": {"mean": 0.08695652173913043, "FQ": 0.0, "TQ": 0.0, "STD": 0.25117869583242053, "Q025": 0.0, "Q975": 1.0}, "EOP": {"mean": 0.5217391304347826, "FQ": 0.0, "TQ": 1.0, "STD": 0.4772717043500032, "Q025": 0.0, "Q975": 1.0}}