{"cum-loop-time": [0.4577140808105469, 1.1819078922271729, 1.6968786716461182, 2.1943905353546143, 2.8190994262695312, 3.329453468322754, 4.029419422149658, 4.935515403747559, 5.751218557357788, 6.685298442840576, 7.380216598510742, 7.932416677474976, 8.72617769241333, 9.287522554397583, 10.044987678527832, 10.620111465454102, 11.21935749053955, 12.080110311508179, 12.79175353050232, 13.731248378753662, 14.521597385406494, 15.474352359771729, 16.18146538734436, 17.02137041091919, 17.73162531852722, 18.323947429656982, 18.95579433441162, 19.854233503341675, 20.455965518951416, 21.10558843612671, 21.719300508499146, 22.34195041656494, 23.061198711395264, 23.688823699951172, 24.327236652374268, 24.96496558189392, 26.110219478607178, 27.218485355377197, 28.391871452331543, 29.86023759841919, 30.932950496673584], "cum-varOracle-time": [0.44129323959350586, 1.1447234153747559, 1.6455223560333252, 2.129927396774292, 2.737429141998291, 3.2357311248779297, 3.919173002243042, 4.802520036697388, 5.598070859909058, 6.511519908905029, 7.189488887786865, 7.7260661125183105, 8.501949071884155, 9.04760217666626, 9.78359317779541, 10.340763330459595, 10.923797369003296, 11.76652717590332, 12.462665319442749, 13.380052328109741, 14.153158187866211, 15.086919069290161, 15.777797937393188, 16.59909987449646, 17.293017625808716, 17.870102405548096, 18.486034154891968, 19.36483597755432, 19.948607921600342, 20.583292722702026, 21.181493759155273, 21.789844751358032, 22.49478006362915, 23.10725688934326, 23.729974031448364, 24.352760076522827, 25.474874258041382, 26.558504343032837, 27.708845615386963, 29.149852752685547, 30.203518867492676], "num_lossOracle_calls": 41, "num_varOracle_calls": 41, "num_var_policies added": [0, 0, 0, 0, 0, 0, 0, 0, 0, 0, 0, 0, 0, 0, 0, 0, 0, 0, 0, 0, 0, 0, 0, 0, 0, 0, 0, 0, 0, 0, 0, 0, 0, 0, 0, 0, 0, 0, 0, 0, 0]}