{"acc_dict": {"0": [0.7478849407783418, 0.7241962774957699, 0.7715736040609137, 0.7698815566835872, 0.7478849407783418], "1": [0.7339901477832512, 0.7766830870279147, 0.7668308702791461, 0.7799671592775042, 0.80623973727422], "overall": [0.7408333333333333, 0.7508333333333334, 0.7691666666666667, 0.775, 0.7775]}, "pred_dict": {"0": [0.3316412859560068, 0.38578680203045684, 0.29441624365482233, 0.2927241962774958, 0.3316412859560068], "1": [0.4466338259441708, 0.35467980295566504, 0.38752052545155996, 0.34811165845648606, 0.2594417077175698], "overall": [0.39, 0.37, 0.3416666666666667, 0.32083333333333336, 0.295]}, "util": [0.025833333333333333, 0.030833333333333334, 0.04, 0.042916666666666665, 0.04416666666666667], "DP": [0.114992539988164, 0.031106999074791808, 0.09310428179673763, 0.055387462178990265, 0.07219957823843698], "FPR": [0.06076382781627793, 0.09655726363433825, 0.030991662855735763, 0.009720805337648464, 0.14025398388855664]}