{"UTIL_mean": 0.03675, "UTIL_FQ": 0.030833333333333334, "UTIL_TQ": 0.042916666666666665, "ACC_mean": 0.7626666666666667, "ACC_FQ": 0.7508333333333334, "ACC_TQ": 0.775, "DP_mean": 0.07335817225542414, "DP_FQ": 0.055387462178990265, "DP_TQ": 0.09310428179673763, "FPR_mean": 0.06765750870651141, "FPR_FQ": 0.030991662855735763, "FPR_TQ": 0.09655726363433825}