{"acc_dict": {"0": [0.6979166666666666, 0.65625, 0.7083333333333334, 0.78125, 0.8229166666666666, 0.7708333333333334, 0.75, 0.71875, 0.6979166666666666, 0.6145833333333334, 0.6770833333333334], "1": [0.5769230769230769, 0.6538461538461539, 0.5673076923076923, 0.6634615384615384, 0.6346153846153846, 0.75, 0.7692307692307693, 0.7019230769230769, 0.6153846153846154, 0.7019230769230769, 0.7596153846153846], "overall": [0.635, 0.655, 0.635, 0.72, 0.725, 0.76, 0.76, 0.71, 0.655, 0.66, 0.72]}, "pred_dict": {"0": [0.07692307692307693, 0.09615384615384616, 0.16346153846153846, 0.14423076923076922, 0.1346153846153846, 0.23076923076923078, 0.46153846153846156, 0.4519230769230769, 0.5769230769230769, 0.49038461538461536, 0.375], "1": [0.09375, 0.13541666666666666, 0.08333333333333333, 0.15625, 0.28125, 0.3125, 0.3333333333333333, 0.3854166666666667, 0.3854166666666667, 0.59375, 0.46875], "overall": [0.085, 0.115, 0.125, 0.15, 0.205, 0.27, 0.4, 0.42, 0.485, 0.54, 0.42]}, "util": [-0.0275, -0.0175, -0.0275, 0.015, 0.0175, 0.035, 0.035, 0.01, -0.0175, -0.015, 0.015], "DP": [0.016826923076923073, 0.0392628205128205, 0.08012820512820513, 0.012019230769230782, 0.1466346153846154, 0.08173076923076922, 0.12820512820512825, 0.06650641025641024, 0.1915064102564102, 0.10336538461538464, 0.09375], "EOP": [0.05701754385964912, 0.07456140350877193, 0.04824561403508772, 0.13815789473684212, 0.5241228070175439, 0.19298245614035087, 0.14912280701754388, 0.002192982456140302, 0.09649122807017552, 0.15350877192982448, 0.10745614035087714]}