{"UTIL": {"mean": 0.002045454545454546, "FQ": -0.0175, "TQ": 0.01625, "STD": 0.022583637022344845, "Q025": -0.0275, "Q975": 0.035}, "ACC": {"mean": 0.6940909090909091, "FQ": 0.655, "TQ": 0.7224999999999999, "STD": 0.04516727404468968, "Q025": 0.635, "Q975": 0.76}, "DP": {"mean": 0.08726689976689976, "FQ": 0.05288461538461537, "TQ": 0.11578525641025644, "STD": 0.05205637923823161, "Q025": 0.013221153846153855, "Q975": 0.1802884615384615}, "EOP": {"mean": 0.14035087719298245, "FQ": 0.06578947368421052, "TQ": 0.15131578947368418, "STD": 0.13216906478489288, "Q025": 0.013706140350877156, "Q975": 0.4413377192982456}}