{"UTIL": {"mean": -0.05943588061659561, "FQ": -0.12, "TQ": 0.0, "STD": 0.06669499437292803, "Q025": -0.16000000000000003, "Q975": 0.05}, "ACC": {"mean": 0.5011282387668088, "FQ": 0.38, "TQ": 0.62, "STD": 0.13338998874585606, "Q025": 0.3, "Q975": 0.72}, "DP": {"mean": 0.029101037730209528, "FQ": 0.0, "TQ": 0.0, "STD": 0.07030026404550015, "Q025": 0.0, "Q975": 0.23809523809523814}, "EOP": {"mean": 0.033967917946271506, "FQ": 0.0, "TQ": 0.0, "STD": 0.08714143243306217, "Q025": 0.0, "Q975": 0.3181818181818181}}