{"acc_dict": {"0": [0.7884940778341794, 0.7834179357021996, 0.7868020304568528, 0.805414551607445, 0.7851099830795262], "1": [0.7635467980295566, 0.7602627257799671, 0.7422003284072249, 0.7848932676518884, 0.7536945812807881], "overall": [0.7758333333333334, 0.7716666666666666, 0.7641666666666667, 0.795, 0.7691666666666667]}, "pred_dict": {"0": [0.24196277495769883, 0.23688663282571912, 0.233502538071066, 0.16074450084602368, 0.27580372250423013], "1": [0.3760262725779967, 0.40558292282430214, 0.4400656814449918, 0.33825944170771755, 0.36617405582922824], "overall": [0.31, 0.3225, 0.3383333333333333, 0.25083333333333335, 0.32166666666666666]}, "util": [0.04666666666666667, 0.044583333333333336, 0.04083333333333333, 0.05625, 0.043333333333333335], "DP": [0.13406349762029787, 0.16869628999858302, 0.2065631433739258, 0.17751494086169387, 0.09037033332499811], "FPR": [0.08712803924611179, 0.1122536673868153, 0.15720526623616898, 0.11078551904415188, 0.06099977321285763]}