{"UTIL_mean": 0.04633333333333334, "UTIL_FQ": 0.043333333333333335, "UTIL_TQ": 0.04666666666666667, "ACC_mean": 0.7751666666666667, "ACC_FQ": 0.7691666666666667, "ACC_TQ": 0.7758333333333334, "DP_mean": 0.15544164103589975, "DP_FQ": 0.13406349762029787, "DP_TQ": 0.17751494086169387, "FPR_mean": 0.10567445302522112, "FPR_FQ": 0.08712803924611179, "FPR_TQ": 0.1122536673868153}