{"UTIL": {"mean": -0.015833333333333335, "FQ": -0.025, "TQ": -0.0075, "STD": 0.011902380714238082, "Q025": -0.029500000000000002, "Q975": 0.003999999999999999}, "ACC": {"mean": 0.7333333333333333, "FQ": 0.715, "TQ": 0.75, "STD": 0.02380476142847619, "Q025": 0.706, "Q975": 0.773}, "DP": {"mean": 0.06588319088319089, "FQ": 0.020833333333333343, "TQ": 0.08092948717948718, "STD": 0.06125925485365287, "Q025": 0.0011217948717948789, "Q975": 0.18958333333333327}, "EOP": {"mean": 0.17839506172839506, "FQ": 0.03518518518518518, "TQ": 0.2962962962962963, "STD": 0.13470091964567743, "Q025": 0.031481481481481555, "Q975": 0.38555555555555554}}