{"acc_dict": {"0": [0.6979166666666666, 0.7083333333333334, 0.7395833333333334, 0.75, 0.7604166666666666, 0.8229166666666666, 0.7708333333333334, 0.7916666666666666, 0.6666666666666666], "1": [0.7307692307692307, 0.7115384615384616, 0.7019230769230769, 0.7307692307692307, 0.6538461538461539, 0.7307692307692307, 0.7596153846153846, 0.7115384615384616, 0.7692307692307693], "overall": [0.715, 0.71, 0.72, 0.74, 0.705, 0.775, 0.765, 0.75, 0.72]}, "pred_dict": {"0": [0.16346153846153846, 0.125, 0.15384615384615385, 0.20192307692307693, 0.3557692307692308, 0.3173076923076923, 0.25, 0.3173076923076923, 0.25961538461538464], "1": [0.09375, 0.14583333333333334, 0.07291666666666667, 0.16666666666666666, 0.2604166666666667, 0.3229166666666667, 0.25, 0.10416666666666667, 0.1875], "overall": [0.13, 0.135, 0.115, 0.185, 0.31, 0.32, 0.25, 0.215, 0.225]}, "util": [-0.025, -0.0275, -0.0225, -0.0125, -0.03, 0.005, 0.0, -0.0075, -0.0225], "DP": [0.06971153846153846, 0.020833333333333343, 0.08092948717948718, 0.03525641025641027, 0.0953525641025641, 0.0056089743589743946, 0.0, 0.2131410256410256, 0.07211538461538464], "EOP": [0.2962962962962963, 0.03518518518518518, 0.17222222222222222, 0.07037037037037036, 0.031481481481481555, 0.2574074074074074, 0.031481481481481555, 0.3055555555555556, 0.40555555555555556]}