{"UTIL_mean": 0.031, "UTIL_FQ": 0.027916666666666666, "UTIL_TQ": 0.034166666666666665, "ACC_mean": 0.7728333333333334, "ACC_FQ": 0.7666666666666667, "ACC_TQ": 0.7791666666666667, "DP_mean": 0.08039808957015329, "DP_FQ": 0.021496503379927145, "DP_TQ": 0.09042867978628527, "FPR_mean": 0.06136208152185907, "FPR_FQ": 0.003288239578046026, "FPR_TQ": 0.10178094586542494}