{"acc_dict": {"0": [0.7935702199661591, 0.7377326565143824, 0.7732656514382402, 0.7580372250423012, 0.7631133671742809], "1": [0.7996715927750411, 0.7947454844006568, 0.7307060755336617, 0.7996715927750411, 0.7766830870279147], "overall": [0.7966666666666666, 0.7666666666666667, 0.7516666666666667, 0.7791666666666667, 0.77]}, "pred_dict": {"0": [0.2182741116751269, 0.338409475465313, 0.2656514382402707, 0.3011844331641286, 0.2859560067681895], "1": [0.30870279146141216, 0.3169129720853859, 0.4630541871921182, 0.31198686371100165, 0.367816091954023], "overall": [0.26416666666666666, 0.3275, 0.36583333333333334, 0.30666666666666664, 0.3275]}, "util": [0.042916666666666665, 0.027916666666666666, 0.020416666666666666, 0.034166666666666665, 0.029583333333333333], "DP": [0.09042867978628527, 0.021496503379927145, 0.1974027489518475, 0.010802430546873076, 0.08186008518583349], "FPR": [0.003288239578046026, 0.10178094586542494, 0.12861651181780062, 0.07165162315450313, 0.001473087193520628]}