{"UTIL_mean": -0.09615384615384616, "UTIL_FQ": -0.125, "UTIL_TQ": 0.0, "ACC_mean": 0.8076923076923077, "ACC_FQ": 0.75, "ACC_TQ": 1.0, "DP_mean": 0.3076923076923077, "DP_FQ": 0.0, "DP_TQ": 0.5, "EOP_mean": 0.0, "EOP_FQ": 0.0, "EOP_TQ": 0.0, "UTIL_STD": 0.087071010943629, "ACC_STD": 0.174142021887258, "DP_STD": 0.31246301556292155, "EOP_STD": 0.0, "UTIL_Q025": -0.25, "UTIL_Q975": 0.0, "ACC_Q025": 0.5, "ACC_Q975": 1.0, "DP_Q025": 0.0, "DP_Q975": 0.8499999999999996, "EOP_Q025": 0.0, "EOP_Q975": 0.0}