{"UTIL": {"mean": 0.015, "FQ": 0.0012500000000000002, "TQ": 0.028749999999999998, "STD": 0.020402205763103167, "Q025": -0.020812499999999998, "Q975": 0.04025}, "ACC": {"mean": 0.705, "FQ": 0.6775, "TQ": 0.7325, "STD": 0.04080441152620632, "Q025": 0.633375, "Q975": 0.7555000000000001}, "DP": {"mean": 0.1563301282051282, "FQ": 0.07632211538461538, "TQ": 0.2251602564102564, "STD": 0.09268547631713817, "Q025": 0.014102564102564105, "Q975": 0.2844751602564103}, "EOP": {"mean": 0.29989837398373986, "FQ": 0.08384146341463414, "TQ": 0.456808943089431, "STD": 0.20487484773760775, "Q025": 0.03467987804878051, "Q975": 0.5951219512195122}}