{"acc_dict": {"0": [0.6770833333333334, 0.6875, 0.7291666666666666, 0.75, 0.6875, 0.8333333333333334, 0.7291666666666666, 0.75, 0.7395833333333334, 0.7604166666666666], "1": [0.5865384615384616, 0.6057692307692307, 0.6153846153846154, 0.6923076923076923, 0.7115384615384616, 0.625, 0.7403846153846154, 0.7019230769230769, 0.7788461538461539, 0.7211538461538461], "overall": [0.63, 0.645, 0.67, 0.72, 0.7, 0.725, 0.735, 0.725, 0.76, 0.74]}, "pred_dict": {"0": [0.1346153846153846, 0.11538461538461539, 0.08653846153846154, 0.4326923076923077, 0.33653846153846156, 0.07692307692307693, 0.3076923076923077, 0.36538461538461536, 0.3076923076923077, 0.23076923076923078], "1": [0.07291666666666667, 0.10416666666666667, 0.0625, 0.3125, 0.10416666666666667, 0.25, 0.10416666666666667, 0.125, 0.010416666666666666, 0.03125], "overall": [0.105, 0.11, 0.075, 0.375, 0.225, 0.16, 0.21, 0.25, 0.165, 0.135]}, "util": [-0.0225, -0.015, -0.0025, 0.0225, 0.0125, 0.025, 0.03, 0.025, 0.0425, 0.0325], "DP": [0.06169871794871794, 0.01121794871794872, 0.024038461538461536, 0.12019230769230771, 0.23237179487179488, 0.17307692307692307, 0.20352564102564102, 0.24038461538461536, 0.297275641025641, 0.19951923076923078], "EOP": [0.14634146341463414, 0.06300813008130081, 0.03861788617886179, 0.03353658536585369, 0.4776422764227643, 0.5447154471544715, 0.394308943089431, 0.33536585365853655, 0.6097560975609756, 0.3556910569105691]}