{"cum-loop-time": [2.4968292713165283, 5.945207118988037, 9.841243982315063, 14.671850681304932, 20.69625949859619, 27.00790238380432, 33.885695457458496, 41.60740351676941, 50.63816857337952, 59.56627559661865, 69.22401285171509], "cum-varOracle-time": [2.410306692123413, 5.738571643829346, 9.520779848098755, 14.233629941940308, 20.13197374343872, 26.324459314346313, 33.08085322380066, 40.685312032699585, 49.59567904472351, 58.407153367996216, 67.94673657417297], "num_lossOracle_calls": 11, "num_varOracle_calls": 55, "num_var_policies added": [5, 5, 5, 5, 5, 5, 5, 5, 5, 5, 5]}