{"acc_dict": {"0": [0.7732656514382402, 0.754653130287648, 0.7445008460236887, 0.7766497461928934], "1": [0.7717569786535303, 0.6469622331691297, 0.632183908045977, 0.7619047619047619], "overall": [0.7725, 0.7, 0.6875, 0.7691666666666667]}, "pred_dict": {"0": [0.22504230118443316, 0.07106598984771574, 0.06429780033840947, 0.20812182741116753], "1": [0.3727422003284072, 0.14942528735632185, 0.03284072249589491, 0.16912972085385877], "overall": [0.3, 0.11083333333333334, 0.04833333333333333, 0.18833333333333332]}, "util": [0.04583333333333333, 0.009583333333333333, 0.0033333333333333335, 0.04416666666666667], "DP": [0.14769989914397405, 0.07835929750860611, 0.03145707784251456, 0.03899210655730875], "FPR": [0.0357354380960439, 0.04455900305803005, 0.04124110089081744, 0.10984129670143715]}