{"UTIL": {"mean": -0.16071428571428573, "FQ": -0.34375, "TQ": 0.0, "STD": 0.17946206466287307, "Q025": -0.45937500000000003, "Q975": 0.0}, "ACC": {"mean": 0.6785714285714286, "FQ": 0.3125, "TQ": 1.0, "STD": 0.35892412932574613, "Q025": 0.08125, "Q975": 1.0}, "DP": {"mean": 0.14285714285714285, "FQ": 0.0, "TQ": 0.375, "STD": 0.22587697572631282, "Q025": 0.0, "Q975": 0.5}, "EOP": {"mean": 0.0, "FQ": 0.0, "TQ": 0.0, "STD": 0.0, "Q025": 0.0, "Q975": 0.0}}