{"UTIL": {"mean": 0.017857142857142856, "FQ": -0.0625, "TQ": 0.125, "STD": 0.10412414097938036, "Q025": -0.125, "Q975": 0.125}, "ACC": {"mean": 0.7857142857142857, "FQ": 0.625, "TQ": 1.0, "STD": 0.20824828195876072, "Q025": 0.5, "Q975": 1.0}, "DP": {"mean": 0.35714285714285715, "FQ": 0.25, "TQ": 0.5, "STD": 0.2258769757263128, "Q025": 0.0, "Q975": 0.5}, "EOP": {"mean": 0.5714285714285714, "FQ": 0.0, "TQ": 1.0, "STD": 0.4948716593053935, "Q025": 0.0, "Q975": 1.0}}