{"RT": 7.0, "regt": {"mean": 0.4375, "FQ": 0.0, "TQ": 1.0, "STD": 0.49607837082461076, "Q025": 0.0, "Q975": 1.0}, "regt_cum": {"mean": 4.5625, "FQ": 4.0, "TQ": 6.0, "STD": 1.5799030824705673, "Q025": 1.375, "Q975": 6.625}, "regT": {"mean": 0.4375, "FQ": 0.0, "TQ": 1.0, "STD": 0.49607837082461076, "Q025": 0.0, "Q975": 1.0}, "regT_cum": {"mean": 4.5625, "FQ": 4.0, "TQ": 6.0, "STD": 1.5799030824705673, "Q025": 1.375, "Q975": 6.625}}