{"RT": 2.0469899166313024, "regt": {"mean": 0.3154368697894564, "FQ": -0.18779191584784133, "TQ": 1.0, "STD": 0.6443010250451247, "Q025": -0.7285873994221173, "Q975": 1.0}, "regt_cum": {"mean": 3.6716199726769654, "FQ": 3.0, "TQ": 4.3440979196174485, "STD": 1.0733787138984683, "Q025": 1.375, "Q975": 5.029368697894564}, "regT": {"mean": 0.12793686978945643, "FQ": -0.45717479884423445, "TQ": 1.0, "STD": 0.8281040919143224, "Q025": -1.0, "Q975": 1.0}, "regT_cum": {"mean": 1.7341199726769654, "FQ": 1.0, "TQ": 2.0117474791578256, "STD": 0.9531753099570813, "Q025": 0.375, "Q975": 3.625}}