{"regt": [1, 1, 1, 1, 0, -1, 0, 0, 1, 0.0, 1.0, -0.17437264222887694, -0.27435463930943993, -0.27623306512564594, -0.2280497367047345, 1.0], "regt_cum": [1.0, 2.0, 3.0, 4.0, 4.0, 3.0, 3.0, 3.0, 4.0, 4.0, 5.0, 4.825627357771123, 4.551272718461683, 4.275039653336037, 4.046989916631302, 5.046989916631302], "regT": [1, 1, 1, 1, -1, -1, -1, -1, 1, 0.0, 1.0, -0.17437264222887694, -0.27435463930943993, -0.27623306512564594, -0.2280497367047345, 1.0], "regT_cum": [1.0, 2.0, 3.0, 4.0, 3.0, 2.0, 1.0, 0.0, 1.0, 1.0, 2.0, 1.825627357771123, 1.551272718461683, 1.275039653336037, 1.0469899166313026, 2.0469899166313024]}