{"ACC": {"0": [0.7670682730923695, 0.797752808988764, 0.7819548872180451, 0.8093525179856115, 0.7837837837837838, 0.8138528138528138], "1": [0.7569721115537849, 0.7253218884120172, 0.7606837606837606, 0.8108108108108109, 0.7634854771784232, 0.7732342007434945], "overall": [0.762, 0.764, 0.772, 0.81, 0.774, 0.792]}, "mean_pred": {"0": [0.27309236947791166, 0.23595505617977527, 0.3007518796992481, 0.27697841726618705, 0.28185328185328185, 0.2943722943722944], "1": [0.2948207171314741, 0.33905579399141633, 0.2606837606837607, 0.22072072072072071, 0.2821576763485477, 0.241635687732342], "overall": [0.284, 0.284, 0.282, 0.252, 0.282, 0.266]}, "Utility": [0.032, 0.02, 0.033, 0.056, 0.027, 0.029], "DP": [0.021728347653562463, 0.10310073781164106, 0.0400681190154874, 0.056257696545466335, 0.0003043944952658695, 0.05273660663995239], "TPR": [0.033227288794627, 0.059047619047619015, 0.05680851063829784, 0.04091653027823239, 0.01743100228263128, 0.13218390804597702], "EO": [0.04958215437257352, 0.12591911764705882, 0.07270794407576832, 0.0510016420361248, 0.03888888888888889, 0.13218390804597702]}