{"UTIL": {"mean": 0.04978873239436621, "FQ": 0.03, "TQ": 0.08, "STD": 0.0319433545703966, "Q025": 0.0, "Q975": 0.09}, "ACC": {"mean": 0.7595774647887323, "FQ": 0.72, "TQ": 0.82, "STD": 0.06388670914079318, "Q025": 0.66, "Q975": 0.84}, "DP": {"mean": 0.08582746478873242, "FQ": 0.048611111111111105, "TQ": 0.1111111111111111, "STD": 0.06239580924462285, "Q025": 0.0, "Q975": 0.2326388888888889}, "EOP": {"mean": 0.16866197183098589, "FQ": 0.016666666666666607, "TQ": 0.25833333333333336, "STD": 0.15014966964879545, "Q025": 0.0, "Q975": 0.5166666666666666}}