{"UTIL_mean": -0.0673076923076923, "UTIL_FQ": -0.125, "UTIL_TQ": 0.0, "ACC_mean": 0.8653846153846154, "ACC_FQ": 0.75, "ACC_TQ": 1.0, "DP_mean": 0.19230769230769232, "DP_FQ": 0.0, "DP_TQ": 0.5, "EOP_mean": 0.0, "EOP_FQ": 0.0, "EOP_TQ": 0.0, "UTIL_STD": 0.09322461264262172, "ACC_STD": 0.18644922528524344, "DP_STD": 0.3124630155629216, "EOP_STD": 0.0, "UTIL_Q025": -0.25, "UTIL_Q975": 0.0, "ACC_Q025": 0.5, "ACC_Q975": 1.0, "DP_Q025": 0.0, "DP_Q975": 0.8499999999999996, "EOP_Q025": 0.0, "EOP_Q975": 0.0}