{"UTIL_mean": -0.24666666666666667, "UTIL_FQ": -0.5, "UTIL_TQ": 0.0, "ACC_mean": 0.5066666666666667, "ACC_FQ": 0.0, "ACC_TQ": 1.0, "DP_mean": 0.08, "DP_FQ": 0.0, "DP_TQ": 0.0, "EOP_mean": 0.0, "EOP_FQ": 0.0, "EOP_TQ": 0.0, "UTIL_STD": 0.2300120769776134, "ACC_STD": 0.4600241539552268, "DP_STD": 0.2006655592438988, "EOP_STD": 0.0, "UTIL_Q025": -0.5, "UTIL_Q975": 0.0, "ACC_Q025": 0.0, "ACC_Q975": 1.0, "DP_Q025": 0.0, "DP_Q975": 0.5, "EOP_Q025": 0.0, "EOP_Q975": 0.0}