{"cum-loop-time": [1.104706048965454, 1.6229968070983887, 2.3465609550476074, 3.2059168815612793, 4.25793719291687, 5.736829042434692, 7.010541915893555, 8.227762937545776, 10.029265880584717, 11.624682903289795, 13.805025815963745], "cum-varOracle-time": [1.071099042892456, 1.560981273651123, 2.2576711177825928, 3.087961196899414, 4.109521150588989, 5.557619094848633, 6.805902004241943, 7.995893955230713, 9.768879175186157, 11.336351871490479, 13.48819088935852], "num_lossOracle_calls": 11, "num_varOracle_calls": 12, "num_var_policies added": [1, 0, 0, 0, 0, 0, 0, 0, 0, 0, 0]}