{"UTIL": {"mean": -0.051455684540261656, "FQ": -0.10185185185185185, "TQ": 0.009259259259259259, "STD": 0.08320679139852236, "Q025": -0.24074074074074073, "Q975": 0.037037037037037035}, "ACC": {"mean": 0.6378293716602174, "FQ": 0.5370370370370371, "TQ": 0.7592592592592593, "STD": 0.1664135827970447, "Q025": 0.25925925925925924, "Q975": 0.8148148148148148}, "DP": {"mean": 0.14723716620264735, "FQ": 0.030855539971949508, "TQ": 0.2187938288920056, "STD": 0.13092847661855794, "Q025": 0.0, "Q975": 0.4179523141654979}, "EOP": {"mean": 0.2210376687988628, "FQ": 0.0, "TQ": 0.2857142857142857, "STD": 0.20841301025469416, "Q025": 0.0, "Q975": 0.7142857142857143}}