{"ACC": {"0": [0.8111658456486043, 0.7816091954022989, 0.8144499178981938, 0.8095238095238095, 0.7996715927750411], "1": [0.7783417935702199, 0.7326565143824028, 0.8138747884940778, 0.7292724196277496, 0.8121827411167513], "overall": [0.795, 0.7575, 0.8141666666666667, 0.77, 0.8058333333333333]}, "mean_pred": {"0": [0.29780033840947545, 0.377326565143824, 0.17428087986463622, 0.38747884940778343, 0.19289340101522842], "1": [0.3415435139573071, 0.39408866995073893, 0.3054187192118227, 0.24794745484400657, 0.20853858784893267], "overall": [0.32, 0.3858333333333333, 0.24083333333333334, 0.31666666666666665, 0.20083333333333334]}, "Utility": [0.056666666666666664, 0.03791666666666667, 0.06625, 0.04416666666666667, 0.06208333333333333], "DP": [0.043743175547831636, 0.016762104806914924, 0.13113783934718645, 0.13953139456377686, 0.01564518683370425]}