{"ACC_mean": 0.7885, "mean_pred_mean": 0.29283333333333333, "Utility_mean": 0.05341666666666667, "DP_mean": 0.06936394021988282}