{"UTIL_mean": 0.04525, "UTIL_FQ": 0.0425, "UTIL_TQ": 0.04875, "ACC_mean": 0.7838333333333334, "ACC_FQ": 0.7783333333333333, "ACC_TQ": 0.7908333333333334, "DP_mean": 0.05562751619114303, "DP_FQ": 0.005567919448542624, "DP_TQ": 0.10590716244488346, "FPR_mean": 0.058603489823766806, "FPR_FQ": 0.026629503817902044, "FPR_TQ": 0.09697761519031443}