{"acc_dict": {"0": [0.754653130287648, 0.805414551607445, 0.8324873096446701, 0.7563451776649747, 0.7478849407783418], "1": [0.8013136288998358, 0.8078817733990148, 0.7504105090311987, 0.7701149425287356, 0.8111658456486043], "overall": [0.7783333333333333, 0.8066666666666666, 0.7908333333333334, 0.7633333333333333, 0.78]}, "pred_dict": {"0": [0.29949238578680204, 0.19458544839255498, 0.12351945854483926, 0.2910321489001692, 0.3062605752961083], "1": [0.2939244663382594, 0.30049261083743845, 0.11822660098522167, 0.4400656814449918, 0.2939244663382594], "overall": [0.2966666666666667, 0.24833333333333332, 0.12083333333333333, 0.36666666666666664, 0.3]}, "util": [0.0425, 0.056666666666666664, 0.04875, 0.035, 0.043333333333333335], "DP": [0.005567919448542624, 0.10590716244488346, 0.005292857559617586, 0.1490335325448226, 0.012336108957848868], "FPR": [0.09697761519031443, 0.006393171326539493, 0.026629503817902044, 0.04929884156432368, 0.11371831721975437]}