{"acc_dict": {"0": [0.7708333333333334, 0.7604166666666666, 0.7916666666666666, 0.75, 0.8125, 0.8541666666666666, 0.8229166666666666, 0.8333333333333334, 0.8333333333333334, 0.8229166666666666, 0.8229166666666666, 0.8645833333333334], "1": [0.7788461538461539, 0.8365384615384616, 0.8365384615384616, 0.6442307692307693, 0.8173076923076923, 0.7596153846153846, 0.7692307692307693, 0.7403846153846154, 0.8076923076923077, 0.8461538461538461, 0.7403846153846154, 0.7884615384615384], "overall": [0.775, 0.8, 0.815, 0.695, 0.815, 0.805, 0.795, 0.785, 0.82, 0.835, 0.78, 0.825]}, "pred_dict": {"0": [0.21153846153846154, 0.21153846153846154, 0.21153846153846154, 0.0, 0.25, 0.3269230769230769, 0.3942307692307692, 0.23076923076923078, 0.4326923076923077, 0.25961538461538464, 0.4423076923076923, 0.14423076923076922], "1": [0.020833333333333332, 0.010416666666666666, 0.041666666666666664, 0.0, 0.10416666666666667, 0.20833333333333334, 0.3229166666666667, 0.14583333333333334, 0.25, 0.3229166666666667, 0.3020833333333333, 0.19791666666666666], "overall": [0.12, 0.115, 0.13, 0.0, 0.18, 0.27, 0.36, 0.19, 0.345, 0.29, 0.375, 0.17]}, "util": [0.04, 0.0525, 0.06, 0.0, 0.06, 0.055, 0.05, 0.045, 0.0625, 0.07, 0.0425, 0.065], "DP": [0.1907051282051282, 0.20112179487179488, 0.16987179487179488, 0.0, 0.14583333333333331, 0.11858974358974358, 0.07131410256410253, 0.08493589743589744, 0.1826923076923077, 0.06330128205128205, 0.14022435897435898, 0.05368589743589744], "EOP": [0.4031531531531532, 0.5259009009009009, 0.4009009009009009, 0.0, 0.2612612612612613, 0.0033783783783783994, 0.061936936936936915, 0.0011261261261261701, 0.1711711711711712, 0.14301801801801795, 0.006756756756756799, 0.21959459459459457]}