{"UTIL": {"mean": 0.050208333333333334, "FQ": 0.044375000000000005, "TQ": 0.060625, "STD": 0.017543349087965565, "Q025": 0.011000000000000001, "Q975": 0.068625}, "ACC": {"mean": 0.7954166666666667, "FQ": 0.78375, "TQ": 0.8162499999999999, "STD": 0.03508669817593112, "Q025": 0.717, "Q975": 0.8322499999999999}, "DP": {"mean": 0.11852297008547008, "FQ": 0.06931089743589741, "TQ": 0.17307692307692307, "STD": 0.06100668683341079, "Q025": 0.014763621794871796, "Q975": 0.19825721153846154}, "EOP": {"mean": 0.1831831831831832, "FQ": 0.005912162162162199, "TQ": 0.2961711711711712, "STD": 0.17494767957016003, "Q025": 0.0003096846846846968, "Q975": 0.4921452702702703}}