{"UTIL_mean": 0.051666666666666666, "UTIL_FQ": 0.044583333333333336, "UTIL_TQ": 0.059583333333333335, "ACC_mean": 0.7791666666666667, "ACC_FQ": 0.765, "ACC_TQ": 0.795, "DP_mean": 0.07259300009168729, "DP_FQ": 0.041667708567761086, "DP_TQ": 0.08650279646253742, "FPR_mean": 0.07111942031110623, "FPR_FQ": 0.006378532937424394, "FPR_TQ": 0.10165328641079219}