{"acc_dict": {"0": [0.766497461928934, 0.6582064297800339], "1": [0.7192118226600985, 0.7323481116584565], "overall": [0.7425, 0.6958333333333333]}, "pred_dict": {"0": [0.12521150592216582, 0.4027072758037225], "1": [0.21182266009852216, 0.3760262725779967], "overall": [0.16916666666666666, 0.38916666666666666]}, "util": [0.02875, 0.005416666666666667], "DP": [0.08661115417635634, 0.026681003225725808], "FPR": [0.04047210529752964, 0.10455541240938751]}