{"UTIL_mean": 0.0395, "UTIL_FQ": 0.03333333333333333, "UTIL_TQ": 0.04791666666666667, "ACC_mean": 0.7631666666666667, "ACC_FQ": 0.7508333333333334, "ACC_TQ": 0.78, "DP_mean": 0.08064147766580812, "DP_FQ": 0.04728563926883547, "DP_TQ": 0.0646312086886216, "FPR_mean": 0.08099359241075144, "FPR_FQ": 0.0021933213661598366, "FPR_TQ": 0.09755227713120697}