{"acc_dict": {"0": [0.7868020304568528, 0.7766497461928934, 0.7614213197969543, 0.7241962774957699, 0.7191201353637902], "1": [0.7733990147783252, 0.7881773399014779, 0.7635467980295566, 0.7553366174055829, 0.7816091954022989], "overall": [0.78, 0.7825, 0.7625, 0.74, 0.7508333333333334]}, "pred_dict": {"0": [0.233502538071066, 0.29780033840947545, 0.32656514382402707, 0.37055837563451777, 0.38578680203045684], "1": [0.28078817733990147, 0.23316912972085385, 0.3760262725779967, 0.37766830870279144, 0.1510673234811166], "overall": [0.2575, 0.265, 0.3516666666666667, 0.37416666666666665, 0.26666666666666666]}, "util": [0.04791666666666667, 0.049166666666666664, 0.03916666666666667, 0.027916666666666666, 0.03333333333333333], "DP": [0.04728563926883547, 0.0646312086886216, 0.04946112875396963, 0.007109933068273677, 0.23471947854934025], "FPR": [0.0021933213661598366, 0.09755227713120697, 0.001444382363080865, 0.047147493431923815, 0.2566304877613857]}