{"UTIL": {"mean": 0.125, "FQ": 0.09375, "TQ": 0.15625, "STD": 0.08838834764831845, "Q025": 0.0, "Q975": 0.25}, "ACC": {"mean": 0.75, "FQ": 0.6875, "TQ": 0.8125, "STD": 0.1767766952966369, "Q025": 0.5, "Q975": 1.0}, "DP": {"mean": 0.5, "FQ": 0.375, "TQ": 0.625, "STD": 0.3535533905932738, "Q025": 0.0, "Q975": 1.0}, "EOP": {"mean": 0.75, "FQ": 0.75, "TQ": 1.0, "STD": 0.4330127018922193, "Q025": 0.0, "Q975": 1.0}}