{"acc_dict": {"0": [0.7288659793814433], "1": [0.7912621359223301], "overall": [0.761]}, "pred_dict": {"0": [0.311340206185567], "1": [0.36213592233009706], "overall": [0.3375]}, "util": [0.03225], "DP": [0.050795716144530045], "FPR": [0.0515279785257072]}