{"UTIL_mean": 0.03225, "UTIL_FQ": 0.03225, "UTIL_TQ": 0.03225, "ACC_mean": 0.761, "ACC_FQ": 0.761, "ACC_TQ": 0.761, "DP_mean": 0.050795716144530045, "DP_FQ": 0.050795716144530045, "DP_TQ": 0.050795716144530045, "FPR_mean": 0.0515279785257072, "FPR_FQ": 0.0515279785257072, "FPR_TQ": 0.0515279785257072, "UTIL_STD": 0.0, "ACC_STD": 0.0, "DP_STD": 0.0, "FPR_STD": 0.0, "UTIL_Q025": 0.03225, "UTIL_Q975": 0.03225, "ACC_Q025": 0.761, "ACC_Q975": 0.761, "DP_Q025": 0.050795716144530045, "DP_Q975": 0.050795716144530045, "FPR_Q025": 0.0515279785257072, "FPR_Q975": 0.0515279785257072}