{"UTIL_mean": -0.028846153846153848, "UTIL_FQ": 0.0, "UTIL_TQ": 0.0, "ACC_mean": 0.6923076923076923, "ACC_FQ": 0.75, "ACC_TQ": 0.75, "DP_mean": 0.8846153846153846, "DP_FQ": 1.0, "DP_TQ": 1.0, "EOP_mean": 1.0, "EOP_FQ": 1.0, "EOP_TQ": 1.0, "UTIL_STD": 0.0526656305293429, "ACC_STD": 0.1053312610586858, "DP_STD": 0.2106625221173716, "EOP_STD": 0.0, "UTIL_Q025": -0.125, "UTIL_Q975": 0.0, "ACC_Q025": 0.5, "ACC_Q975": 0.75, "DP_Q025": 0.5, "DP_Q975": 1.0, "EOP_Q025": 1.0, "EOP_Q975": 1.0}