{"ACC": {"0": [0.7705479452054794, 0.7962328767123288], "1": [0.8457792207792207, 0.7564935064935064], "overall": [0.8091666666666667, 0.7758333333333334]}, "mean_pred": {"0": [0.10714285714285714, 0.29383116883116883], "1": [0.2191780821917808, 0.2517123287671233], "overall": [0.16166666666666665, 0.2733333333333333]}, "Utility": [0.05, 0.03333333333333333], "DP": [0.11203522504892367, 0.04211884006404554]}