{"ACC_mean": 0.7925, "mean_pred_mean": 0.21749999999999997, "Utility_mean": 0.04166666666666667, "DP_mean": 0.0770770325564846}