{"ACC_mean": 0.795, "mean_pred_mean": 0.26166666666666666, "Utility_mean": 0.05333333333333334, "DP_mean": 0.035491318880081335}