{"ACC": {"0": [0.7881773399014779], "1": [0.8020304568527918], "overall": [0.795]}, "mean_pred": {"0": [0.2436548223350254], "1": [0.2791461412151067], "overall": [0.26166666666666666]}, "Utility": [0.05333333333333334], "DP": [0.035491318880081335]}