{"acc_dict": {"0": [0.8181818181818182, 0.9090909090909091, 0.7272727272727273, 1.0, 1.0, 0.8181818181818182, 0.8181818181818182, 0.8181818181818182, 0.7272727272727273, 0.8181818181818182, 0.9090909090909091, 0.6363636363636364, 0.7272727272727273, 0.7272727272727273, 0.5454545454545454, 0.9090909090909091, 0.9090909090909091, 0.9090909090909091, 0.9090909090909091, 0.9090909090909091, 0.8181818181818182, 0.8181818181818182, 0.8181818181818182, 0.9090909090909091, 0.7272727272727273, 0.7272727272727273, 0.9090909090909091, 0.8181818181818182, 0.8181818181818182, 1.0, 0.9090909090909091, 0.8181818181818182, 1.0, 1.0, 0.6363636363636364, 0.6363636363636364, 0.8181818181818182, 0.9090909090909091, 0.6363636363636364, 0.9090909090909091, 0.7272727272727273, 0.8181818181818182, 1.0, 0.9090909090909091, 0.6363636363636364, 0.7272727272727273, 0.9090909090909091, 0.8181818181818182, 1.0, 0.7272727272727273, 0.9090909090909091, 0.8181818181818182, 0.8181818181818182, 0.9090909090909091, 0.8181818181818182, 0.7272727272727273, 0.8181818181818182, 0.8181818181818182, 0.8181818181818182, 0.9090909090909091, 0.6363636363636364, 0.7272727272727273, 0.9090909090909091, 0.6363636363636364, 0.8181818181818182, 1.0, 0.6363636363636364, 0.7272727272727273, 0.8181818181818182, 0.8181818181818182, 0.8181818181818182], "1": [0.6666666666666666, 0.5555555555555556, 0.5555555555555556, 0.5555555555555556, 0.3333333333333333, 0.5555555555555556, 0.6666666666666666, 0.7777777777777778, 0.4444444444444444, 0.8888888888888888, 0.6666666666666666, 0.5555555555555556, 0.6666666666666666, 0.4444444444444444, 0.5555555555555556, 0.6666666666666666, 0.6666666666666666, 0.6666666666666666, 0.5555555555555556, 0.7777777777777778, 0.5555555555555556, 0.5555555555555556, 0.4444444444444444, 0.4444444444444444, 0.6666666666666666, 0.6666666666666666, 0.5555555555555556, 0.6666666666666666, 0.6666666666666666, 0.6666666666666666, 0.7777777777777778, 0.6666666666666666, 0.5555555555555556, 0.6666666666666666, 0.4444444444444444, 0.5555555555555556, 0.5555555555555556, 0.4444444444444444, 0.6666666666666666, 0.5555555555555556, 0.7777777777777778, 0.4444444444444444, 0.5555555555555556, 0.5555555555555556, 0.6666666666666666, 0.5555555555555556, 0.8888888888888888, 0.7777777777777778, 0.5555555555555556, 0.7777777777777778, 0.5555555555555556, 0.6666666666666666, 0.7777777777777778, 0.6666666666666666, 0.6666666666666666, 0.6666666666666666, 0.5555555555555556, 0.5555555555555556, 0.6666666666666666, 0.7777777777777778, 0.5555555555555556, 0.7777777777777778, 0.5555555555555556, 0.5555555555555556, 0.6666666666666666, 0.5555555555555556, 0.5555555555555556, 0.6666666666666666, 0.5555555555555556, 0.6666666666666666, 0.5555555555555556], "overall": [0.75, 0.75, 0.65, 0.8, 0.7, 0.7, 0.75, 0.8, 0.6, 0.85, 0.8, 0.6, 0.7, 0.6, 0.55, 0.8, 0.8, 0.8, 0.75, 0.85, 0.7, 0.7, 0.65, 0.7, 0.7, 0.7, 0.75, 0.75, 0.75, 0.85, 0.85, 0.75, 0.8, 0.85, 0.55, 0.6, 0.7, 0.7, 0.65, 0.75, 0.75, 0.65, 0.8, 0.75, 0.65, 0.65, 0.9, 0.8, 0.8, 0.75, 0.75, 0.75, 0.8, 0.8, 0.75, 0.7, 0.7, 0.7, 0.75, 0.85, 0.6, 0.75, 0.75, 0.6, 0.75, 0.8, 0.6, 0.7, 0.7, 0.75, 0.7]}, "pred_dict": {"0": [0.6666666666666666, 0.7777777777777778, 0.7777777777777778, 0.7777777777777778, 0.7777777777777778, 0.5555555555555556, 0.6666666666666666, 0.5555555555555556, 0.8888888888888888, 0.4444444444444444, 0.6666666666666666, 0.7777777777777778, 0.6666666666666666, 0.6666666666666666, 0.7777777777777778, 0.6666666666666666, 0.6666666666666666, 0.6666666666666666, 0.7777777777777778, 0.5555555555555556, 0.7777777777777778, 0.7777777777777778, 0.6666666666666666, 0.8888888888888888, 0.6666666666666666, 0.6666666666666666, 0.7777777777777778, 0.6666666666666666, 0.6666666666666666, 0.6666666666666666, 0.5555555555555556, 0.6666666666666666, 0.7777777777777778, 0.6666666666666666, 0.8888888888888888, 0.7777777777777778, 0.7777777777777778, 0.8888888888888888, 0.6666666666666666, 0.5555555555555556, 0.5555555555555556, 0.8888888888888888, 0.7777777777777778, 0.7777777777777778, 0.6666666666666666, 0.7777777777777778, 0.4444444444444444, 0.5555555555555556, 0.7777777777777778, 0.5555555555555556, 0.7777777777777778, 0.6666666666666666, 0.5555555555555556, 0.6666666666666666, 0.6666666666666666, 0.6666666666666666, 0.7777777777777778, 0.7777777777777778, 0.6666666666666666, 0.5555555555555556, 0.7777777777777778, 0.5555555555555556, 0.7777777777777778, 0.7777777777777778, 0.6666666666666666, 0.7777777777777778, 0.7777777777777778, 0.6666666666666666, 0.7777777777777778, 0.6666666666666666, 0.7777777777777778], "1": [0.45454545454545453, 0.36363636363636365, 0.36363636363636365, 0.2727272727272727, 0.2727272727272727, 0.2727272727272727, 0.2727272727272727, 0.2727272727272727, 0.36363636363636365, 0.2727272727272727, 0.36363636363636365, 0.45454545454545453, 0.36363636363636365, 0.36363636363636365, 0.5454545454545454, 0.18181818181818182, 0.18181818181818182, 0.36363636363636365, 0.36363636363636365, 0.18181818181818182, 0.2727272727272727, 0.2727272727272727, 0.2727272727272727, 0.18181818181818182, 0.36363636363636365, 0.36363636363636365, 0.36363636363636365, 0.2727272727272727, 0.2727272727272727, 0.2727272727272727, 0.36363636363636365, 0.2727272727272727, 0.2727272727272727, 0.2727272727272727, 0.45454545454545453, 0.45454545454545453, 0.2727272727272727, 0.18181818181818182, 0.45454545454545453, 0.36363636363636365, 0.36363636363636365, 0.2727272727272727, 0.2727272727272727, 0.18181818181818182, 0.45454545454545453, 0.5454545454545454, 0.36363636363636365, 0.2727272727272727, 0.2727272727272727, 0.36363636363636365, 0.18181818181818182, 0.45454545454545453, 0.2727272727272727, 0.18181818181818182, 0.2727272727272727, 0.5454545454545454, 0.2727272727272727, 0.2727272727272727, 0.2727272727272727, 0.18181818181818182, 0.45454545454545453, 0.36363636363636365, 0.36363636363636365, 0.45454545454545453, 0.2727272727272727, 0.2727272727272727, 0.45454545454545453, 0.36363636363636365, 0.2727272727272727, 0.2727272727272727, 0.2727272727272727], "overall": [0.55, 0.55, 0.55, 0.5, 0.5, 0.4, 0.45, 0.4, 0.6, 0.35, 0.5, 0.6, 0.5, 0.5, 0.65, 0.4, 0.4, 0.5, 0.55, 0.35, 0.5, 0.5, 0.45, 0.5, 0.5, 0.5, 0.55, 0.45, 0.45, 0.45, 0.45, 0.45, 0.5, 0.45, 0.65, 0.6, 0.5, 0.5, 0.55, 0.45, 0.45, 0.55, 0.5, 0.45, 0.55, 0.65, 0.4, 0.4, 0.5, 0.45, 0.45, 0.55, 0.4, 0.4, 0.45, 0.6, 0.5, 0.5, 0.45, 0.35, 0.6, 0.45, 0.55, 0.6, 0.45, 0.5, 0.6, 0.5, 0.5, 0.45, 0.5]}, "util": [0.025, 0.025, -0.025, 0.05, 0.0, 0.0, 0.025, 0.05, -0.05, 0.075, 0.05, -0.05, 0.0, -0.05, -0.075, 0.05, 0.05, 0.05, 0.025, 0.075, 0.0, 0.0, -0.025, 0.0, 0.0, 0.0, 0.025, 0.025, 0.025, 0.075, 0.075, 0.025, 0.05, 0.075, -0.075, -0.05, 0.0, 0.0, -0.025, 0.025, 0.025, -0.025, 0.05, 0.025, -0.025, -0.025, 0.1, 0.05, 0.05, 0.025, 0.025, 0.025, 0.05, 0.05, 0.025, 0.0, 0.0, 0.0, 0.025, 0.075, -0.05, 0.025, 0.025, -0.05, 0.025, 0.05, -0.05, 0.0, 0.0, 0.025, 0.0],