{"UTIL_mean": 0.014788732394366198, "UTIL_FQ": 0.0, "UTIL_TQ": 0.05, "ACC_mean": 0.7295774647887325, "ACC_FQ": 0.7, "ACC_TQ": 0.8, "DP_mean": 0.3784322094181249, "DP_FQ": 0.29292929292929293, "DP_TQ": 0.5050505050505051, "EOP_mean": 0.23004694835680756, "EOP_FQ": 0.0, "EOP_TQ": 0.33333333333333337, "UTIL_STD": 0.03858807941633093, "ACC_STD": 0.07717615883266186, "DP_STD": 0.13319650271010935, "EOP_STD": 0.15414511886743665, "UTIL_Q025": -0.05625000000000001, "UTIL_Q975": 0.075, "ACC_Q025": 0.5874999999999999, "ACC_Q975": 0.85, "DP_Q025": 0.1590909090909091, "DP_Q975": 0.6388888888888888, "EOP_Q025": 0.0, "EOP_Q975": 0.33333333333333337}