{"UTIL_mean": 0.008012820512820512, "UTIL_FQ": 0.0, "UTIL_TQ": 0.0, "ACC_mean": 0.5160256410256411, "ACC_FQ": 0.5, "ACC_TQ": 0.5, "DP_mean": 0.03205128205128205, "DP_FQ": 0.0, "DP_TQ": 0.0, "EOP_mean": 0.5256410256410257, "EOP_FQ": 0.0, "EOP_TQ": 1.0, "UTIL_STD": 0.030616944189972434, "ACC_STD": 0.06123388837994486, "DP_STD": 0.12246777675988973, "EOP_STD": 0.48633530098437594, "UTIL_Q025": 0.0, "UTIL_Q975": 0.125, "ACC_Q025": 0.5, "ACC_Q975": 0.75, "DP_Q025": 0.0, "DP_Q975": 0.5, "EOP_Q025": 0.0, "EOP_Q975": 1.0}