{"regt0_cum": [0.0, 0.25, 0.25, 0.25, 0.3500000000000001, 0.5166666666666668, 0.7309523809523808, 0.918452380952381, 1.140674603174603, 1.3906746031746025, 1.5724927849927846, 1.780826118326118, 2.011595349095349, 2.2258810633810633, 2.3925477300477294, 2.5487977300477285, 2.725268318283022, 2.891934984949688, 3.0498297217917925, 3.199829721791792, 3.3426868646489343, 3.4563232282852976, 3.56501888045921, 3.669185547125876, 3.7691855471258755, 3.865339393279722, 3.957931985872314, NaN, NaN, NaN, NaN, NaN, NaN, NaN, NaN, NaN, NaN, NaN, NaN, NaN, NaN, NaN, NaN, NaN, NaN, NaN, NaN, NaN, NaN, NaN, NaN, NaN, NaN, NaN, NaN, NaN, NaN, NaN, NaN, NaN, NaN, NaN, NaN, NaN, NaN, NaN, NaN, NaN, NaN, NaN, NaN, NaN, NaN, NaN, NaN, NaN, NaN, NaN, NaN, NaN, NaN, NaN, NaN, NaN, NaN, NaN, NaN, NaN, NaN, NaN, NaN, NaN, NaN, NaN, NaN, NaN, NaN, NaN, NaN, NaN, NaN, NaN, NaN, NaN, NaN, NaN, NaN, NaN, NaN, NaN, NaN, NaN, NaN, NaN, NaN, NaN, NaN, NaN, NaN, NaN, NaN, NaN, NaN, NaN, NaN, NaN, NaN, NaN, NaN, NaN, NaN, NaN, NaN, NaN, NaN, NaN, NaN, NaN, NaN, NaN, NaN, NaN, NaN, NaN, NaN, NaN, NaN, NaN, NaN, NaN, NaN, NaN, NaN, NaN, NaN, NaN, NaN, NaN, NaN, NaN, NaN, NaN, NaN, NaN, NaN, NaN, NaN, NaN, NaN, NaN, NaN, NaN, NaN, NaN, NaN, NaN, NaN, NaN, NaN, NaN, NaN, NaN, NaN, NaN, NaN, NaN, NaN, NaN, NaN, NaN, NaN, NaN, NaN, NaN, NaN, NaN, NaN, NaN, NaN, NaN, NaN, NaN, NaN, NaN, NaN, NaN, NaN, NaN, NaN, NaN, NaN, NaN, NaN, NaN, NaN], "regT0_cum": [0.0, 0.0, 0.0, 0.0, 0.0, 0.0, 0.0, 0.0, 0.0, 0.0, 0.08856421356421418, 0.3385642135642142, 0.6462565212565217, 0.9319708069708081, 1.1986374736374747, 1.4451652514152515, 1.7360149246178658, 2.00761986288947, 2.26200582780175, 2.500894716690638, 2.7522174680133897, 2.9921164579123793, 3.219169598008998, 3.4344473757867764, 3.661114042453443, 3.876926008265409, 4.082687325137837, 4.298957166407678, 4.525010806254421, 4.741677472921086, 4.9499208753118715, 5.150267467444021, 5.359694465875197, 5.558086260987512, 5.664631751661712, 5.782106534261631, 5.895378064172528, 6.004667565220146, 6.123975284189617, 6.252800310184854, 6.375738333783492, 6.507654023486921, 6.631267391463972, 6.763435001077909, 6.8926655527004215, 7.019086744505056, 7.142818123718101, 7.274388432530873, 7.413477714633181, 7.559785211093441, 7.713027854681933, 7.863323524355259, 8.029651351204564, 8.179554473157928, 8.344913901984867, 8.516249055297038, 8.693350258551103, 8.876018682438719, 9.054658389336591, 9.238654101119497, 9.419227976533488, 9.577320759439, 9.740840641028552, 9.909618024468266, 10.075418274213199, 10.238706398961998, 10.414482760654845, 10.58767417585221, 10.772848324162652, 10.969662841782949, 11.163391666861795, 11.368318702703437, 11.570438518876013, 11.76914724987834, 11.971873197800637, 12.178510646408167, 12.38246449178703, 12.583530708166794, 12.788380896491116, 12.990404442254498, 13.189429864051888, 13.385779216708563, 13.57951698381828, 13.770705345989292, 13.959644433311233, 14.152200507989896, 14.342317540806533, 14.53005096453073, 14.715675023943412, 14.899018365281314, 15.080138709999545, 15.259290355318669, 15.436515638860165, 15.611653958203867, 15.784549782584968, 15.955644608795431, 16.124597723880008, 16.291452836229027, 16.456252329736124, 16.619403828308158, 16.780939965508182, 16.945794375872914, 17.08603084773852, 17.220863125172357, 17.35917319044016, 17.50561240603563, 17.655355928027397, 17.80355329352563, 17.954978206129383, 18.10957198316401, 18.26262197746467, 18.414155756580186, 18.568773307561933, 18.721887493127745, 18.87367025099298, 19.028454881635234, 19.18619007098995, 19.35106309772302, 19.514550636836482, 19.676675779790664, 19.837461045530347, 19.996797893608345, 20.15470987553136, 20.311219973011568, 20.47047798971193, 20.628348686884394, 20.78473151646, 20.93989260517955, 21.093730396747674, 21.246265249582095, 21.397635714226936, 21.54774434058792, 21.69649587669322, 21.84402395216472, 21.99045922707718, 22.13581777202704, 22.280006818042445, 22.423043314383314, 22.564943844498195, 22.70572463647605, 22.84540376483244, 22.983996745956418, 23.121518770718374, 23.257984713512215, 23.393409140985774, 23.52780831147733, 23.66119617406146, 23.7936827673038, 23.928635893477406, 24.066022665476517, 24.202314306416717, 24.33752522591721, 24.47176098248667, 24.608371831545945, 24.744011068618057, 24.87878082340125, 25.012692172103023, 25.14892053758517, 25.28429212089447, 25.41873181923244, 25.555442078450298, 25.691308447179146, 25.82634127990353, 25.96046851748499, 26.09340442212973, 26.225379844065003, 26.356485640045207, 26.48681104438267, 26.616286877614215, 26.744845181090724, 26.872499272261024, 26.999335426852184, 27.125438424480386, 27.250741801430024, 27.375254696223138, 27.498987287563907, 27.621948392440473, 27.744218704593024, 27.86573431939935, 27.986503622385527, 28.109368122592784, 28.23148820341548, 28.352872000584597, 28.473458931162796, 28.59325760992401, 28.71241220976715, 28.83086315822284, 28.948617940944132, 29.065618167041393, 29.18193719084546, 29.297518994655576, 29.412371257846672, 29.52650154042516, 29.640043522577997, 29.75294044329661, 29.865138200173504, 29.976643891318744, 30.087586422407696, 30.200484016154505, 30.312817121932568, 30.427078918726664, 30.54325031058613, 30.658849429579305, 30.77382354569815, 30.88823681247007, 31.00203768414309, 31.11523207757807, 31.227825824296545, 31.339768499273774, 31.45112220854348, 31.561893269325253, 31.676858806235415, 31.79123020859818, 31.90495889299021, 32.018104722470255]}