{"ACC": {"0": [0.8151260504201681, 0.8151260504201681, 0.7857142857142857, 0.8088235294117647, 0.819327731092437, 0.8067226890756303], "1": [0.8053435114503816, 0.7900763358778626, 0.7729007633587787, 0.7862595419847328, 0.7729007633587787, 0.7347328244274809], "overall": [0.81, 0.802, 0.779, 0.797, 0.795, 0.769]}, "mean_pred": {"0": [0.2689075630252101, 0.3067226890756303, 0.25630252100840334, 0.27941176470588236, 0.31092436974789917, 0.35714285714285715], "1": [0.25190839694656486, 0.2786259541984733, 0.24236641221374045, 0.27099236641221375, 0.3110687022900763, 0.3568702290076336], "overall": [0.26, 0.292, 0.249, 0.275, 0.311, 0.357]}, "Utility": [0.062, 0.058, 0.0465, 0.0555, 0.0545, 0.0415], "DP": [0.01699916607864521, 0.02809673487715697, 0.013936108794662894, 0.008419398293668612, 0.0001443325421771613, 0.00027262813522355156], "TPR": [0.0037462537462537027, 0.022977022977022976, 0.024642024642024696, 0.0017482517482517723, 0.00366300366300365, 0.032467532467532534], "EO": [0.07227891156462585, 0.06972789115646259, 0.07397959183673469, 0.08418367346938777, 0.10289115646258502, 0.11139455782312924]}