{"UTIL_mean": 0.0755, "UTIL_FQ": 0.025, "UTIL_TQ": 0.15, "ACC_mean": 0.7009999999999998, "ACC_FQ": 0.6, "ACC_TQ": 0.85, "DP_mean": 0.4115151515151515, "DP_FQ": 0.2348484848484848, "DP_TQ": 0.6439393939393939, "EOP_mean": 0.40625, "EOP_FQ": 0.0, "EOP_TQ": 0.875, "UTIL_STD": 0.06818907537135255, "ACC_STD": 0.1363781507427051, "DP_STD": 0.24454718602184933, "EOP_STD": 0.4180965050081141, "UTIL_Q025": -0.05, "UTIL_Q975": 0.175, "ACC_Q025": 0.45, "ACC_Q975": 0.9, "DP_Q025": 0.0, "DP_Q975": 0.7979797979797979, "EOP_Q025": 0.0, "EOP_Q975": 1.0}