{"UTIL": {"mean": -0.12078651685393259, "FQ": -0.25, "TQ": 0.0, "STD": 0.1263264428189262, "Q025": -0.25, "Q975": 0.0}, "ACC": {"mean": 0.5084269662921348, "FQ": 0.25, "TQ": 0.75, "STD": 0.2526528856378524, "Q025": 0.25, "Q975": 0.75}, "DP": {"mean": 0.056179775280898875, "FQ": 0.0, "TQ": 0.0, "STD": 0.19018326831248042, "Q025": 0.0, "Q975": 0.5}, "EOP": {"mean": 0.4943820224719101, "FQ": 0.0, "TQ": 1.0, "STD": 0.4999684373322919, "Q025": 0.0, "Q975": 1.0}}