{"cum-loop-time": [0.5172510147094727, 1.1927120685577393, 1.816648006439209, 2.4075448513031006, 3.03928804397583, 3.5500431060791016, 4.137855052947998, 4.672557830810547, 5.318633079528809, 5.859785079956055, 6.505090236663818, 7.158465623855591, 7.807258605957031, 8.44795560836792, 8.987236738204956, 9.636262893676758, 10.294069766998291, 10.939053773880005, 11.539830684661865, 12.351935625076294, 12.94865369796753, 13.669843912124634, 14.26604962348938, 14.999397277832031, 15.734617233276367, 16.74233651161194, 17.478662729263306, 18.104085683822632, 18.736027717590332, 19.492222547531128, 20.132015466690063, 20.77759838104248, 21.65419840812683, 22.75425362586975, 23.37668251991272, 24.158212661743164, 24.91916060447693, 25.757570505142212, 26.486459493637085, 27.34805154800415, 28.277647495269775], "cum-varOracle-time": [0.5045671463012695, 1.1646852493286133, 1.7725205421447754, 2.3493034839630127, 2.963151693344116, 3.4624197483062744, 4.037954568862915, 4.55725359916687, 5.186495304107666, 5.711013078689575, 6.342710018157959, 6.982732772827148, 7.615395784378052, 8.242494821548462, 8.766759634017944, 9.402341604232788, 10.044986724853516, 10.676208734512329, 11.261974573135376, 12.059398412704468, 12.642041444778442, 13.349692344665527, 13.93329930305481, 14.652897357940674, 15.37218427658081, 16.368133306503296, 17.091257333755493, 17.703912258148193, 18.321422338485718, 19.062770128250122, 19.687958002090454, 20.319899797439575, 21.179940700531006, 22.256727695465088, 22.862459897994995, 23.62515377998352, 24.370982885360718, 25.192641735076904, 25.90510392189026, 26.752917766571045, 27.667913675308228], "num_lossOracle_calls": 41, "num_varOracle_calls": 41, "num_var_policies added": [0, 0, 0, 0, 0, 0, 0, 0, 0, 0, 0, 0, 0, 0, 0, 0, 0, 0, 0, 0, 0, 0, 0, 0, 0, 0, 0, 0, 0, 0, 0, 0, 0, 0, 0, 0, 0, 0, 0, 0, 0]}