{"cum-loop-time": [0.6881179809570312, 1.3759829998016357, 1.7783567905426025, 2.271988868713379, 2.7763969898223877, 3.59106707572937, 4.382970094680786, 5.173924207687378, 5.985689163208008, 6.8768792152404785, 7.763408899307251, 8.315415620803833, 8.923445701599121, 9.448225736618042, 10.172240495681763, 10.76485538482666, 11.422604322433472, 12.055498361587524, 12.9727783203125, 13.734775066375732, 14.529711246490479], "cum-varOracle-time": [0.6772959232330322, 1.3536598682403564, 1.7420876026153564, 2.2182087898254395, 2.7073209285736084, 3.5100200176239014, 4.290496826171875, 5.0695319175720215, 5.87001895904541, 6.749727964401245, 7.623570203781128, 8.160687446594238, 8.751633405685425, 9.261176347732544, 9.967445373535156, 10.544755458831787, 11.185569763183594, 11.802039861679077, 12.699030876159668, 13.444862842559814, 14.222417831420898], "num_lossOracle_calls": 21, "num_varOracle_calls": 21, "num_var_policies added": [0, 0, 0, 0, 0, 0, 0, 0, 0, 0, 0, 0, 0, 0, 0, 0, 0, 0, 0, 0, 0]}