{"acc_dict": {"0": [0.8206429780033841, 0.7834179357021996, 0.7241962774957699, 0.817258883248731, 0.817258883248731], "1": [0.7996715927750411, 0.7783251231527094, 0.812807881773399, 0.7832512315270936, 0.7881773399014779], "overall": [0.81, 0.7808333333333334, 0.7691666666666667, 0.8, 0.8025]}, "pred_dict": {"0": [0.20473773265651438, 0.26903553299492383, 0.38578680203045684, 0.20135363790186125, 0.20135363790186125], "1": [0.2594417077175698, 0.29720853858784896, 0.2660098522167488, 0.361247947454844, 0.1921182266009852], "overall": [0.2325, 0.2833333333333333, 0.325, 0.2825, 0.19666666666666666]}, "util": [0.057916666666666665, 0.043333333333333335, 0.0375, 0.05291666666666667, 0.05416666666666667], "DP": [0.054703975061055427, 0.028173005592925127, 0.11977694981370807, 0.15989430955298276, 0.009235411300876045], "FPR": [0.00895140664961637, 0.030788904190438726, 0.19958685815463312, 0.08312020460358056, 0.05242966751918159], "scores": 