{"UTIL_mean": 0.049166666666666664, "UTIL_FQ": 0.043333333333333335, "UTIL_TQ": 0.05416666666666667, "ACC_mean": 0.7925, "ACC_FQ": 0.7808333333333334, "ACC_TQ": 0.8025, "DP_mean": 0.07435673026430949, "DP_FQ": 0.028173005592925127, "DP_TQ": 0.11977694981370807, "FPR_mean": 0.07497540822349008, "FPR_FQ": 0.030788904190438726, "FPR_TQ": 0.08312020460358056}