{"ACC_mean": 0.7566666666666667, "mean_pred_mean": 0.07583333333333334, "Utility_mean": 0.03125, "DP_mean": 0.08941178431813826}