{"ACC": {"0": [0.735632183908046], "1": [0.7783417935702199], "overall": [0.7566666666666667]}, "mean_pred": {"0": [0.030456852791878174], "1": [0.11986863711001643], "overall": [0.07583333333333334]}, "Utility": [0.03125], "DP": [0.08941178431813826]}