{"ACC_mean": 0.7713333333333333, "mean_pred_mean": 0.3275, "Utility_mean": 0.041916666666666665, "DP_mean": 0.12994090336992495}