{"ACC": {"0": [0.7471264367816092, 0.7931034482758621, 0.7093596059113301, 0.7635467980295566, 0.8111658456486043], "1": [0.7935702199661591, 0.739424703891709, 0.7783417935702199, 0.7783417935702199, 0.8003384094754653], "overall": [0.77, 0.7666666666666667, 0.7433333333333333, 0.7708333333333334, 0.8058333333333333]}, "mean_pred": {"0": [0.23011844331641285, 0.34856175972927245, 0.2656514382402707, 0.2656514382402707, 0.21658206429780033], "1": [0.43842364532019706, 0.33004926108374383, 0.5090311986863711, 0.40229885057471265, 0.2594417077175698], "overall": [0.3358333333333333, 0.33916666666666667, 0.38916666666666666, 0.335, 0.23833333333333334]}, "Utility": [0.04125, 0.03958333333333333, 0.027916666666666666, 0.041666666666666664, 0.059166666666666666], "DP": [0.20830520200378422, 0.01851249864552862, 0.24337976044610043, 0.13664741233444194, 0.04285964341976947]}