{"RT": 8.0, "regt": {"mean": 0.40625, "FQ": 0.0, "TQ": 1.0, "STD": 0.47495887979908324, "Q025": 0.0, "Q975": 1.0}, "regt_cum": {"mean": 2.8125, "FQ": 2.0, "TQ": 4.125, "STD": 1.6286017775994228, "Q025": 1.0, "Q975": 6.125}, "regT": {"mean": 0.5, "FQ": 0.0, "TQ": 1.0, "STD": 0.5, "Q025": 0.0, "Q975": 1.0}, "regT_cum": {"mean": 4.5, "FQ": 4.0, "TQ": 6.0, "STD": 1.7320508075688772, "Q025": 1.375, "Q975": 7.625}}