{"regt": [1, 0, 0, 1, -1, 0, -1, 0, 0, 0.0, 1.0, 1.0, 0.5, 0.0, 1.0, 1.0], "regt_cum": [1.0, 1.0, 1.0, 2.0, 1.0, 1.0, 0.0, 0.0, 0.0, 0.0, 1.0, 2.0, 2.5, 2.5, 3.5, 4.5], "regT": [1, 1, 1, 1, -1, -1, -1, -1, -1, 0.0, 1.0, 1.0, -0.3421282366063976, 0.0, 1.0, 1.0], "regT_cum": [1.0, 2.0, 3.0, 4.0, 3.0, 2.0, 1.0, 0.0, -1.0, -1.0, 0.0, 1.0, 0.6578717633936024, 0.6578717633936024, 1.6578717633936024, 2.6578717633936026]}