{"RT": 2.6578717633936026, "regt": {"mean": 0.28125, "FQ": 0.0, "TQ": 1.0, "STD": 0.6606992034958117, "Q025": -1.0, "Q975": 1.0}, "regt_cum": {"mean": 1.4375, "FQ": 0.75, "TQ": 2.125, "STD": 1.27322179921646, "Q025": 0.0, "Q975": 4.125}, "regT": {"mean": 0.16611698521210017, "FQ": -1.0, "TQ": 1.0, "STD": 0.8900679077276945, "Q025": -1.0, "Q975": 1.0}, "regT_cum": {"mean": 1.2894679408484007, "FQ": 0.4934038225452018, "TQ": 2.1644679408484007, "STD": 1.3936187265764042, "Q025": -1.0, "Q975": 3.625}}