{"UTIL_mean": 0.03183333333333333, "UTIL_FQ": 0.0325, "UTIL_TQ": 0.032916666666666664, "ACC_mean": 0.7595000000000001, "ACC_FQ": 0.7608333333333334, "ACC_TQ": 0.7616666666666667, "DP_mean": 0.07979795453977143, "DP_FQ": 0.05260350245471895, "DP_TQ": 0.09141223441941104, "FPR_mean": 0.0510218415023085, "FPR_FQ": 0.013799177921315325, "FPR_TQ": 0.08788412605206497}