{"acc_dict": {"0": [0.727580372250423, 0.7563451776649747, 0.7241962774957699, 0.766497461928934, 0.7732656514382402], "1": [0.7947454844006568, 0.7668308702791461, 0.7487684729064039, 0.7865353037766831, 0.7487684729064039], "overall": [0.7616666666666667, 0.7616666666666667, 0.7366666666666667, 0.7766666666666666, 0.7608333333333334]}, "pred_dict": {"0": [0.34517766497461927, 0.2961082910321489, 0.35194585448392557, 0.27580372250423013, 0.25549915397631134], "1": [0.3136288998357964, 0.38752052545155996, 0.4154351395730706, 0.3284072249589491, 0.4154351395730706], "overall": [0.32916666666666666, 0.3425, 0.38416666666666666, 0.3025, 0.33666666666666667]}, "util": [0.032916666666666664, 0.032916666666666664, 0.020416666666666666, 0.04041666666666666, 0.0325], "DP": [0.031548765138822876, 0.09141223441941104, 0.06348928508914503, 0.05260350245471895, 0.15993598559675926], "FPR": [0.11711742829838923, 0.013799177921315325, 0.009400941821238185, 0.026907533418534774, 0.08788412605206497]}