{"RT": 4.853182642455696, "RT0": 6.0, "regt": [1, -1, 1, 1, 0.5, 0.0, 0.5, 1.0, 0.5, 0.0, 0.0, -0.18048263275824694, -0.23550252639002545, -0.301303428971205, -0.2602078574388075, 1.0], "regt_cum": [1.0, 0.0, 1.0, 2.0, 2.5, 2.5, 3.0, 4.0, 4.5, 4.5, 4.5, 4.319517367241753, 4.084014840851728, 3.7827114118805225, 3.522503554441715, 4.522503554441715], "regt0": [1, 0, 1, 1, 0.5, 0.0, 0.5, 1.0, 0.5, 0.0, 0.0, 0, 0, 0, 0, 1.0], "regt0_cum": [1.0, 1.0, 2.0, 3.0, 3.5, 3.5, 4.0, 5.0, 5.5, 5.5, 5.5, 5.5, 5.5, 5.5, 5.5, 6.5], "regT": [1, 0, 1, 1, 0.5, 0.0, -0.16932091198601895, 1.0, 0.5, 0.0, 0.0, -0.18048263275824694, -0.23550252639002545, -0.301303428971205, -0.2602078574388075, 1.0], "regT_cum": [1.0, 1.0, 2.0, 3.0, 3.5, 3.5, 3.330679088013981, 4.330679088013981, 4.830679088013981, 4.830679088013981, 4.830679088013981, 4.650196455255734, 4.4146939288657085, 4.1133904998945034, 3.853182642455696, 4.853182642455696], "regT0": [1, 0, 1, 1, 0.5, 0.0, 0, 1.0, 0.5, 0.0, 0.0, 0, 0, 0, 0, 1.0], "regT0_cum": [1.0, 1.0, 2.0, 3.0, 3.5, 3.5, 3.5, 4.5, 5.0, 5.0, 5.0, 5.0, 5.0, 5.0, 5.0, 6.0]}