{"acc_dict": {"0": [0.7708333333333334, 0.6354166666666666, 0.7083333333333334, 0.7708333333333334, 0.6770833333333334, 0.6354166666666666, 0.7291666666666666, 0.7395833333333334, 0.8020833333333334, 0.7916666666666666], "1": [0.7307692307692307, 0.6634615384615384, 0.75, 0.7307692307692307, 0.7307692307692307, 0.7596153846153846, 0.7788461538461539, 0.6730769230769231, 0.7980769230769231, 0.7019230769230769], "overall": [0.75, 0.65, 0.73, 0.75, 0.705, 0.7, 0.755, 0.705, 0.8, 0.745]}, "pred_dict": {"0": [0.3173076923076923, 0.1346153846153846, 0.27884615384615385, 0.04807692307692308, 0.125, 0.15384615384615385, 0.1346153846153846, 0.0673076923076923, 0.19230769230769232, 0.057692307692307696], "1": [0.20833333333333334, 0.34375, 0.3541666666666667, 0.2708333333333333, 0.3229166666666667, 0.40625, 0.2916666666666667, 0.2604166666666667, 0.11458333333333333, 0.041666666666666664], "overall": [0.265, 0.235, 0.315, 0.155, 0.22, 0.275, 0.21, 0.16, 0.155, 0.05]}, "util": [-0.0025, -0.0525, -0.0125, -0.0025, -0.025, -0.0275, 0.0, -0.025, 0.0225, -0.005], "DP": [0.10897435897435895, 0.2091346153846154, 0.07532051282051283, 0.22275641025641024, 0.19791666666666669, 0.25240384615384615, 0.15705128205128208, 0.1931089743589744, 0.07772435897435899, 0.01602564102564103], "EOP": [0.1362007168458782, 0.2831541218637993, 0.11827956989247312, 0.48207885304659504, 0.24193548387096775, 0.2562724014336918, 0.2007168458781362, 0.43548387096774194, 0.2060931899641577, 0.04121863799283154]}