{"UTIL": {"mean": -0.013000000000000003, "FQ": -0.025, "TQ": -0.0025, "STD": 0.019422924599555032, "Q025": -0.046875, "Q975": 0.01743750000000001}, "ACC": {"mean": 0.7289999999999999, "FQ": 0.705, "TQ": 0.75, "STD": 0.03884584919911008, "Q025": 0.66125, "Q975": 0.7898750000000001}, "DP": {"mean": 0.15104166666666669, "FQ": 0.08553685897435898, "TQ": 0.2063301282051282, "STD": 0.07341882071461593, "Q025": 0.029366987179487186, "Q975": 0.2457331730769231}, "EOP": {"mean": 0.24014336917562726, "FQ": 0.1523297491039427, "TQ": 0.2764336917562724, "STD": 0.1291292944566092, "Q025": 0.058557347670250906, "Q975": 0.4715949820788531}}