{"acc_dict": {"0": [0.7901861252115059, 0.8375634517766497, 0.7191201353637902], "1": [0.8045977011494253, 0.80623973727422, 0.8029556650246306], "overall": [0.7975, 0.8216666666666667, 0.7616666666666667]}, "pred_dict": {"0": [0.27580372250423013, 0.15736040609137056, 0.377326565143824], "1": [0.2676518883415435, 0.33169129720853857, 0.3218390804597701], "overall": [0.27166666666666667, 0.24583333333333332, 0.3491666666666667]}, "util": [0.056666666666666664, 0.06875, 0.03875], "DP": [0.008151834162686611, 0.174330891117168, 0.0554874846840539], "FPR": [0.09905208732286482, 0.061261250478743784, 0.1673149655304481]}