{"acc_dict": {"0": [0.7604166666666666, 0.7604166666666666, 0.7604166666666666, 0.7604166666666666, 0.7604166666666666, 0.7604166666666666, 0.5625, 0.5104166666666666, 0.7604166666666666, 0.7604166666666666], "1": [0.6826923076923077, 0.6826923076923077, 0.6826923076923077, 0.7596153846153846, 0.6826923076923077, 0.6826923076923077, 0.5480769230769231, 0.5288461538461539, 0.625, 0.6826923076923077], "overall": [0.72, 0.72, 0.72, 0.76, 0.72, 0.72, 0.555, 0.52, 0.69, 0.72]}, "pred_dict": {"0": [0.0, 0.0, 0.0, 0.07692307692307693, 0.0, 0.0, 0.46153846153846156, 0.5384615384615384, 0.15384615384615385, 0.0], "1": [0.0, 0.0, 0.0, 0.0, 0.0, 0.0, 0.28125, 0.3125, 0.0, 0.0], "overall": [0.0, 0.0, 0.0, 0.04, 0.0, 0.0, 0.375, 0.43, 0.08, 0.0]}, "util": [0.0, 0.0, 0.0, 0.02, 0.0, 0.0, -0.0825, -0.1, -0.015, 0.0], "DP": [0.0, 0.0, 0.0, 0.07692307692307693, 0.0, 0.0, 0.18028846153846156, 0.22596153846153844, 0.15384615384615385, 0.0], "EOP": [0.0, 0.0, 0.0, 0.24242424242424243, 0.0, 0.0, 0.3412384716732543, 0.4756258234519104, 0.15151515151515152, 0.0]}