{"UTIL": {"mean": -0.01775, "FQ": -0.01125, "TQ": 0.0, "STD": 0.03778971420902783, "Q025": -0.09606250000000002, "Q975": 0.015500000000000007}, "ACC": {"mean": 0.6845, "FQ": 0.6975, "TQ": 0.72, "STD": 0.07557942841805564, "Q025": 0.5278750000000001, "Q975": 0.751}, "DP": {"mean": 0.06370192307692309, "FQ": 0.0, "TQ": 0.13461538461538464, "STD": 0.08518743745846358, "Q025": 0.0, "Q975": 0.21568509615384618}, "EOP": {"mean": 0.12108036890645588, "FQ": 0.0, "TQ": 0.2196969696969697, "STD": 0.16666895799536247, "Q025": 0.0, "Q975": 0.44538866930171284}}