{"acc_dict": {"0": [0.6666666666666666, 0.6979166666666666, 0.6458333333333334, 0.6875, 0.6041666666666666, 0.6354166666666666, 0.6458333333333334, 0.59375, 0.53125, 0.5208333333333334, 0.625, 0.5729166666666666, 0.59375, 0.6041666666666666, 0.6458333333333334, 0.625, 0.625, 0.6041666666666666, 0.65625, 0.6666666666666666, 0.6875, 0.65625, 0.6770833333333334, 0.59375, 0.6458333333333334, 0.625, 0.6354166666666666, 0.65625, 0.6354166666666666, 0.6041666666666666, 0.6354166666666666, 0.6979166666666666, 0.625, 0.6979166666666666, 0.7083333333333334, 0.7291666666666666, 0.7395833333333334, 0.7395833333333334, 0.7395833333333334, 0.7083333333333334, 0.7291666666666666, 0.7291666666666666, 0.7291666666666666, 0.7291666666666666, 0.7291666666666666, 0.7291666666666666, 0.8229166666666666, 0.8125, 0.7708333333333334], "1": [0.6923076923076923, 0.7115384615384616, 0.5865384615384616, 0.6923076923076923, 0.6057692307692307, 0.6923076923076923, 0.6634615384615384, 0.5480769230769231, 0.5961538461538461, 0.6730769230769231, 0.7019230769230769, 0.6826923076923077, 0.6634615384615384, 0.6826923076923077, 0.7596153846153846, 0.7115384615384616, 0.7403846153846154, 0.75, 0.6730769230769231, 0.7596153846153846, 0.7211538461538461, 0.7403846153846154, 0.7211538461538461, 0.7403846153846154, 0.7211538461538461, 0.7211538461538461, 0.7115384615384616, 0.6538461538461539, 0.6442307692307693, 0.7115384615384616, 0.7307692307692307, 0.6923076923076923, 0.6923076923076923, 0.7019230769230769, 0.7692307692307693, 0.8269230769230769, 0.8269230769230769, 0.8076923076923077, 0.7884615384615384, 0.7692307692307693, 0.8365384615384616, 0.8365384615384616, 0.8365384615384616, 0.8557692307692307, 0.8365384615384616, 0.8365384615384616, 0.7884615384615384, 0.7980769230769231, 0.7403846153846154], "overall": [0.68, 0.705, 0.615, 0.69, 0.605, 0.665, 0.655, 0.57, 0.565, 0.6, 0.665, 0.63, 0.63, 0.645, 0.705, 0.67, 0.685, 0.68, 0.665, 0.715, 0.705, 0.7, 0.7, 0.67, 0.685, 0.675, 0.675, 0.655, 0.64, 0.66, 0.685, 0.695, 0.66, 0.7, 0.74, 0.78, 0.785, 0.775, 0.765, 0.74, 0.785, 0.785, 0.785, 0.795, 0.785, 0.785, 0.805, 0.805, 0.755]}, "pred_dict": {"0": [0.40384615384615385, 0.5576923076923077, 0.7596153846153846, 0.5769230769230769, 0.6634615384615384, 0.6153846153846154, 0.6057692307692307, 0.7211538461538461, 0.6923076923076923, 0.6538461538461539, 0.625, 0.5865384615384616, 0.6442307692307693, 0.5480769230769231, 0.47115384615384615, 0.5192307692307693, 0.49038461538461536, 0.4807692307692308, 0.6346153846153846, 0.47115384615384615, 0.5096153846153846, 0.49038461538461536, 0.5673076923076923, 0.5096153846153846, 0.5096153846153846, 0.5673076923076923, 0.5961538461538461, 0.6153846153846154, 0.5865384615384616, 0.5, 0.5961538461538461, 0.5961538461538461, 0.5769230769230769, 0.5673076923076923, 0.46153846153846156, 0.36538461538461536, 0.38461538461538464, 0.40384615384615385, 0.4230769230769231, 0.4230769230769231, 0.3557692307692308, 0.3557692307692308, 0.3173076923076923, 0.33653846153846156, 0.3173076923076923, 0.3173076923076923, 0.40384615384615385, 0.41346153846153844, 0.4519230769230769], "1": [0.40625, 0.3958333333333333, 0.46875, 0.4270833333333333, 0.5104166666666666, 0.5, 0.5520833333333334, 0.5833333333333334, 0.6458333333333334, 0.6979166666666666, 0.5104166666666666, 0.6666666666666666, 0.5416666666666666, 0.53125, 0.46875, 0.5729166666666666, 0.5729166666666666, 0.53125, 0.5416666666666666, 0.4479166666666667, 0.4270833333333333, 0.4791666666666667, 0.4375, 0.5625, 0.46875, 0.53125, 0.5, 0.5, 0.4791666666666667, 0.59375, 0.4791666666666667, 0.4583333333333333, 0.4895833333333333, 0.5, 0.40625, 0.34375, 0.3333333333333333, 0.3333333333333333, 0.3333333333333333, 0.3229166666666667, 0.34375, 0.34375, 0.3854166666666667, 0.34375, 0.34375, 0.34375, 0.2708333333333333, 0.2604166666666667, 0.28125], "overall": [0.405, 0.48, 0.62, 0.505, 0.59, 0.56, 0.58, 0.655, 0.67, 0.675, 0.57, 0.625, 0.595, 0.54, 0.47, 0.545, 0.53, 0.505, 0.59, 0.46, 0.47, 0.485, 0.505, 0.535, 0.49, 0.55, 0.55, 0.56, 0.535, 0.545, 0.54, 0.53, 0.535, 0.535, 0.435, 0.355, 0.36, 0.37, 0.38, 0.375, 0.35, 0.35, 0.35, 0.34, 0.33, 0.33, 0.34, 0.34, 0.37]}, "util": [-0.0025, 0.01, -0.035, 0.0025, -0.04, -0.01, -0.015, -0.0575, -0.06, -0.0425, -0.01, -0.0275, -0.0275, -0.02, 0.01, -0.0075, 0.0, -0.0025, -0.01, 0.015, 0.01, 0.0075, 0.0075, -0.0075, 0.0, -0.005, -0.005, -0.015, -0.0225, -0.0125, 0.0, 0.005, -0.0125, 0.0075, 0.0275, 0.0475, 0.05, 0.045, 0.04, 0.0275, 0.05, 0.05, 0.05, 0.055, 0.05, 0.05, 0.06, 0.06, 0.035], "DP": [0.0024038461538461453, 0.1618589743589744, 0.2908653846153846, 0.14983974358974356, 0.1530448717948718, 0.11538461538461542, 0.053685897435897356, 0.13782051282051277, 0.04647435897435892, 0.044070512820512775, 0.11458333333333337, 0.08012820512820507, 0.10256410256410264, 0.016826923076923128, 0.0024038461538461453, 0.053685897435897356, 0.08253205128205127, 0.05048076923076922, 0.09294871794871795, 0.02323717948717946, 0.08253205128205127, 0.011217948717948678, 0.1298076923076923, 0.05288461538461542, 0.04086538461538458, 0.03605769230769229, 0.09615384615384615, 0.11538461538461542, 0.10737179487179488, 0.09375, 0.11698717948717946, 0.13782051282051283, 0.08733974358974356, 0.06730769230769229, 0.055288461538461564, 0.021634615384615363, 0.05128205128205132, 0.07051282051282054, 0.08974358974358976, 0.10016025641025639, 0.012019230769230782, 0.012019230769230782, 0.0681089743589744, 0.007211538461538436, 0.02644230769230771, 0.02644230769230771, 0.13301282051282054, 0.15304487179487175, 0.17067307692307693], "EOP": [0.02717391304347827, 0.15434782608695652, 0.2108695652173913, 0.11086956521739133, 0.11086956521739133, 0.11739130434782608, 0.06304347826086953, 0.019565217391304346, 0.005434782608695676, 0.03152173913043477, 0.1423913043478261, 0.15000000000000002, 0.11739130434782608, 0.017391304347826098, 0.0608695652173914, 0.11304347826086947, 0.11304347826086947, 0.017391304347826098, 0.01304347826086949, 0.0608695652173914, 0.0608695652173914, 0.017391304347826098, 0.13586956521739135, 0.0010869565217391797, 0.0608695652173914, 0.048913043478260865, 0.11739130434782608, 0.023913043478260843, 0.0608695652173914, 0.1380434782608695, 0.1858695652173914, 0.048913043478260865, 0.11086956521739133, 0.06304347826086953, 0.0608695652173914, 0.09782608695652173, 0.12282608695652175, 0.12282608695652175, 0.12282608695652175, 0.18478260869565222, 0.09782608695652173, 0.09782608695652173, 0.03913043478260869, 0.09782608695652173, 0.047826086956521685, 0.047826086956521685, 0.05434782608695654, 0.12282608695652175, 0.14130434782608692]}