{"UTIL": {"mean": 0.006632653061224491, "FQ": -0.0125, "TQ": 0.035, "STD": 0.03117000381551509, "Q025": -0.0545, "Q975": 0.05899999999999998}, "ACC": {"mean": 0.6982653061224491, "FQ": 0.66, "TQ": 0.755, "STD": 0.06234000763103019, "Q025": 0.576, "Q975": 0.803}, "DP": {"mean": 0.08056972789115646, "FQ": 0.04086538461538458, "TQ": 0.11538461538461542, "STD": 0.055838062559704464, "Q025": 0.0033653846153846043, "Q975": 0.1689102564102564}, "EOP": {"mean": 0.08549245785270632, "FQ": 0.047826086956521685, "TQ": 0.12282608695652175, "STD": 0.0513731393193086, "Q025": 0.00695652173913044, "Q975": 0.18565217391304356}}