{"cum-loop-time": [0.4575021266937256, 1.0958943367004395, 1.7266192436218262, 2.3613502979278564, 3.302067279815674, 4.410435438156128, 5.536969184875488, 7.069752216339111, 8.781269073486328, 10.183235168457031, 11.812559127807617], "cum-varOracle-time": [0.43395185470581055, 1.0463948249816895, 1.6513657569885254, 2.2604098320007324, 3.1755850315093994, 4.258165121078491, 5.357771873474121, 6.8626463413238525, 8.543663263320923, 9.917294263839722, 11.518341302871704], "num_lossOracle_calls": 11, "num_varOracle_calls": 11, "num_var_policies added": [1, 0, 0, 0, 0, 0, 0, 0, 0, 0, 0]}