{"acc_dict": {"0": [0.7407407407407407, 0.7777777777777778, 0.7407407407407407, 0.6944444444444444, 0.7777777777777778, 0.75, 0.7592592592592593, 0.6851851851851852, 0.7314814814814815, 0.7037037037037037, 0.7314814814814815, 0.6666666666666666, 0.6574074074074074, 0.7129629629629629, 0.7407407407407407, 0.6759259259259259, 0.6666666666666666, 0.6759259259259259, 0.6574074074074074, 0.6944444444444444, 0.6296296296296297], "1": [0.8369565217391305, 0.8152173913043478, 0.7608695652173914, 0.75, 0.75, 0.7391304347826086, 0.75, 0.7934782608695652, 0.6847826086956522, 0.782608695652174, 0.7608695652173914, 0.7608695652173914, 0.782608695652174, 0.7934782608695652, 0.7717391304347826, 0.75, 0.75, 0.7282608695652174, 0.7391304347826086, 0.7391304347826086, 0.717391304347826], "overall": [0.785, 0.795, 0.75, 0.72, 0.765, 0.745, 0.755, 0.735, 0.71, 0.74, 0.745, 0.71, 0.715, 0.75, 0.755, 0.71, 0.705, 0.7, 0.695, 0.715, 0.67]}, "pred_dict": {"0": [0.29347826086956524, 0.3804347826086957, 0.43478260869565216, 0.4673913043478261, 0.5108695652173914, 0.5217391304347826, 0.532608695652174, 0.44565217391304346, 0.5108695652173914, 0.41304347826086957, 0.4782608695652174, 0.5217391304347826, 0.5, 0.42391304347826086, 0.44565217391304346, 0.4891304347826087, 0.532608695652174, 0.5760869565217391, 0.5217391304347826, 0.6304347826086957, 0.5869565217391305], "1": [0.07407407407407407, 0.18518518518518517, 0.09259259259259259, 0.12037037037037036, 0.16666666666666666, 0.10185185185185185, 0.25925925925925924, 0.35185185185185186, 0.1574074074074074, 0.3333333333333333, 0.39814814814814814, 0.48148148148148145, 0.4537037037037037, 0.37962962962962965, 0.35185185185185186, 0.4537037037037037, 0.46296296296296297, 0.4537037037037037, 0.49074074074074076, 0.4351851851851852, 0.5185185185185185], "overall": [0.175, 0.275, 0.25, 0.28, 0.325, 0.295, 0.385, 0.395, 0.32, 0.37, 0.435, 0.5, 0.475, 0.4, 0.395, 0.47, 0.495, 0.51, 0.505, 0.525, 0.55]}, "util": [0.0875, 0.0925, 0.07, 0.055, 0.0775, 0.0675, 0.0725, 0.0625, 0.05, 0.065, 0.0675, 0.05, 0.0525, 0.07, 0.0725, 0.05, 0.0475, 0.045, 0.0425, 0.0525, 0.03], "DP": [0.21940418679549117, 0.1952495974235105, 0.34219001610305955, 0.34702093397745576, 0.3442028985507247, 0.41988727858293073, 0.2733494363929147, 0.0938003220611916, 0.3534621578099839, 0.07971014492753625, 0.08011272141706927, 0.04025764895330114, 0.04629629629629628, 0.044283413848631215, 0.0938003220611916, 0.03542673107890498, 0.06964573268921098, 0.12238325281803542, 0.03099838969404184, 0.1952495974235105, 0.068438003220612], "EOP": [0.4206349206349207, 0.2698412698412699, 0.4642857142857143, 0.5158730158730159, 0.369047619047619, 0.5079365079365079, 0.28174603174603174, 0.20634920634920628, 0.380952380952381, 0.15873015873015872, 0.06746031746031744, 0.08730158730158732, 0.1428571428571429, 0.0992063492063493, 0.0992063492063493, 0.06746031746031744, 0.11507936507936511, 0.13888888888888895, 0.06349206349206349, 0.21031746031746035, 0.11111111111111116]}