{"UTIL": {"mean": 0.06095238095238095, "FQ": 0.05, "TQ": 0.07, "STD": 0.015088551921671295, "Q025": 0.036250000000000004, "Q975": 0.09}, "ACC": {"mean": 0.7319047619047618, "FQ": 0.71, "TQ": 0.75, "STD": 0.030177103843342604, "Q025": 0.6825, "Q975": 0.79}, "DP": {"mean": 0.16643662295836212, "FQ": 0.068438003220612, "TQ": 0.2733494363929147, "STD": 0.12676083271491004, "Q025": 0.03321256038647341, "Q975": 0.3866747181964573}, "EOP": {"mean": 0.22751322751322756, "FQ": 0.0992063492063493, "TQ": 0.369047619047619, "STD": 0.1513214959591459, "Q025": 0.06547619047619047, "Q975": 0.5119047619047619}}