{"UTIL": {"mean": 0.006406250000000001, "FQ": -0.01, "TQ": 0.02, "STD": 0.020389477537956516, "Q025": -0.04, "Q975": 0.04}, "ACC": {"mean": 0.6328125, "FQ": 0.6, "TQ": 0.66, "STD": 0.04077895507591304, "Q025": 0.54, "Q975": 0.7}, "DP": {"mean": 0.07612376847290639, "FQ": 0.02873563218390806, "TQ": 0.09729064039408866, "STD": 0.06315885263428231, "Q025": 0.0, "Q975": 0.2167487684729064}, "EOP": {"mean": 0.11487268518518517, "FQ": 0.0222222222222222, "TQ": 0.18888888888888888, "STD": 0.10078458542480932, "Q025": 0.0, "Q975": 0.4}}