{"acc_dict": {"0": [0.8064516129032258, 0.6774193548387096, 0.7096774193548387, 0.8064516129032258, 0.7419354838709677, 0.8387096774193549, 0.6774193548387096, 0.6774193548387096, 0.6451612903225806, 0.7741935483870968, 0.8064516129032258, 0.8387096774193549, 0.8387096774193549, 0.8387096774193549, 0.8387096774193549, 0.6129032258064516, 0.8387096774193549, 0.7419354838709677, 0.6129032258064516, 0.8709677419354839], "1": [0.6086956521739131, 0.6956521739130435, 0.5652173913043478, 0.6521739130434783, 0.7391304347826086, 0.6956521739130435, 0.7391304347826086, 0.6956521739130435, 0.6956521739130435, 0.7391304347826086, 0.6086956521739131, 0.5217391304347826, 0.5652173913043478, 0.6521739130434783, 0.6521739130434783, 0.5217391304347826, 0.43478260869565216, 0.4782608695652174, 0.5652173913043478, 0.6521739130434783], "overall": [0.7222222222222222, 0.6851851851851852, 0.6481481481481481, 0.7407407407407407, 0.7407407407407407, 0.7777777777777778, 0.7037037037037037, 0.6851851851851852, 0.6666666666666666, 0.7592592592592593, 0.7222222222222222, 0.7037037037037037, 0.7222222222222222, 0.7592592592592593, 0.7592592592592593, 0.5740740740740741, 0.6666666666666666, 0.6296296296296297, 0.5925925925925926, 0.7777777777777778]}, "pred_dict": {"0": [0.043478260869565216, 0.30434782608695654, 0.17391304347826086, 0.17391304347826086, 0.34782608695652173, 0.21739130434782608, 0.34782608695652173, 0.391304347826087, 0.4782608695652174, 0.34782608695652173, 0.6521739130434783, 0.4782608695652174, 0.43478260869565216, 0.6086956521739131, 0.6956521739130435, 0.6521739130434783, 0.6521739130434783, 0.782608695652174, 0.6086956521739131, 0.6086956521739131], "1": [0.06451612903225806, 0.3225806451612903, 0.16129032258064516, 0.1935483870967742, 0.25806451612903225, 0.16129032258064516, 0.3225806451612903, 0.25806451612903225, 0.3548387096774194, 0.22580645161290322, 0.1935483870967742, 0.16129032258064516, 0.16129032258064516, 0.16129032258064516, 0.16129032258064516, 0.3870967741935484, 0.22580645161290322, 0.3225806451612903, 0.45161290322580644, 0.12903225806451613], "overall": [0.05555555555555555, 0.3148148148148148, 0.16666666666666666, 0.18518518518518517, 0.2962962962962963, 0.18518518518518517, 0.3333333333333333, 0.3148148148148148, 0.4074074074074074, 0.2777777777777778, 0.3888888888888889, 0.2962962962962963, 0.2777777777777778, 0.35185185185185186, 0.3888888888888889, 0.5, 0.4074074074074074, 0.5185185185185185, 0.5185185185185185, 0.3333333333333333]}, "util": [-0.009259259259259259, -0.027777777777777776, -0.046296296296296294, 0.0, 0.0, 0.018518518518518517, -0.018518518518518517, -0.027777777777777776, -0.037037037037037035, 0.009259259259259259, -0.009259259259259259, -0.018518518518518517, -0.009259259259259259, 0.009259259259259259, 0.009259259259259259, -0.08333333333333333, -0.037037037037037035, -0.05555555555555555, -0.07407407407407407, 0.018518518518518517], "DP": [0.021037868162692847, 0.018232819074333773, 0.012622720897615708, 0.019635343618513323, 0.08976157082748948, 0.056100981767180924, 0.025245441795231416, 0.13323983169705472, 0.12342215988779803, 0.12201963534361851, 0.4586255259467041, 0.3169705469845723, 0.273492286115007, 0.44740532959326795, 0.5343618513323983, 0.2650771388499299, 0.426367461430575, 0.46002805049088363, 0.15708274894810664, 0.47966339410939696], "EOP": [0.1, 0.0, 0.2, 0.2, 0.09999999999999998, 0.09999999999999998, 0.09999999999999998, 0.35, 0.19999999999999996, 0.09999999999999998, 0.30000000000000004, 0.0, 0.0, 0.30000000000000004, 0.4, 0.19999999999999996, 0.15000000000000002, 0.050000000000000044, 0.050000000000000044, 0.30000000000000004]}