{"UTIL": {"mean": -0.019444444444444448, "FQ": -0.037037037037037035, "TQ": 0.0023148148148148147, "STD": 0.028523929260646966, "Q025": -0.07893518518518518, "Q975": 0.018518518518518517}, "ACC": {"mean": 0.701851851851852, "FQ": 0.6666666666666666, "TQ": 0.7453703703703705, "STD": 0.057047858521293945, "Q025": 0.5828703703703704, "Q975": 0.7777777777777778}, "DP": {"mean": 0.22201963534361852, "FQ": 0.04838709677419355, "TQ": 0.4316269284712483, "STD": 0.1823368754000278, "Q025": 0.015287517531556789, "Q975": 0.5083800841514726}, "EOP": {"mean": 0.15999999999999998, "FQ": 0.0875, "TQ": 0.22500000000000003, "STD": 0.11789826122551596, "Q025": 0.0, "Q975": 0.3762499999999999}}