{"UTIL_mean": 0.054, "UTIL_FQ": 0.054, "UTIL_TQ": 0.054, "ACC_mean": 0.7975, "ACC_FQ": 0.7975, "ACC_TQ": 0.7975, "DP_mean": 0.23863477129416472, "DP_FQ": 0.23863477129416472, "DP_TQ": 0.23863477129416472, "FPR_mean": 0.15866211431461813, "FPR_FQ": 0.15866211431461813, "FPR_TQ": 0.15866211431461813, "UTIL_STD": 0.0, "ACC_STD": 0.0, "DP_STD": 0.0, "FPR_STD": 0.0, "UTIL_Q025": 0.054, "UTIL_Q975": 0.054, "ACC_Q025": 0.7975, "ACC_Q975": 0.7975, "DP_Q025": 0.23863477129416472, "DP_Q975": 0.23863477129416472, "FPR_Q025": 0.15866211431461813, "FPR_Q975": 0.15866211431461813}