{"acc_dict": {"0": [0.8257731958762886], "1": [0.7708737864077669], "overall": [0.7975]}, "pred_dict": {"0": [0.17010309278350516], "1": [0.4087378640776699], "overall": [0.293]}, "util": [0.054], "DP": [0.23863477129416472], "FPR": [0.15866211431461813]}