{"ACC": {"0": [0.7815126050420168, 0.7615384615384615, 0.8084291187739464, 0.7635658914728682], "1": [0.7900763358778626, 0.8125, 0.7615062761506276, 0.8264462809917356], "overall": [0.786, 0.786, 0.786, 0.794]}, "mean_pred": {"0": [0.226890756302521, 0.19615384615384615, 0.24521072796934865, 0.3023255813953488], "1": [0.2366412213740458, 0.2875, 0.2510460251046025, 0.2644628099173554], "overall": [0.232, 0.24, 0.248, 0.284]}, "Utility": [0.162, 0.158, 0.184, 0.186], "DP": [0.0097504650715248, 0.09134615384615383, 0.005835297135253853, 0.03786277147799344], "TPR": [0.030790283954840958, 0.25540123456790126, 0.0496894409937888, 0.08563218390804594], "EO": [0.030790283954840958, 0.25540123456790126, 0.0920967159870083, 0.08563218390804594]}