{"UTIL": {"mean": 0.026250000000000002, "FQ": 0.015625, "TQ": 0.0325, "STD": 0.017932163840429297, "Q025": -0.0055000000000000005, "Q975": 0.05550000000000001}, "ACC": {"mean": 0.7325, "FQ": 0.7112499999999999, "TQ": 0.745, "STD": 0.03586432768085861, "Q025": 0.669, "Q975": 0.791}, "DP": {"mean": 0.08365384615384615, "FQ": 0.05709134615384616, "TQ": 0.11478365384615385, "STD": 0.04654365964824506, "Q025": 0.01239983974358978, "Q975": 0.16205929487179488}, "EOP": {"mean": 0.13292307692307695, "FQ": 0.056153846153846165, "TQ": 0.18923076923076926, "STD": 0.10634685785148965, "Q025": 0.016820512820512813, "Q975": 0.34084615384615385}}