{"acc_dict": {"0": [0.78125, 0.7708333333333334, 0.7291666666666666, 0.75, 0.75, 0.8020833333333334, 0.6770833333333334, 0.6666666666666666, 0.6875, 0.7604166666666666], "1": [0.625, 0.7211538461538461, 0.7596153846153846, 0.6634615384615384, 0.7692307692307693, 0.7980769230769231, 0.7788461538461539, 0.7980769230769231, 0.6346153846153846, 0.7307692307692307], "overall": [0.7, 0.745, 0.745, 0.705, 0.76, 0.8, 0.73, 0.735, 0.66, 0.745]}, "pred_dict": {"0": [0.057692307692307696, 0.23076923076923078, 0.23076923076923078, 0.1346153846153846, 0.22115384615384615, 0.28846153846153844, 0.34615384615384615, 0.34615384615384615, 0.028846153846153848, 0.2403846153846154], "1": [0.125, 0.17708333333333334, 0.3020833333333333, 0.3020833333333333, 0.34375, 0.2916666666666667, 0.4375, 0.4895833333333333, 0.07291666666666667, 0.3125], "overall": [0.09, 0.205, 0.265, 0.215, 0.28, 0.29, 0.39, 0.415, 0.05, 0.275]}, "util": [0.01, 0.0325, 0.0325, 0.0125, 0.04, 0.06, 0.025, 0.0275, -0.01, 0.0325], "DP": [0.0673076923076923, 0.05368589743589744, 0.07131410256410253, 0.1674679487179487, 0.12259615384615385, 0.0032051282051282493, 0.09134615384615385, 0.14342948717948717, 0.044070512820512824, 0.07211538461538461], "EOP": [0.24307692307692308, 0.03589743589743588, 0.07282051282051288, 0.3692307692307692, 0.19282051282051288, 0.06461538461538463, 0.053333333333333344, 0.10769230769230775, 0.01128205128205128, 0.17846153846153845]}