{"UTIL": {"mean": -0.1278735632183908, "FQ": -0.25, "TQ": 0.0, "STD": 0.12850965387929825, "Q025": -0.25, "Q975": 0.0}, "ACC": {"mean": 0.4942528735632184, "FQ": 0.25, "TQ": 0.75, "STD": 0.2570193077585965, "Q025": 0.25, "Q975": 0.75}, "DP": {"mean": 0.028735632183908046, "FQ": 0.0, "TQ": 0.0, "STD": 0.13888558590338587, "Q025": 0.0, "Q975": 0.5}, "EOP": {"mean": 0.4827586206896552, "FQ": 0.0, "TQ": 1.0, "STD": 0.49970264642032536, "Q025": 0.0, "Q975": 1.0}}