{"regt": [1, 1, 1, 1, -1, 1, 1, 1, 1, -0.05555555555555558, -0.17844030531992472, 1.0, -0.14549175890978117, -0.23550645837994943, -0.22317205598224532, -0.213555644060078], "regt_cum": [1.0, 2.0, 3.0, 4.0, 3.0, 4.0, 5.0, 6.0, 7.0, 6.944444444444445, 6.76600413912452, 7.76600413912452, 7.6205123802147385, 7.385005921834789, 7.161833865852544, 6.948278221792466], "regT": [1, 1, 1, 1, -1, 1, 1, 1, 1, -0.05555555555555558, -0.17844030531992472, 1.0, -0.14549175890978117, -0.23550645837994943, -0.22317205598224532, -0.213555644060078], "regT_cum": [1.0, 2.0, 3.0, 4.0, 3.0, 4.0, 5.0, 6.0, 7.0, 6.944444444444445, 6.76600413912452, 7.76600413912452, 7.6205123802147385, 7.385005921834789, 7.161833865852544, 6.948278221792466]}