{"RT": 9.0, "regt": {"mean": 0.5625, "FQ": 0.0, "TQ": 1.0, "STD": 0.49607837082461076, "Q025": 0.0, "Q975": 1.0}, "regt_cum": {"mean": 6.3125, "FQ": 4.0, "TQ": 9.0, "STD": 2.6860461183680373, "Q025": 1.375, "Q975": 9.0}, "regT": {"mean": 0.5625, "FQ": 0.0, "TQ": 1.0, "STD": 0.49607837082461076, "Q025": 0.0, "Q975": 1.0}, "regT_cum": {"mean": 6.3125, "FQ": 4.0, "TQ": 9.0, "STD": 2.6860461183680373, "Q025": 1.375, "Q975": 9.0}}