{"RT": 6.948278221792466, "regt": {"mean": 0.4342673888620292, "FQ": -0.18721914000496304, "TQ": 1.0, "STD": 0.6703338555051144, "Q025": -0.713314921892481, "Q975": 1.0}, "regt_cum": {"mean": 5.3495051945242516, "FQ": 3.75, "TQ": 7.040458466463136, "STD": 2.1450612417496138, "Q025": 1.375, "Q975": 7.711444729533352}, "regT": {"mean": 0.4342673888620292, "FQ": -0.18721914000496304, "TQ": 1.0, "STD": 0.6703338555051144, "Q025": -0.713314921892481, "Q975": 1.0}, "regT_cum": {"mean": 5.3495051945242516, "FQ": 3.75, "TQ": 7.040458466463136, "STD": 2.1450612417496138, "Q025": 1.375, "Q975": 7.711444729533352}}