{"ACC": {"0": [0.8333333333333334, 0.5, 0.75, 0.6], "1": [0.5, 0.75, 0.8333333333333334, 0.4], "overall": [0.7, 0.7, 0.8, 0.5]}, "mean_pred": {"0": [0.0, 0.0, 0.0, 0.6], "1": [0.25, 0.25, 0.16666666666666666, 0.2], "overall": [0.1, 0.2, 0.1, 0.4]}, "Utility": [-0.05, -0.1, 0.05, 0.0], "DP": [0.25, 0.25, 0.16666666666666666, 0.39999999999999997], "TPR": [0.0, 0.0, 0.5, 0.6666666666666666], "EO": [0.3333333333333333, 0.25, 0.5, 0.6666666666666666]}