{"acc_dict": {"0": [0.8291032148900169, 0.7935702199661591, 0.7614213197969543, 0.7783417935702199, 0.8071065989847716], "1": [0.7060755336617406, 0.7044334975369458, 0.7881773399014779, 0.7257799671592775, 0.7914614121510674], "overall": [0.7666666666666667, 0.7483333333333333, 0.775, 0.7516666666666667, 0.7991666666666667]}, "pred_dict": {"0": [0.1218274111675127, 0.23181049069373943, 0.29780033840947545, 0.26057529610829105, 0.19120135363790186], "1": [0.08045977011494253, 0.5221674876847291, 0.270935960591133, 0.4876847290640394, 0.20853858784893267], "overall": [0.10083333333333333, 0.37916666666666665, 0.2841666666666667, 0.37583333333333335, 0.2]}, "util": [0.042916666666666665, 0.03375, 0.04708333333333333, 0.035416666666666666, 0.059166666666666666], "DP": [0.04136764105257017, 0.29035699699098966, 0.026864377818342444, 0.22710943295574837, 0.01733723421103081], "FPR": [0.01582221366606105, 0.23757986307468326, 0.09555895128202044, 0.1632395230474907, 0.04409163648614503]}