{"UTIL_mean": 0.043666666666666666, "UTIL_FQ": 0.035416666666666666, "UTIL_TQ": 0.04708333333333333, "ACC_mean": 0.7681666666666667, "ACC_FQ": 0.7516666666666667, "ACC_TQ": 0.775, "DP_mean": 0.12060713660573628, "DP_FQ": 0.026864377818342444, "DP_TQ": 0.22710943295574837, "FPR_mean": 0.1112584375112801, "FPR_FQ": 0.04409163648614503, "FPR_TQ": 0.1632395230474907}