{"UTIL_mean": 0.07200000000000001, "UTIL_FQ": 0.0, "UTIL_TQ": 0.15, "ACC_mean": 0.694, "ACC_FQ": 0.55, "ACC_TQ": 0.85, "DP_mean": 0.4676767676767677, "DP_FQ": 0.047979797979798025, "DP_TQ": 0.7979797979797979, "EOP_mean": 0.55375, "EOP_FQ": 0.0, "EOP_TQ": 1.0, "UTIL_STD": 0.08225569889071516, "ACC_STD": 0.1645113977814303, "DP_STD": 0.3526207505739461, "EOP_STD": 0.41991628630001954, "UTIL_Q025": -0.05, "UTIL_Q975": 0.175, "ACC_Q025": 0.45, "ACC_Q975": 0.9, "DP_Q025": 0.0, "DP_Q975": 0.9090909090909091, "EOP_Q025": 0.0, "EOP_Q975": 1.0}