{"UTIL_mean": 0.07300000000000001, "UTIL_FQ": 0.0, "UTIL_TQ": 0.15, "ACC_mean": 0.6959999999999998, "ACC_FQ": 0.55, "ACC_TQ": 0.85, "DP_mean": 0.4929292929292929, "DP_FQ": 0.08585858585858586, "DP_TQ": 0.9090909090909091, "EOP_mean": 0.555, "EOP_FQ": 0.0, "EOP_TQ": 1.0, "UTIL_STD": 0.08548976546932387, "ACC_STD": 0.1709795309386477, "DP_STD": 0.36820086966269544, "EOP_STD": 0.4370783682590572, "UTIL_Q025": -0.05, "UTIL_Q975": 0.175, "ACC_Q025": 0.45, "ACC_Q975": 0.9, "DP_Q025": 0.0, "DP_Q975": 0.9090909090909091, "EOP_Q025": 0.0, "EOP_Q975": 1.0}