{"ACC_mean": 0.7871666666666667, "mean_pred_mean": 0.2535, "Utility_mean": 0.036083333333333335, "DP_mean": 0.06547306477290725}