{"ACC": {"0": [0.7750410509031199, 0.8013136288998358, 0.7569786535303776, 0.7799671592775042, 0.7931034482758621], "1": [0.7715736040609137, 0.8020304568527918, 0.7918781725888325, 0.7817258883248731, 0.8189509306260575], "overall": [0.7733333333333333, 0.8016666666666666, 0.7741666666666667, 0.7808333333333334, 0.8058333333333333]}, "mean_pred": {"0": [0.27411167512690354, 0.2131979695431472, 0.26057529610829105, 0.2436548223350254, 0.17597292724196278], "1": [0.3448275862068966, 0.26929392446633826, 0.19540229885057472, 0.24466338259441708, 0.3103448275862069], "overall": [0.31, 0.24166666666666667, 0.2275, 0.24416666666666667, 0.24416666666666667]}, "Utility": [0.029166666666666667, 0.043333333333333335, 0.029583333333333333, 0.032916666666666664, 0.04541666666666667], "DP": [0.07071591107999303, 0.056095954923191055, 0.06517299725771633, 0.0010085602593916942, 0.13437190034424412]}