{"UTIL_mean": 0.041, "UTIL_FQ": 0.035416666666666666, "UTIL_TQ": 0.043333333333333335, "ACC_mean": 0.7686666666666666, "ACC_FQ": 0.7575, "ACC_TQ": 0.7733333333333333, "DP_mean": 0.0714527435339618, "DP_FQ": 0.02517233044101591, "DP_TQ": 0.10849941236778277, "FPR_mean": 0.04298300184260263, "FPR_FQ": 0.01936213955196911, "FPR_TQ": 0.06689062287078673}