{"acc_dict": {"0": [0.7715736040609137, 0.7732656514382402, 0.7326565143824028, 0.8037225042301185, 0.7208121827411168], "1": [0.7750410509031199, 0.7733990147783252, 0.7816091954022989, 0.7816091954022989, 0.7717569786535303], "overall": [0.7733333333333333, 0.7733333333333333, 0.7575, 0.7925, 0.7466666666666667]}, "pred_dict": {"0": [0.24873096446700507, 0.25042301184433163, 0.34179357021996615, 0.16243654822335024, 0.37055837563451777], "1": [0.3399014778325123, 0.361247947454844, 0.32019704433497537, 0.270935960591133, 0.3957307060755337], "overall": [0.295, 0.30666666666666664, 0.3308333333333333, 0.2175, 0.38333333333333336]}, "util": [0.043333333333333335, 0.043333333333333335, 0.035416666666666666, 0.05291666666666667, 0.03], "DP": [0.09117051336550722, 0.11082493561051238, 0.02159652588499078, 0.10849941236778277, 0.02517233044101591], "FPR": [0.0009894361398956053, 0.01936213955196911, 0.10804405656967822, 0.019628754080683486, 0.06689062287078673]}