{"UTIL_mean": 0.052083333333333336, "UTIL_FQ": 0.0, "UTIL_TQ": 0.125, "ACC_mean": 0.6041666666666666, "ACC_FQ": 0.5, "ACC_TQ": 0.75, "DP_mean": 0.2916666666666667, "DP_FQ": 0.0, "DP_TQ": 0.5, "EOP_mean": 0.375, "EOP_FQ": 0.0, "EOP_TQ": 0.625, "UTIL_STD": 0.0949003497827531, "ACC_STD": 0.18980069956550621, "DP_STD": 0.3200477394945253, "EOP_STD": 0.414578098794425, "UTIL_Q025": -0.090625, "UTIL_Q975": 0.21562499999999996, "ACC_Q025": 0.31875, "ACC_Q975": 0.9312499999999999, "DP_Q025": 0.0, "DP_Q975": 0.8624999999999998, "EOP_Q025": 0.0, "EOP_Q975": 1.0}