{"ACC_mean": 0.7958333333333334, "mean_pred_mean": 0.21750000000000003, "Utility_mean": 0.04375, "DP_mean": 0.04745288051209104}