{"ACC": {"0": [0.7398648648648649, 0.8091216216216216], "1": [0.78125, 0.8519736842105263], "overall": [0.7608333333333334, 0.8308333333333333]}, "mean_pred": {"0": [0.2779605263157895, 0.16447368421052633], "1": [0.22297297297297297, 0.20439189189189189], "overall": [0.25083333333333335, 0.18416666666666667]}, "Utility": [0.02625, 0.06125], "DP": [0.05498755334281652, 0.03991820768136556]}