{"RT": 4.465315118165712, "RT0": 6.0, "regt": [1, -1, 1, 1, -0.05555555555555558, -0.17043986497332586, 1.0, -0.14926157895248937, 0.0, -0.31128587550468023, 1.0, 1.0, -0.1889953618018163, 0.0, -0.3305350934868757, -0.32861155155954513], "regt_cum": [1.0, 0.0, 1.0, 2.0, 1.9444444444444444, 1.7740045794711186, 2.774004579471119, 2.624743000518629, 2.624743000518629, 2.313457125013949, 3.313457125013949, 4.313457125013949, 4.124461763212133, 4.124461763212133, 3.793926669725257, 3.465315118165712], "regt0": [1, 0, 1, 1, 0, 0, 1.0, 0, 0.0, 0, 1.0, 1.0, 0, 0.0, 0, 0], "regt0_cum": [1.0, 1.0, 2.0, 3.0, 3.0, 3.0, 4.0, 4.0, 4.0, 4.0, 5.0, 6.0, 6.0, 6.0, 6.0, 6.0], "regT": [1, 0, 1, 1, -0.05555555555555558, -0.17043986497332586, 1.0, -0.14926157895248937, 0.0, -0.31128587550468023, 1.0, 1.0, -0.1889953618018163, 0.0, -0.3305350934868757, -0.32861155155954513], "regT_cum": [1.0, 1.0, 2.0, 3.0, 2.9444444444444446, 2.774004579471119, 3.774004579471119, 3.624743000518629, 3.624743000518629, 3.313457125013949, 4.313457125013949, 5.313457125013949, 5.124461763212133, 5.124461763212133, 4.793926669725257, 4.465315118165712], "regT0": [1, 0, 1, 1, 0, 0, 1.0, 0, 0.0, 0, 1.0, 1.0, 0, 0.0, 0, 0], "regT0_cum": [1.0, 1.0, 2.0, 3.0, 3.0, 3.0, 4.0, 4.0, 4.0, 4.0, 5.0, 6.0, 6.0, 6.0, 6.0, 6.0]}