{"acc_dict": {"0": [0.7604166666666666, 0.8020833333333334, 0.7708333333333334, 0.8020833333333334, 0.8125, 0.7916666666666666, 0.7916666666666666, 0.8333333333333334, 0.8229166666666666, 0.8020833333333334], "1": [0.6346153846153846, 0.625, 0.7692307692307693, 0.7692307692307693, 0.6634615384615384, 0.6538461538461539, 0.6634615384615384, 0.6634615384615384, 0.6538461538461539, 0.6538461538461539], "overall": [0.695, 0.71, 0.77, 0.785, 0.735, 0.72, 0.725, 0.745, 0.735, 0.725]}, "pred_dict": {"0": [0.10576923076923077, 0.15384615384615385, 0.22115384615384615, 0.20192307692307693, 0.07692307692307693, 0.028846153846153848, 0.07692307692307693, 0.07692307692307693, 0.028846153846153848, 0.028846153846153848], "1": [0.16666666666666666, 0.0625, 0.17708333333333334, 0.125, 0.03125, 0.052083333333333336, 0.052083333333333336, 0.03125, 0.020833333333333332, 0.041666666666666664], "overall": [0.135, 0.11, 0.2, 0.165, 0.055, 0.04, 0.065, 0.055, 0.025, 0.035]}, "util": [-0.0325, -0.025, 0.005, 0.0125, -0.0125, -0.02, -0.0175, -0.0075, -0.0125, -0.0175], "DP": [0.06089743589743589, 0.09134615384615385, 0.0440705128205128, 0.07692307692307693, 0.04567307692307693, 0.023237179487179488, 0.02483974358974359, 0.04567307692307693, 0.008012820512820516, 0.012820512820512817], "EOP": [0.17575757575757575, 0.08484848484848485, 0.15151515151515155, 0.18787878787878787, 0.09090909090909091, 0.0, 0.09090909090909091, 0.024242424242424246, 0.0, 0.0]}