{"UTIL": {"mean": -0.012750000000000001, "FQ": -0.019375, "TQ": -0.00875, "STD": 0.012720554233208552, "Q025": -0.030812500000000003, "Q975": 0.010812500000000003}, "ACC": {"mean": 0.7344999999999999, "FQ": 0.7212500000000001, "TQ": 0.7424999999999999, "STD": 0.025441108466417124, "Q025": 0.698375, "Q975": 0.781625}, "DP": {"mean": 0.04334935897435898, "FQ": 0.023637820512820512, "TQ": 0.057091346153846145, "STD": 0.025841687783470266, "Q025": 0.009094551282051284, "Q975": 0.08810096153846156}, "EOP": {"mean": 0.08060606060606061, "FQ": 0.0060606060606060615, "TQ": 0.13636363636363638, "STD": 0.06963369987256937, "Q025": 0.0, "Q975": 0.18515151515151512}}