{"acc_dict": {"0": [0.8333333333333334], "1": [0.6730769230769231], "overall": [0.75]}, "pred_dict": {"0": [0.0], "1": [0.0], "overall": [0.0]}, "util": [0.0], "DP": [0.0], "EOP": [0.0]}