{"UTIL_mean": -0.057692307692307696, "UTIL_FQ": -0.125, "UTIL_TQ": 0.0, "ACC_mean": 0.6346153846153846, "ACC_FQ": 0.5, "ACC_TQ": 0.75, "DP_mean": 0.46153846153846156, "DP_FQ": 0.0, "DP_TQ": 0.5, "EOP_mean": 0.6153846153846154, "EOP_FQ": 0.0, "EOP_TQ": 1.0, "UTIL_STD": 0.0932246126426217, "ACC_STD": 0.18644922528524344, "DP_STD": 0.3648781915578899, "EOP_STD": 0.48650425541051995, "UTIL_Q025": -0.2125, "UTIL_Q975": 0.08749999999999991, "ACC_Q025": 0.325, "ACC_Q975": 0.9249999999999998, "DP_Q025": 0.0, "DP_Q975": 1.0, "EOP_Q025": 0.0, "EOP_Q975": 1.0}