{"acc_dict": {"0": [0.7291666666666666, 0.7291666666666666, 0.65625, 0.5729166666666666, 0.5208333333333334, 0.6041666666666666, 0.40625, 0.2708333333333333, 0.3854166666666667, 0.4375, 0.3645833333333333, 0.5625, 0.5625, 0.5520833333333334, 0.6145833333333334, 0.5833333333333334, 0.625, 0.4895833333333333, 0.65625, 0.5729166666666666, 0.59375, 0.5833333333333334, 0.5625, 0.6145833333333334, 0.7083333333333334], "1": [0.7307692307692307, 0.7307692307692307, 0.8076923076923077, 0.6923076923076923, 0.5384615384615384, 0.5961538461538461, 0.375, 0.2692307692307692, 0.2692307692307692, 0.4230769230769231, 0.2692307692307692, 0.5, 0.6057692307692307, 0.6730769230769231, 0.6057692307692307, 0.5576923076923077, 0.5288461538461539, 0.5192307692307693, 0.5865384615384616, 0.5769230769230769, 0.5673076923076923, 0.6538461538461539, 0.6346153846153846, 0.6153846153846154, 0.6923076923076923], "overall": [0.73, 0.73, 0.735, 0.635, 0.53, 0.6, 0.39, 0.27, 0.325, 0.43, 0.315, 0.53, 0.585, 0.615, 0.61, 0.57, 0.575, 0.505, 0.62, 0.575, 0.58, 0.62, 0.6, 0.615, 0.7]}, "pred_dict": {"0": [0.0, 0.0, 0.34615384615384615, 0.5192307692307693, 0.6923076923076923, 0.6346153846153846, 0.875, 1.0, 1.0, 0.8269230769230769, 1.0, 0.7307692307692307, 0.625, 0.5384615384615384, 0.6442307692307693, 0.5961538461538461, 0.7019230769230769, 0.6730769230769231, 0.5480769230769231, 0.6346153846153846, 0.6634615384615384, 0.5769230769230769, 0.5961538461538461, 0.5961538461538461, 0.5], "1": [0.0, 0.0, 0.4895833333333333, 0.6354166666666666, 0.7291666666666666, 0.6041666666666666, 0.84375, 1.0, 0.8854166666666666, 0.7916666666666666, 0.8854166666666666, 0.6666666666666666, 0.6041666666666666, 0.6979166666666666, 0.5520833333333334, 0.5208333333333334, 0.4375, 0.4895833333333333, 0.4895833333333333, 0.5729166666666666, 0.5729166666666666, 0.3958333333333333, 0.375, 0.4270833333333333, 0.4166666666666667], "overall": [0.0, 0.0, 0.415, 0.575, 0.71, 0.62, 0.86, 1.0, 0.945, 0.81, 0.945, 0.7, 0.615, 0.615, 0.6, 0.56, 0.575, 0.585, 0.52, 0.605, 0.62, 0.49, 0.49, 0.515, 0.46]}, "util": [0.0, 0.0, 0.0025, -0.0475, -0.1, -0.065, -0.17, -0.23, -0.2025, -0.15, -0.2075, -0.1, -0.0725, -0.0575, -0.06, -0.08, -0.0775, -0.1125, -0.055, -0.0775, -0.075, -0.055, -0.065, -0.0575, -0.015], "DP": [0.0, 0.0, 0.14342948717948717, 0.11618589743589736, 0.03685897435897434, 0.03044871794871795, 0.03125, 0.0, 0.11458333333333337, 0.03525641025641024, 0.11458333333333337, 0.0641025641025641, 0.02083333333333337, 0.1594551282051282, 0.0921474358974359, 0.07532051282051277, 0.26442307692307687, 0.1834935897435898, 0.05849358974358981, 0.06169871794871795, 0.0905448717948718, 0.18108974358974356, 0.22115384615384615, 0.16907051282051283, 0.08333333333333331], "EOP": [0.0, 0.0, 0.016483516483516425, 0.008241758241758323, 0.03296703296703296, 0.04395604395604402, 0.0027472527472527375, 0.0, 0.0, 0.04120879120879117, 0.038461538461538436, 0.005494505494505475, 0.1208791208791209, 0.06868131868131866, 0.1565934065934066, 0.09340659340659341, 0.3131868131868132, 0.39560439560439553, 0.019230769230769273, 0.12362637362637363, 0.1208791208791209, 0.46703296703296704, 0.543956043956044, 0.31593406593406603, 0.12637362637362637]}