{"UTIL": {"mean": -0.08520000000000001, "FQ": -0.1, "TQ": -0.055, "STD": 0.061979512744131826, "Q025": -0.2165, "Q975": 0.0009999999999999966}, "ACC": {"mean": 0.5596, "FQ": 0.53, "TQ": 0.62, "STD": 0.12395902548826364, "Q025": 0.29700000000000004, "Q975": 0.732}, "DP": {"mean": 0.09391025641025641, "FQ": 0.03525641025641024, "TQ": 0.14342948717948717, "STD": 0.07063654646323293, "Q025": 0.0, "Q975": 0.2384615384615384}, "EOP": {"mean": 0.12219780219780221, "FQ": 0.008241758241758323, "TQ": 0.12637362637362637, "STD": 0.15498230399430343, "Q025": 0.0, "Q975": 0.4978021978021977}}