{"cum-loop-time": [0.6521880626678467, 1.0240840911865234, 1.7095880508422852, 2.148897171020508, 2.6759252548217773, 3.069383144378662, 3.614948034286499, 4.147342205047607, 4.756192445755005, 5.42506742477417, 6.111432313919067, 6.8660194873809814, 7.4111316204071045, 7.958634614944458, 8.697564840316772, 9.410510063171387, 10.104119062423706, 10.85773229598999, 11.600858211517334, 12.26291537284851, 12.841413259506226], "cum-varOracle-time": [0.6419668197631836, 0.9965877532958984, 1.671022891998291, 2.0965168476104736, 2.609734058380127, 2.9895541667938232, 3.5187833309173584, 4.035368204116821, 4.62351131439209, 5.275022268295288, 5.9438652992248535, 6.6795666217803955, 7.207910537719727, 7.739147663116455, 8.459227561950684, 9.15338683128357, 9.827818870544434, 10.565502882003784, 11.292510986328125, 11.93837022781372, 12.498110055923462], "num_lossOracle_calls": 21, "num_varOracle_calls": 21, "num_var_policies added": [0, 0, 0, 0, 0, 0, 0, 0, 0, 0, 0, 0, 0, 0, 0, 0, 0, 0, 0, 0, 0]}