{"cum-loop-time": [12.566500902175903, 25.59447169303894, 26.257826566696167, 26.98051881790161, 27.46928381919861, 28.128764867782593, 28.847388982772827, 29.3142409324646, 29.835283756256104, 30.454777002334595], "cum-varOracle-time": [12.373747825622559, 25.20697855949402, 25.85969853401184, 26.572290420532227, 27.048176527023315, 27.68524670600891, 28.393560886383057, 28.848082780838013, 29.357012510299683, 29.965176582336426], "num_lossOracle_calls": 10, "num_varOracle_calls": 48, "num_var_policies added": [20, 20, 0, 0, 0, 0, 0, 0, 0, 0]}