{"UTIL": {"mean": -0.2564102564102564, "FQ": -0.5, "TQ": 0.0, "STD": 0.24176951494418092, "Q025": -0.5, "Q975": 0.0}, "ACC": {"mean": 0.48717948717948717, "FQ": 0.0, "TQ": 1.0, "STD": 0.48353902988836184, "Q025": 0.0, "Q975": 1.0}, "DP": {"mean": 0.05128205128205128, "FQ": 0.0, "TQ": 0.0, "STD": 0.1892926033363256, "Q025": 0.0, "Q975": 0.5249999999999986}, "EOP": {"mean": 0.0, "FQ": 0.0, "TQ": 0.0, "STD": 0.0, "Q025": 0.0, "Q975": 0.0}}