{"cum-loop-time": [0.5210728645324707, 1.2784111499786377, 1.8411691188812256, 2.3341290950775146, 2.88533616065979, 3.4423348903656006, 4.0668158531188965, 4.91095495223999, 5.6850340366363525, 6.251614093780518, 7.048448085784912, 7.8158650398254395, 8.539368152618408, 9.292760372161865, 10.002090215682983, 10.673820495605469, 11.448380708694458, 12.169134616851807, 12.708828687667847, 13.326763391494751, 13.917631387710571, 14.60748028755188, 15.294610023498535, 16.043264865875244, 16.803990125656128], "cum-varOracle-time": [0.49922776222229004, 1.2322728633880615, 1.7680418491363525, 2.232469081878662, 2.756723165512085, 3.2821362018585205, 3.8768391609191895, 4.698620080947876, 5.443008899688721, 5.978380918502808, 6.742688894271851, 7.479949951171875, 8.175044059753418, 8.897517442703247, 9.57817554473877, 10.222895860671997, 10.968849897384644, 11.662948846817017, 12.177543878555298, 12.76614785194397, 13.33190393447876, 13.996488809585571, 14.658730745315552, 15.381035566329956, 16.11482334136963], "num_lossOracle_calls": 25, "num_varOracle_calls": 25, "num_var_policies added": [1, 1, 1, 1, 0, 0, 0, 0, 0, 0, 0, 0, 0, 0, 0, 0, 0, 0, 0, 0, 0, 0, 0, 0, 0]}