{"ACC_mean": 0.7458333333333333, "mean_pred_mean": 0.37333333333333335, "Utility_mean": 0.0275, "DP_mean": 0.022138314454085484}