{"ACC": {"0": [0.7865353037766831], "1": [0.7038917089678511], "overall": [0.7458333333333333]}, "mean_pred": {"0": [0.36209813874788493], "1": [0.3842364532019704], "overall": [0.37333333333333335]}, "Utility": [0.0275], "DP": [0.022138314454085484]}