{"acc_dict": {"0": [0.84375, 0.7291666666666666, 0.8645833333333334, 0.7291666666666666, 0.8229166666666666, 0.8333333333333334, 0.8020833333333334, 0.8020833333333334, 0.8854166666666666, 0.8541666666666666, 0.84375], "1": [0.8269230769230769, 0.6730769230769231, 0.7307692307692307, 0.5961538461538461, 0.7788461538461539, 0.8269230769230769, 0.7019230769230769, 0.8269230769230769, 0.7692307692307693, 0.7884615384615384, 0.8076923076923077], "overall": [0.835, 0.7, 0.795, 0.66, 0.8, 0.83, 0.75, 0.815, 0.825, 0.82, 0.825]}, "pred_dict": {"0": [0.25, 0.07692307692307693, 0.1346153846153846, 0.0, 0.20192307692307693, 0.2692307692307692, 0.10576923076923077, 0.25, 0.19230769230769232, 0.21153846153846154, 0.23076923076923078], "1": [0.13541666666666666, 0.0, 0.19791666666666666, 0.0, 0.09375, 0.125, 0.07291666666666667, 0.07291666666666667, 0.17708333333333334, 0.14583333333333334, 0.13541666666666666], "overall": [0.195, 0.04, 0.165, 0.0, 0.15, 0.2, 0.09, 0.165, 0.185, 0.18, 0.185]}, "util": [0.0875, 0.02, 0.0675, 0.0, 0.07, 0.085, 0.045, 0.0775, 0.0825, 0.08, 0.0825], "DP": [0.11458333333333334, 0.07692307692307693, 0.06330128205128205, 0.0, 0.10817307692307693, 0.14423076923076922, 0.0328525641025641, 0.17708333333333331, 0.015224358974358976, 0.0657051282051282, 0.09535256410256412], "EOP": [0.13369963369963367, 0.19047619047619047, 0.2820512820512821, 0.0, 0.13003663003663002, 0.195970695970696, 0.0073260073260073, 0.326007326007326, 0.16300366300366304, 0.0, 0.08608058608058611]}