{"UTIL": {"mean": 0.06340909090909091, "FQ": 0.05625, "TQ": 0.0825, "STD": 0.027885168900835065, "Q025": 0.005, "Q975": 0.086875}, "ACC": {"mean": 0.786818181818182, "FQ": 0.7725, "TQ": 0.825, "STD": 0.055770337801670115, "Q025": 0.6699999999999999, "Q975": 0.83375}, "DP": {"mean": 0.08122086247086248, "FQ": 0.04807692307692307, "TQ": 0.11137820512820513, "STD": 0.051408544196853256, "Q025": 0.003806089743589744, "Q975": 0.1688701923076923}, "EOP": {"mean": 0.1376956376956377, "FQ": 0.046703296703296704, "TQ": 0.19322344322344323, "STD": 0.1047843105574136, "Q025": 0.0, "Q975": 0.31501831501831506}}