{"UTIL": {"mean": -0.125, "FQ": -0.21875, "TQ": 0.0, "STD": 0.1336306209562122, "Q025": -0.37500000000000006, "Q975": 0.0}, "ACC": {"mean": 0.75, "FQ": 0.5625, "TQ": 1.0, "STD": 0.2672612419124244, "Q025": 0.25, "Q975": 1.0}, "DP": {"mean": 0.35714285714285715, "FQ": 0.0, "TQ": 0.5, "STD": 0.3499271061118826, "Q025": 0.0, "Q975": 1.0}, "EOP": {"mean": 0.0, "FQ": 0.0, "TQ": 0.0, "STD": 0.0, "Q025": 0.0, "Q975": 0.0}}