{"UTIL": {"mean": -0.017857142857142856, "FQ": 0.0, "TQ": 0.0, "STD": 0.04374088826398533, "Q025": -0.10625, "Q975": 0.0}, "ACC": {"mean": 0.7142857142857143, "FQ": 0.75, "TQ": 0.75, "STD": 0.08748177652797066, "Q025": 0.5375, "Q975": 0.75}, "DP": {"mean": 0.07142857142857142, "FQ": 0.0, "TQ": 0.0, "STD": 0.17496355305594133, "Q025": 0.0, "Q975": 0.4249999999999998}, "EOP": {"mean": 0.0, "FQ": 0.0, "TQ": 0.0, "STD": 0.0, "Q025": 0.0, "Q975": 0.0}}