{"UTIL_mean": -0.02025, "UTIL_FQ": -0.025, "UTIL_TQ": 0.00625, "ACC_mean": 0.7594999999999998, "ACC_FQ": 0.75, "ACC_TQ": 0.8125000000000001, "DP_mean": 0.12737373737373736, "DP_FQ": 0.020202020202020193, "DP_TQ": 0.2146464646464646, "EOP_mean": 0.2833333333333334, "EOP_FQ": 0.0, "EOP_TQ": 0.33333333333333337, "UTIL_STD": 0.07164975575673653, "ACC_STD": 0.14329951151347306, "DP_STD": 0.1270391876888867, "EOP_STD": 0.2843120351538663, "UTIL_Q025": -0.225, "UTIL_Q975": 0.075, "ACC_Q025": 0.35, "ACC_Q975": 0.95, "DP_Q025": 0.0, "DP_Q975": 0.3540404040404039, "EOP_Q025": 0.0, "EOP_Q975": 1.0}