{"acc_dict": {"0": [0.5806451612903226, 0.7096774193548387, 0.41935483870967744, 0.6774193548387096, 0.5483870967741935, 0.6774193548387096, 0.7096774193548387, 0.6774193548387096, 0.7419354838709677, 0.6129032258064516, 0.7419354838709677, 0.6451612903225806, 0.25806451612903225, 0.7419354838709677, 0.8064516129032258, 0.6774193548387096, 0.3870967741935484, 0.3548387096774194, 0.7096774193548387, 0.6451612903225806, 0.7741935483870968, 0.7419354838709677, 0.6451612903225806, 0.41935483870967744, 0.41935483870967744, 0.41935483870967744, 0.5806451612903226, 0.5161290322580645, 0.7096774193548387, 0.5161290322580645, 0.7419354838709677, 0.6451612903225806, 0.7419354838709677, 0.8064516129032258, 0.6774193548387096, 0.7096774193548387, 0.7741935483870968, 0.7741935483870968, 0.8064516129032258, 0.7741935483870968], "1": [0.8260869565217391, 0.5217391304347826, 0.4782608695652174, 0.782608695652174, 0.43478260869565216, 0.5217391304347826, 0.782608695652174, 0.6956521739130435, 0.6956521739130435, 0.6956521739130435, 0.782608695652174, 0.5652173913043478, 0.2608695652173913, 0.5652173913043478, 0.6521739130434783, 0.5652173913043478, 0.34782608695652173, 0.4782608695652174, 0.4782608695652174, 0.4782608695652174, 0.8260869565217391, 0.782608695652174, 0.5217391304347826, 0.30434782608695654, 0.34782608695652173, 0.4782608695652174, 0.5217391304347826, 0.43478260869565216, 0.5217391304347826, 0.391304347826087, 0.782608695652174, 0.7391304347826086, 0.7391304347826086, 0.6086956521739131, 0.5652173913043478, 0.5217391304347826, 0.7391304347826086, 0.7391304347826086, 0.782608695652174, 0.8260869565217391], "overall": [0.6851851851851852, 0.6296296296296297, 0.4444444444444444, 0.7222222222222222, 0.5, 0.6111111111111112, 0.7407407407407407, 0.6851851851851852, 0.7222222222222222, 0.6481481481481481, 0.7592592592592593, 0.6111111111111112, 0.25925925925925924, 0.6666666666666666, 0.7407407407407407, 0.6296296296296297, 0.37037037037037035, 0.4074074074074074, 0.6111111111111112, 0.5740740740740741, 0.7962962962962963, 0.7592592592592593, 0.5925925925925926, 0.37037037037037035, 0.3888888888888889, 0.4444444444444444, 0.5555555555555556, 0.48148148148148145, 0.6296296296296297, 0.46296296296296297, 0.7592592592592593, 0.6851851851851852, 0.7407407407407407, 0.7222222222222222, 0.6296296296296297, 0.6296296296296297, 0.7592592592592593, 0.7592592592592593, 0.7962962962962963, 0.7962962962962963]}, "pred_dict": {"0": [0.4782608695652174, 0.6086956521739131, 0.5652173913043478, 0.5217391304347826, 0.5217391304347826, 0.0, 0.43478260869565216, 0.5217391304347826, 0.5217391304347826, 0.6956521739130435, 0.34782608695652173, 0.5652173913043478, 0.43478260869565216, 0.043478260869565216, 0.30434782608695654, 0.043478260869565216, 0.6086956521739131, 1.0, 0.043478260869565216, 0.30434782608695654, 0.4782608695652174, 0.5217391304347826, 0.43478260869565216, 0.391304347826087, 0.17391304347826086, 1.0, 0.6956521739130435, 0.08695652173913043, 0.2608695652173913, 0.391304347826087, 0.34782608695652173, 0.30434782608695654, 0.30434782608695654, 0.34782608695652173, 0.043478260869565216, 0.0, 0.30434782608695654, 0.4782608695652174, 0.43478260869565216, 0.4782608695652174], "1": [0.5806451612903226, 0.1935483870967742, 0.4838709677419355, 0.4838709677419355, 0.6129032258064516, 0.16129032258064516, 0.3870967741935484, 0.5483870967741935, 0.3548387096774194, 0.6774193548387096, 0.3548387096774194, 0.5161290322580645, 0.45161290322580644, 0.0967741935483871, 0.0967741935483871, 0.03225806451612903, 0.3870967741935484, 0.9354838709677419, 0.0, 0.5806451612903226, 0.06451612903225806, 0.2903225806451613, 0.25806451612903225, 0.2903225806451613, 0.2903225806451613, 0.7419354838709677, 0.3870967741935484, 0.1935483870967742, 0.0, 0.3870967741935484, 0.03225806451612903, 0.12903225806451613, 0.16129032258064516, 0.0967741935483871, 0.03225806451612903, 0.0, 0.3225806451612903, 0.3225806451612903, 0.3548387096774194, 0.3225806451612903], "overall": [0.5370370370370371, 0.37037037037037035, 0.5185185185185185, 0.5, 0.5740740740740741, 0.09259259259259259, 0.4074074074074074, 0.5370370370370371, 0.42592592592592593, 0.6851851851851852, 0.35185185185185186, 0.5370370370370371, 0.4444444444444444, 0.07407407407407407, 0.18518518518518517, 0.037037037037037035, 0.48148148148148145, 0.9629629629629629, 0.018518518518518517, 0.46296296296296297, 0.24074074074074073, 0.3888888888888889, 0.3333333333333333, 0.3333333333333333, 0.24074074074074073, 0.8518518518518519, 0.5185185185185185, 0.14814814814814814, 0.1111111111111111, 0.3888888888888889, 0.16666666666666666, 0.2037037037037037, 0.2222222222222222, 0.2037037037037037, 0.037037037037037035, 0.0, 0.3148148148148148, 0.3888888888888889, 0.3888888888888889, 0.3888888888888889]}, "util": [0.027777777777777776, 0.0, -0.09259259259259259, 0.046296296296296294, -0.06481481481481481, -0.009259259259259259, 0.05555555555555555, 0.027777777777777776, 0.046296296296296294, 0.009259259259259259, 0.06481481481481481, -0.009259259259259259, -0.18518518518518517, 0.018518518518518517, 0.05555555555555555, 0.0, -0.12962962962962962, -0.1111111111111111, -0.009259259259259259, -0.027777777777777776, 0.08333333333333333, 0.06481481481481481, -0.018518518518518517, -0.12962962962962962, -0.12037037037037036, -0.09259259259259259, -0.037037037037037035, -0.07407407407407407, 0.0, -0.08333333333333333, 0.06481481481481481, 0.027777777777777776, 0.05555555555555555, 0.046296296296296294, 0.0, 0.0, 0.06481481481481481, 0.06481481481481481, 0.08333333333333333, 0.08333333333333333], "DP": [0.10238429172510521, 0.4151472650771389, 0.08134642356241228, 0.037868162692847096, 0.09116409537166903, 0.16129032258064516, 0.047685834502103785, 0.02664796633941091, 0.16690042075736322, 0.018232819074333828, 0.007012622720897643, 0.04908835904628328, 0.016830294530154277, 0.05329593267882188, 0.20757363253856945, 0.011220196353436185, 0.2215988779803647, 0.06451612903225812, 0.043478260869565216, 0.2762973352033661, 0.41374474053295934, 0.23141654978962128, 0.1767180925666199, 0.10098176718092566, 0.11640953716690045, 0.25806451612903225, 0.3085553997194951, 0.10659186535764376, 0.2608695652173913, 0.004207573632538597, 0.3155680224403927, 0.17531556802244042, 0.14305750350631138, 0.2510518934081346, 0.011220196353436185, 0.0, 0.018232819074333773, 0.1556802244039271, 0.07994389901823279, 0.1556802244039271], "EOP": [0.04040404040404044, 0.30303030303030304, 0.2121212121212121, 0.04040404040404044, 0.32323232323232326, 0.2222222222222222, 0.06060606060606066, 0.16161616161616155, 0.06060606060606066, 0.09090909090909094, 0.030303030303030276, 0.14141414141414144, 0.18181818181818182, 0.1313131313131313, 0.12121212121212122, 0.09090909090909091, 0.3434343434343434, 0.0, 0.0, 0.6161616161616161, 0.595959595959596, 0.26262626262626265, 0.12121212121212122, 0.18181818181818182, 0.0, 0.2222222222222222, 0.2828282828282829, 0.0, 0.2727272727272727, 0.06060606060606061, 0.5252525252525253, 0.4343434343434343, 0.2121212121212121, 0.12121212121212122, 0.09090909090909091, 0.0, 0.12121212121212122, 0.06060606060606066, 0.0505050505050505, 0.1515151515151516]}