{"UTIL": {"mean": -0.005092592592592595, "FQ": -0.04398148148148148, "TQ": 0.05555555555555555, "STD": 0.06900944002142989, "Q025": -0.1310185185185185, "Q975": 0.08333333333333333}, "ACC": {"mean": 0.6194444444444445, "FQ": 0.5416666666666667, "TQ": 0.7407407407407407, "STD": 0.1380188800428598, "Q025": 0.3675925925925926, "Q975": 0.7962962962962963}, "DP": {"mean": 0.13457223001402524, "FQ": 0.042075736325385686, "TQ": 0.21107994389901827, "STD": 0.11206818374565049, "Q025": 0.0041023842917251325, "Q975": 0.41377980364656386}, "EOP": {"mean": 0.1734848484848485, "FQ": 0.06060606060606065, "TQ": 0.23232323232323232, "STD": 0.15646604031958, "Q025": 0.0, "Q975": 0.5964646464646465}}