{"UTIL": {"mean": 0.051587301587301584, "FQ": 0.027777777777777776, "TQ": 0.08333333333333333, "STD": 0.02949863965375261, "Q025": 0.0, "Q975": 0.09259259259259259}, "ACC": {"mean": 0.6957671957671959, "FQ": 0.6481481481481481, "TQ": 0.7592592592592593, "STD": 0.058997279307505236, "Q025": 0.5925925925925926, "Q975": 0.7777777777777778}, "DP": {"mean": 0.13123622520536968, "FQ": 0.08695652173913043, "TQ": 0.1935483870967742, "STD": 0.08248826269574076, "Q025": 0.0, "Q975": 0.24894810659186534}, "EOP": {"mean": 0.22619047619047622, "FQ": 0.13333333333333341, "TQ": 0.31666666666666665, "STD": 0.16326459750413114, "Q025": 0.0, "Q975": 0.55}}