{"acc_dict": {"0": [0.8064516129032258, 0.6129032258064516, 0.6129032258064516, 0.6129032258064516, 0.8387096774193549, 0.8387096774193549, 0.7741935483870968, 0.8064516129032258, 0.6129032258064516, 0.6129032258064516, 0.8387096774193549, 0.8064516129032258, 0.8064516129032258, 0.8064516129032258, 0.8387096774193549, 0.8387096774193549, 0.7419354838709677, 0.7741935483870968, 0.8064516129032258, 0.8387096774193549, 0.8387096774193549], "1": [0.5652173913043478, 0.6521739130434783, 0.6521739130434783, 0.6521739130434783, 0.6521739130434783, 0.6956521739130435, 0.4782608695652174, 0.5652173913043478, 0.5652173913043478, 0.5652173913043478, 0.5652173913043478, 0.5652173913043478, 0.5217391304347826, 0.43478260869565216, 0.6521739130434783, 0.5652173913043478, 0.6521739130434783, 0.782608695652174, 0.5217391304347826, 0.6956521739130435, 0.6521739130434783], "overall": [0.7037037037037037, 0.6296296296296297, 0.6296296296296297, 0.6296296296296297, 0.7592592592592593, 0.7777777777777778, 0.6481481481481481, 0.7037037037037037, 0.5925925925925926, 0.5925925925925926, 0.7222222222222222, 0.7037037037037037, 0.6851851851851852, 0.6481481481481481, 0.7592592592592593, 0.7222222222222222, 0.7037037037037037, 0.7777777777777778, 0.6851851851851852, 0.7777777777777778, 0.7592592592592593]}, "pred_dict": {"0": [0.08695652173913043, 0.08695652173913043, 0.08695652173913043, 0.08695652173913043, 0.34782608695652173, 0.30434782608695654, 0.34782608695652173, 0.0, 0.0, 0.0, 0.6086956521739131, 0.2608695652173913, 0.4782608695652174, 0.6521739130434783, 0.6086956521739131, 0.6086956521739131, 0.5217391304347826, 0.30434782608695654, 0.6521739130434783, 0.21739130434782608, 0.5217391304347826], "1": [0.3225806451612903, 0.0, 0.0, 0.0, 0.3548387096774194, 0.2903225806451613, 0.16129032258064516, 0.1935483870967742, 0.0, 0.0, 0.3548387096774194, 0.45161290322580644, 0.3870967741935484, 0.5161290322580645, 0.41935483870967744, 0.41935483870967744, 0.5806451612903226, 0.5483870967741935, 0.45161290322580644, 0.41935483870967744, 0.41935483870967744], "overall": [0.2222222222222222, 0.037037037037037035, 0.037037037037037035, 0.037037037037037035, 0.35185185185185186, 0.2962962962962963, 0.24074074074074073, 0.1111111111111111, 0.0, 0.0, 0.46296296296296297, 0.37037037037037035, 0.42592592592592593, 0.5740740740740741, 0.5, 0.5, 0.5555555555555556, 0.4444444444444444, 0.5370370370370371, 0.3333333333333333, 0.46296296296296297]}, "util": [0.05555555555555555, 0.018518518518518517, 0.018518518518518517, 0.018518518518518517, 0.08333333333333333, 0.09259259259259259, 0.027777777777777776, 0.05555555555555555, 0.0, 0.0, 0.06481481481481481, 0.05555555555555555, 0.046296296296296294, 0.027777777777777776, 0.08333333333333333, 0.06481481481481481, 0.05555555555555555, 0.09259259259259259, 0.046296296296296294, 0.09259259259259259, 0.08333333333333333], "DP": [0.23562412342215988, 0.08695652173913043, 0.08695652173913043, 0.08695652173913043, 0.007012622720897643, 0.014025245441795231, 0.18653576437587657, 0.1935483870967742, 0.0, 0.0, 0.2538569424964937, 0.19074333800841514, 0.09116409537166903, 0.13604488078541377, 0.18934081346423565, 0.18934081346423565, 0.058906030855540026, 0.24403927068723696, 0.20056100981767183, 0.20196353436185135, 0.10238429172510516], "EOP": [0.5666666666666667, 0.2, 0.2, 0.2, 0.25, 0.16666666666666663, 0.1166666666666667, 0.5, 0.0, 0.0, 0.050000000000000044, 0.5333333333333334, 0.25, 0.31666666666666665, 0.033333333333333326, 0.13333333333333341, 0.21666666666666667, 0.31666666666666665, 0.13333333333333341, 0.43333333333333335, 0.13333333333333341]}