{"acc_dict": {"0": [0.7800338409475466, 0.7648054145516074, 0.6717428087986463, 0.817258883248731, 0.805414551607445], "1": [0.722495894909688, 0.7569786535303776, 0.8210180623973727, 0.825944170771757, 0.812807881773399], "overall": [0.7508333333333334, 0.7608333333333334, 0.7475, 0.8216666666666667, 0.8091666666666667]}, "pred_dict": {"0": [0.2893401015228426, 0.31810490693739424, 0.45516074450084604, 0.2182741116751269, 0.2470389170896785], "1": [0.5385878489326765, 0.4351395730706076, 0.23973727422003285, 0.2676518883415435, 0.21839080459770116], "overall": [0.41583333333333333, 0.3775, 0.3458333333333333, 0.24333333333333335, 0.2325]}, "util": [0.022916666666666665, 0.027916666666666666, 0.02125, 0.058333333333333334, 0.052083333333333336], "DP": [0.2492477474098339, 0.11703466613321334, 0.21542347028081318, 0.04937777666641663, 0.02864811249197735], "FPR": [0.17652611705475144, 0.04074889867841411, 0.3105614492493033, 0.04380562797806346, 0.0982985705295334]}