{"UTIL_mean": 0.0365, "UTIL_FQ": 0.022916666666666665, "UTIL_TQ": 0.052083333333333336, "ACC_mean": 0.778, "ACC_FQ": 0.7508333333333334, "ACC_TQ": 0.8091666666666667, "DP_mean": 0.13194635459645088, "DP_FQ": 0.04937777666641663, "DP_TQ": 0.21542347028081318, "FPR_mean": 0.13398813269801313, "FPR_FQ": 0.04380562797806346, "FPR_TQ": 0.17652611705475144}