{"cum-loop-time": [0.4505329132080078, 0.9295978546142578, 1.4716460704803467, 2.01885986328125, 2.662384033203125, 3.2520370483398438, 3.8612191677093506, 4.474899053573608, 5.116932392120361, 5.832435607910156, 6.491474390029907, 7.175445556640625, 7.871833562850952, 8.585491418838501, 9.399797439575195, 10.168601512908936, 10.931978464126587, 11.707221508026123, 12.51220154762268, 13.35657286643982, 14.16035270690918, 15.029300451278687, 15.947543382644653, 16.828768253326416, 17.72734832763672], "cum-varOracle-time": [0.4317193031311035, 0.8879983425140381, 1.4033544063568115, 1.922750473022461, 2.5406854152679443, 3.1032586097717285, 3.6830077171325684, 4.268175363540649, 4.882181406021118, 5.571552515029907, 6.203373432159424, 6.858618497848511, 7.524393558502197, 8.205695629119873, 8.988097429275513, 9.728381395339966, 10.460596323013306, 11.206576108932495, 11.983274221420288, 12.798485040664673, 13.573169946670532, 14.411779165267944, 15.30193829536438, 16.155211210250854, 17.021419048309326], "num_lossOracle_calls": 25, "num_varOracle_calls": 25, "num_var_policies added": [1, 1, 1, 1, 1, 1, 1, 1, 1, 1, 1, 1, 1, 1, 1, 1, 1, 1, 1, 1, 1, 1, 1, 1, 1]}