{"acc_dict": {"0": [0.65625, 0.7083333333333334, 0.71875, 0.75, 0.75, 0.7291666666666666, 0.7395833333333334, 0.7395833333333334, 0.7395833333333334, 0.7395833333333334, 0.7291666666666666, 0.7604166666666666, 0.7291666666666666, 0.7291666666666666, 0.7395833333333334, 0.7708333333333334, 0.75, 0.7604166666666666, 0.7291666666666666, 0.71875, 0.7604166666666666, 0.625, 0.75, 0.7708333333333334, 0.8125, 0.7604166666666666, 0.78125, 0.78125, 0.5, 0.7291666666666666, 0.5833333333333334, 0.4791666666666667, 0.5208333333333334, 0.6875, 0.7604166666666666, 0.6875, 0.7395833333333334, 0.71875, 0.7708333333333334, 0.65625, 0.8125, 0.8229166666666666, 0.7916666666666666, 0.8333333333333334, 0.8229166666666666, 0.8020833333333334, 0.8229166666666666, 0.7916666666666666, 0.8020833333333334, 0.8020833333333334, 0.8020833333333334, 0.7395833333333334, 0.46875, 0.7083333333333334, 0.8125, 0.78125, 0.6145833333333334, 0.75, 0.7708333333333334, 0.625, 0.6770833333333334, 0.6145833333333334, 0.5416666666666666, 0.4583333333333333, 0.6770833333333334, 0.8125, 0.6770833333333334, 0.6666666666666666, 0.6666666666666666, 0.53125, 0.2708333333333333, 0.3333333333333333, 0.40625, 0.25, 0.34375, 0.5729166666666666, 0.4895833333333333, 0.4895833333333333, 0.5208333333333334, 0.625, 0.6145833333333334, 0.8020833333333334, 0.78125, 0.8020833333333334, 0.7395833333333334, 0.5, 0.6770833333333334, 0.7291666666666666, 0.65625, 0.7395833333333334, 0.7395833333333334, 0.6458333333333334, 0.7083333333333334, 0.7083333333333334, 0.75, 0.84375, 0.8125, 0.8020833333333334, 0.78125, 0.78125, 0.8020833333333334, 0.7708333333333334, 0.7916666666666666, 0.7395833333333334, 0.7291666666666666, 0.6458333333333334, 0.65625, 0.65625, 0.6145833333333334, 0.8125, 0.7708333333333334, 0.7708333333333334, 0.75, 0.7395833333333334, 0.75, 0.7395833333333334, 0.7604166666666666, 0.75, 0.59375, 0.6354166666666666, 0.5833333333333334, 0.7604166666666666, 0.7708333333333334, 0.7708333333333334, 0.7604166666666666, 0.7708333333333334, 0.75, 0.7395833333333334, 0.7604166666666666, 0.7604166666666666, 0.7708333333333334, 0.75, 0.7395833333333334, 0.7291666666666666, 0.7291666666666666], "1": [0.7211538461538461, 0.6730769230769231, 0.7019230769230769, 0.6923076923076923, 0.7019230769230769, 0.7307692307692307, 0.7211538461538461, 0.75, 0.7403846153846154, 0.6826923076923077, 0.6826923076923077, 0.7115384615384616, 0.7115384615384616, 0.7115384615384616, 0.7211538461538461, 0.7596153846153846, 0.7211538461538461, 0.7211538461538461, 0.7211538461538461, 0.75, 0.7211538461538461, 0.7692307692307693, 0.7019230769230769, 0.7115384615384616, 0.7596153846153846, 0.7211538461538461, 0.7307692307692307, 0.7115384615384616, 0.6923076923076923, 0.5384615384615384, 0.40384615384615385, 0.4230769230769231, 0.75, 0.7115384615384616, 0.7019230769230769, 0.7115384615384616, 0.7596153846153846, 0.6923076923076923, 0.75, 0.7211538461538461, 0.7403846153846154, 0.7307692307692307, 0.7211538461538461, 0.7307692307692307, 0.7692307692307693, 0.75, 0.75, 0.6923076923076923, 0.7307692307692307, 0.7307692307692307, 0.7692307692307693, 0.7403846153846154, 0.7211538461538461, 0.7115384615384616, 0.7692307692307693, 0.7307692307692307, 0.7115384615384616, 0.5673076923076923, 0.7211538461538461, 0.7211538461538461, 0.7596153846153846, 0.7692307692307693, 0.7019230769230769, 0.6442307692307693, 0.6442307692307693, 0.7596153846153846, 0.7403846153846154, 0.75, 0.7307692307692307, 0.5096153846153846, 0.375, 0.38461538461538464, 0.4423076923076923, 0.34615384615384615, 0.5096153846153846, 0.75, 0.625, 0.5673076923076923, 0.6346153846153846, 0.7403846153846154, 0.46153846153846156, 0.7403846153846154, 0.6634615384615384, 0.6923076923076923, 0.4423076923076923, 0.6538461538461539, 0.7115384615384616, 0.7211538461538461, 0.7307692307692307, 0.75, 0.75, 0.7307692307692307, 0.7307692307692307, 0.7211538461538461, 0.7307692307692307, 0.7211538461538461, 0.6634615384615384, 0.625, 0.5961538461538461, 0.625, 0.7403846153846154, 0.7596153846153846, 0.8173076923076923, 0.8269230769230769, 0.7788461538461539, 0.8076923076923077, 0.7211538461538461, 0.7403846153846154, 0.7692307692307693, 0.7884615384615384, 0.4230769230769231, 0.40384615384615385, 0.4423076923076923, 0.4326923076923077, 0.4326923076923077, 0.4230769230769231, 0.4230769230769231, 0.4230769230769231, 0.5673076923076923, 0.6730769230769231, 0.625, 0.7403846153846154, 0.7307692307692307, 0.7403846153846154, 0.7307692307692307, 0.7403846153846154, 0.7403846153846154, 0.7307692307692307, 0.7211538461538461, 0.7403846153846154, 0.7307692307692307, 0.41346153846153844, 0.41346153846153844, 0.4423076923076923, 0.46153846153846156], "overall": [0.69, 0.69, 0.71, 0.72, 0.725, 0.73, 0.73, 0.745, 0.74, 0.71, 0.705, 0.735, 0.72, 0.72, 0.73, 0.765, 0.735, 0.74, 0.725, 0.735, 0.74, 0.7, 0.725, 0.74, 0.785, 0.74, 0.755, 0.745, 0.6, 0.63, 0.49, 0.45, 0.64, 0.7, 0.73, 0.7, 0.75, 0.705, 0.76, 0.69, 0.775, 0.775, 0.755, 0.78, 0.795, 0.775, 0.785, 0.74, 0.765, 0.765, 0.785, 0.74, 0.6, 0.71, 0.79, 0.755, 0.665, 0.655, 0.745, 0.675, 0.72, 0.695, 0.625, 0.555, 0.66, 0.785, 0.71, 0.71, 0.7, 0.52, 0.325, 0.36, 0.425, 0.3, 0.43, 0.665, 0.56, 0.53, 0.58, 0.685, 0.535, 0.77, 0.72, 0.745, 0.585, 0.58, 0.695, 0.725, 0.695, 0.745, 0.745, 0.69, 0.72, 0.715, 0.74, 0.78, 0.735, 0.71, 0.685, 0.7, 0.77, 0.765, 0.805, 0.785, 0.755, 0.73, 0.69, 0.7, 0.695, 0.8, 0.59, 0.58, 0.59, 0.58, 0.585, 0.575, 0.585, 0.58, 0.58, 0.655, 0.605, 0.75, 0.75, 0.755, 0.745, 0.755, 0.745, 0.735, 0.74, 0.75, 0.75, 0.575, 0.57, 0.58, 0.59]},