{"UTIL": {"mean": -0.03259259259259259, "FQ": -0.051250000000000004, "TQ": -0.0025, "STD": 0.04828772504037398, "Q025": -0.161625, "Q975": 0.019125000000000017}, "ACC": {"mean": 0.684814814814815, "FQ": 0.6475, "TQ": 0.745, "STD": 0.09657545008074796, "Q025": 0.42674999999999996, "Q975": 0.7882500000000001}, "DP": {"mean": 0.11927231718898389, "FQ": 0.03044871794871795, "TQ": 0.1690705128205128, "STD": 0.10261743880232325, "Q025": 0.001081730769230768, "Q975": 0.35056089743589747}, "EOP": {"mean": 0.15252579471581085, "FQ": 0.043478260869565216, "TQ": 0.21739130434782608, "STD": 0.1513940928986068, "Q025": 0.0, "Q975": 0.5323671497584541}}