{"UTIL": {"mean": -0.006750000000000001, "FQ": 0.0, "TQ": 0.0, "STD": 0.022667432585098825, "Q025": -0.052187500000000005, "Q975": 0.02187500000000001}, "ACC": {"mean": 0.6765000000000001, "FQ": 0.69, "TQ": 0.69, "STD": 0.04533486517019765, "Q025": 0.585625, "Q975": 0.73375}, "DP": {"mean": 0.02067307692307692, "FQ": 0.0, "TQ": 0.02363782051282048, "STD": 0.0329555920445764, "Q025": 0.0, "Q975": 0.08766025641025642}, "EOP": {"mean": 0.022630992196209586, "FQ": 0.0, "TQ": 0.043478260869565216, "STD": 0.029943229295539543, "Q025": 0.0, "Q975": 0.07918060200668897}}