{"acc_dict": {"0": [0.7604166666666666, 0.7604166666666666, 0.7604166666666666, 0.7604166666666666, 0.7604166666666666, 0.625, 0.7708333333333334, 0.6458333333333334, 0.7604166666666666, 0.7708333333333334], "1": [0.625, 0.625, 0.625, 0.625, 0.625, 0.5384615384615384, 0.7211538461538461, 0.5673076923076923, 0.625, 0.625], "overall": [0.69, 0.69, 0.69, 0.69, 0.69, 0.58, 0.745, 0.605, 0.69, 0.695]}, "pred_dict": {"0": [0.0, 0.0, 0.0, 0.0, 0.0, 0.08653846153846154, 0.28846153846153844, 0.057692307692307696, 0.0, 0.0], "1": [0.0, 0.0, 0.0, 0.0, 0.0, 0.17708333333333334, 0.2604166666666667, 0.13541666666666666, 0.0, 0.010416666666666666], "overall": [0.0, 0.0, 0.0, 0.0, 0.0, 0.13, 0.275, 0.095, 0.0, 0.005]}, "util": [0.0, 0.0, 0.0, 0.0, 0.0, -0.055, 0.0275, -0.0425, 0.0, 0.0025], "DP": [0.0, 0.0, 0.0, 0.0, 0.0, 0.0905448717948718, 0.02804487179487175, 0.07772435897435896, 0.0, 0.010416666666666666], "EOP": [0.0, 0.0, 0.0, 0.0, 0.0, 0.08695652173913043, 0.05239687848383501, 0.043478260869565216, 0.0, 0.043478260869565216]}