{"ACC": {"0": [0.7649063032367973, 0.7938671209540034], "1": [0.6900489396411092, 0.7732463295269169], "overall": [0.7266666666666667, 0.7833333333333333]}, "mean_pred": {"0": [0.3735725938009788, 0.22512234910277323], "1": [0.43781942078364566, 0.39182282793867124], "overall": [0.405, 0.30666666666666664]}, "Utility": [0.0075, 0.035833333333333335], "DP": [0.06424682698266687, 0.166700478835898]}