{"ACC_mean": 0.755, "mean_pred_mean": 0.35583333333333333, "Utility_mean": 0.021666666666666667, "DP_mean": 0.11547365290928244}