{"ACC": {"0": [0.7536945812807881], "1": [0.7343485617597293], "overall": [0.7441666666666666]}, "mean_pred": {"0": [0.3756345177664975], "1": [0.3891625615763547], "overall": [0.3825]}, "Utility": [0.03208333333333333], "DP": [0.013528043809857226]}