{"ACC_mean": 0.7441666666666666, "mean_pred_mean": 0.3825, "Utility_mean": 0.03208333333333333, "DP_mean": 0.013528043809857226}