{"ACC": {"0": [0.8070175438596491, 0.8223938223938224, 0.8189300411522634, 0.8059701492537313, 0.7489711934156379, 0.8007246376811594, 0.7857142857142857, 0.7673469387755102, 0.7903225806451613, 0.763265306122449, 0.812, 0.8202247191011236, 0.7875, 0.8326996197718631, 0.7276422764227642, 0.7674418604651163, 0.7958333333333333, 0.75, 0.8049792531120332, 0.7877551020408163, 0.7627118644067796, 0.7923076923076923], "1": [0.7794117647058824, 0.7759336099585062, 0.7976653696498055, 0.8060344827586207, 0.8210116731517509, 0.7767857142857143, 0.7661290322580645, 0.8, 0.8333333333333334, 0.8196078431372549, 0.804, 0.7682403433476395, 0.823076923076923, 0.8270042194092827, 0.7244094488188977, 0.7892561983471075, 0.8038461538461539, 0.7415254237288136, 0.8262548262548263, 0.8431372549019608, 0.7234848484848485, 0.8083333333333333], "overall": [0.792, 0.8, 0.808, 0.806, 0.786, 0.79, 0.776, 0.784, 0.812, 0.792, 0.808, 0.796, 0.806, 0.83, 0.726, 0.778, 0.8, 0.746, 0.816, 0.816, 0.742, 0.8]}, "mean_pred": {"0": [0.3333333333333333, 0.35135135135135137, 0.205761316872428, 0.3619402985074627, 0.46502057613168724, 0.3079710144927536, 0.39285714285714285, 0.34285714285714286, 0.31048387096774194, 0.24081632653061225, 0.32, 0.33707865168539325, 0.25833333333333336, 0.22813688212927757, 0.37398373983739835, 0.39147286821705424, 0.25, 0.3484848484848485, 0.26141078838174275, 0.3020408163265306, 0.3474576271186441, 0.31153846153846154], "1": [0.25735294117647056, 0.2946058091286307, 0.19844357976653695, 0.28879310344827586, 0.2140077821011673, 0.23214285714285715, 0.27419354838709675, 0.28627450980392155, 0.1984126984126984, 0.23529411764705882, 0.252, 0.27896995708154504, 0.15, 0.18565400843881857, 0.3543307086614173, 0.38016528925619836, 0.14615384615384616, 0.3644067796610169, 0.16988416988416988, 0.18823529411764706, 0.3560606060606061, 0.2875], "overall": [0.292, 0.324, 0.202, 0.328, 0.336, 0.274, 0.334, 0.314, 0.254, 0.238, 0.286, 0.31, 0.202, 0.208, 0.364, 0.386, 0.196, 0.356, 0.214, 0.244, 0.352, 0.3]}, "Utility": [0.052, 0.056, 0.043, 0.05, 0.048, 0.043, 0.035, 0.049, 0.049, 0.051, 0.045, 0.043, 0.063, 0.06, 0.014, 0.053, 0.046, 0.044, 0.061, 0.044, 0.008, 0.07], "DP": [0.07598039215686275, 0.05674554222272066, 0.007317737105891037, 0.07314719505918682, 0.2510127940305199, 0.07582815734989645, 0.1186635944700461, 0.05658263305322131, 0.11207117255504354, 0.0055222088835534255, 0.068, 0.05810869460384821, 0.10833333333333336, 0.042482873690459, 0.01965303117598105, 0.01130757896085588, 0.10384615384615384, 0.015921931176168413, 0.09152661849757288, 0.11380552220888357, 0.008602978941961992, 0.024038461538461564], "TPR": [0.12103174603174605, 0.15464598118501405, 0.046658259773013855, 0.07528735632183903, 0.17818181818181822, 0.13306122448979585, 0.1493428912783752, 0.0019704433497537144, 0.054408602150537666, 0.09411764705882353, 0.0691176470588235, 0.1778846153846153, 0.11174089068825904, 0.07064793130366898, 0.012571839080459779, 0.05554719253349394, 0.1712632594021215, 0.046056338028169, 0.10460322913088282, 0.04166666666666663, 0.0010785159620362306, 0.03300330033003296], "EO": [0.12103174603174605, 0.15464598118501405, 0.05865800865800865, 0.07528735632183903, 0.17818181818181822, 0.13306122448979585, 0.1493428912783752, 0.02494013000342113, 0.054408602150537666, 0.09411764705882353, 0.0691176470588235, 0.1778846153846153, 0.11174089068825904, 0.07064793130366898, 0.026216484607745782, 0.05554719253349394, 0.1712632594021215, 0.0534737620103474, 0.10460322913088282, 0.04166666666666663, 0.06733374384236454, 0.03300330033003296]}