{"ACC_mean": 0.771, "mean_pred_mean": 0.3375, "Utility_mean": 0.040916666666666664, "DP_mean": 0.14557442091137174}