{"ACC": {"0": [0.7717569786535303, 0.7963875205254516, 0.7241379310344828, 0.7586206896551724, 0.7766830870279147], "1": [0.8257191201353637, 0.7935702199661591, 0.7360406091370558, 0.7580372250423012, 0.7698815566835872], "overall": [0.7983333333333333, 0.795, 0.73, 0.7583333333333333, 0.7733333333333333]}, "mean_pred": {"0": [0.14890016920473773, 0.22842639593908629, 0.38747884940778343, 0.28426395939086296, 0.26903553299492383], "1": [0.4154351395730706, 0.3054187192118227, 0.4860426929392447, 0.43842364532019706, 0.4006568144499179], "overall": [0.2841666666666667, 0.2675, 0.4375, 0.3625, 0.3358333333333333]}, "Utility": [0.05458333333333333, 0.05291666666666667, 0.020416666666666666, 0.034583333333333334, 0.042083333333333334], "DP": [0.26653497036833285, 0.07699232327273639, 0.09856384353146125, 0.1541596859293341, 0.13162128145499408]}