{"UTIL_mean": -0.08333333333333333, "UTIL_FQ": -0.125, "UTIL_TQ": -0.0375, "ACC_mean": 0.5833333333333334, "ACC_FQ": 0.5, "ACC_TQ": 0.675, "DP_mean": 0.19528619528619529, "DP_FQ": 0.08585858585858586, "DP_TQ": 0.29292929292929293, "EOP_mean": 0.25, "EOP_FQ": 0.0, "EOP_TQ": 0.375, "UTIL_STD": 0.07168604389202188, "ACC_STD": 0.14337208778404376, "DP_STD": 0.1698919301217894, "EOP_STD": 0.3535533905932738, "UTIL_Q025": -0.16999999999999998, "UTIL_Q975": -0.0037500000000000033, "ACC_Q025": 0.41000000000000003, "ACC_Q975": 0.7424999999999999, "DP_Q025": 0.008585858585858586, "DP_Q975": 0.402020202020202, "EOP_Q025": 0.0, "EOP_Q975": 0.7124999999999999}