{"acc_dict": {"0": [0.5454545454545454, 0.36363636363636365, 0.6363636363636364], "1": [0.6666666666666666, 0.4444444444444444, 0.8888888888888888], "overall": [0.6, 0.4, 0.75]}, "pred_dict": {"0": [0.2222222222222222, 0.4444444444444444, 0.0], "1": [0.6363636363636364, 0.2727272727272727, 0.0], "overall": [0.45, 0.35, 0.0]}, "util": [-0.075, -0.175, 0.0], "DP": [0.41414141414141414, 0.1717171717171717, 0.0], "EOP": [0.75, 0.0, 0.0]}