{"UTIL": {"mean": 0.03318181818181819, "FQ": 0.005, "TQ": 0.051250000000000004, "STD": 0.030077379545608334, "Q025": 0.0, "Q975": 0.08375}, "ACC": {"mean": 0.7563636363636363, "FQ": 0.7, "TQ": 0.7925, "STD": 0.060154759091216675, "Q025": 0.69, "Q975": 0.8575}, "DP": {"mean": 0.1434294871794872, "FQ": 0.09495192307692309, "TQ": 0.20592948717948717, "STD": 0.08283383675579017, "Q025": 0.0, "Q975": 0.23137019230769232}, "EOP": {"mean": 0.30627705627705626, "FQ": 0.11190476190476184, "TQ": 0.475, "STD": 0.21074582816542006, "Q025": 0.0, "Q975": 0.5714285714285714}}