{"acc_dict": {"0": [0.875, 0.7916666666666666, 0.8020833333333334, 0.8541666666666666, 0.8020833333333334, 0.7708333333333334, 0.8020833333333334, 0.8229166666666666, 0.8645833333333334, 0.7916666666666666, 0.7916666666666666], "1": [0.8269230769230769, 0.5961538461538461, 0.8461538461538461, 0.6538461538461539, 0.6923076923076923, 0.75, 0.7019230769230769, 0.6057692307692307, 0.8557692307692307, 0.5961538461538461, 0.5961538461538461], "overall": [0.85, 0.69, 0.825, 0.75, 0.745, 0.76, 0.75, 0.71, 0.86, 0.69, 0.69]}, "pred_dict": {"0": [0.38461538461538464, 0.0, 0.34615384615384615, 0.057692307692307696, 0.09615384615384616, 0.17307692307692307, 0.10576923076923077, 0.009615384615384616, 0.27884615384615385, 0.0, 0.0], "1": [0.14583333333333334, 0.14583333333333334, 0.3020833333333333, 0.22916666666666666, 0.3020833333333333, 0.3541666666666667, 0.28125, 0.21875, 0.07291666666666667, 0.0, 0.0], "overall": [0.27, 0.07, 0.325, 0.14, 0.195, 0.26, 0.19, 0.11, 0.18, 0.0, 0.0]}, "util": [0.08, 0.0, 0.0675, 0.03, 0.0275, 0.035, 0.03, 0.01, 0.085, 0.0, 0.0], "DP": [0.2387820512820513, 0.14583333333333334, 0.04407051282051283, 0.17147435897435898, 0.20592948717948717, 0.1810897435897436, 0.17548076923076922, 0.2091346153846154, 0.20592948717948717, 0.0, 0.0], "EOP": [0.21190476190476182, 0.35, 0.011904761904761862, 0.5571428571428572, 0.5119047619047619, 0.3952380952380953, 0.43809523809523804, 0.5761904761904761, 0.31666666666666665, 0.0, 0.0]}