{"UTIL_mean": -0.03125, "UTIL_FQ": -0.125, "UTIL_TQ": 0.0, "ACC_mean": 0.6875, "ACC_FQ": 0.5, "ACC_TQ": 0.75, "DP_mean": 0.5416666666666666, "DP_FQ": 0.5, "DP_TQ": 0.625, "EOP_mean": 0.6666666666666666, "EOP_FQ": 0.0, "EOP_TQ": 1.0, "UTIL_STD": 0.09021097956087903, "ACC_STD": 0.18042195912175807, "DP_STD": 0.32004773949452536, "EOP_STD": 0.4714045207910317, "UTIL_Q025": -0.125, "UTIL_Q975": 0.125, "ACC_Q025": 0.5, "ACC_Q975": 1.0, "DP_Q025": 0.0, "DP_Q975": 1.0, "EOP_Q025": 0.0, "EOP_Q975": 1.0}