{"acc_dict": {"0": [0.7708333333333334, 0.7708333333333334, 0.7708333333333334, 0.8229166666666666, 0.84375, 0.75, 0.78125, 0.78125, 0.7395833333333334, 0.7916666666666666], "1": [0.7692307692307693, 0.6826923076923077, 0.7019230769230769, 0.7307692307692307, 0.7211538461538461, 0.7884615384615384, 0.7596153846153846, 0.7980769230769231, 0.7788461538461539, 0.5673076923076923], "overall": [0.77, 0.725, 0.735, 0.775, 0.78, 0.77, 0.77, 0.79, 0.76, 0.675]}, "pred_dict": {"0": [0.18269230769230768, 0.09615384615384616, 0.17307692307692307, 0.25961538461538464, 0.36538461538461536, 0.4519230769230769, 0.3076923076923077, 0.38461538461538464, 0.36538461538461536, 0.40384615384615385], "1": [0.0, 0.0, 0.0, 0.052083333333333336, 0.19791666666666666, 0.3541666666666667, 0.09375, 0.07291666666666667, 0.09375, 0.25], "overall": [0.095, 0.05, 0.09, 0.16, 0.285, 0.405, 0.205, 0.235, 0.235, 0.33]}, "util": [0.0475, 0.025, 0.03, 0.05, 0.0525, 0.0475, 0.0475, 0.0575, 0.0425, 0.0], "DP": [0.18269230769230768, 0.09615384615384616, 0.17307692307692307, 0.2075320512820513, 0.1674679487179487, 0.09775641025641024, 0.2139423076923077, 0.31169871794871795, 0.27163461538461536, 0.15384615384615385], "EOP": [0.4418604651162791, 0.23255813953488372, 0.3488372093023256, 0.2610993657505285, 0.013742071881606699, 0.06342494714587732, 0.35412262156448204, 0.5391120507399576, 0.5380549682875264, 0.1257928118393235]}