{"UTIL": {"mean": 0.04, "FQ": 0.033125, "TQ": 0.049375, "STD": 0.01631716887208072, "Q025": 0.005625000000000001, "Q975": 0.05637500000000001}, "ACC": {"mean": 0.755, "FQ": 0.74125, "TQ": 0.77375, "STD": 0.03263433774416144, "Q025": 0.68625, "Q975": 0.7877500000000001}, "DP": {"mean": 0.1875801282051282, "FQ": 0.15725160256410256, "TQ": 0.2123397435897436, "STD": 0.06462770672916536, "Q025": 0.0965144230769231, "Q975": 0.3026842948717949}, "EOP": {"mean": 0.291860465116279, "FQ": 0.15248414376321356, "TQ": 0.4199260042283298, "STD": 0.1769016982770633, "Q025": 0.02492071881606759, "Q975": 0.5388742071881606}}