{"ACC": {"0": [0.8073803730738037, 0.7688564476885644, 0.8033252230332523], "1": [0.8330702446724546, 0.8022888713496449, 0.8318863456985004], "overall": [0.8204, 0.7858, 0.8178]}, "mean_pred": {"0": [0.2570965125709651, 0.3840227088402271, 0.2660178426601784], "1": [0.16298342541436464, 0.2521704814522494, 0.15469613259668508], "overall": [0.2094, 0.3172, 0.2096]}, "Utility": [0.0615, 0.0442, 0.0602], "DP": [0.09411308715660047, 0.1318522273879777, 0.11132171006349334], "TPR": [0.09869413345275413, 0.10727810120913572, 0.1243600537393641], "EO": [0.09869413345275413, 0.10727810120913572, 0.1243600537393641]}