{"acc_dict": {"0": [0.7901861252115059, 0.8020304568527918, 0.7055837563451777, 0.7648054145516074, 0.8189509306260575], "1": [0.7963875205254516, 0.7865353037766831, 0.7307060755336617, 0.8013136288998358, 0.80623973727422], "overall": [0.7933333333333333, 0.7941666666666667, 0.7183333333333334, 0.7833333333333333, 0.8125]}, "pred_dict": {"0": [0.22504230118443316, 0.19627749576988154, 0.37055837563451777, 0.2639593908629442, 0.1218274111675127], "1": [0.33497536945812806, 0.3579638752052545, 0.45977011494252873, 0.3103448275862069, 0.3021346469622332], "overall": [0.2808333333333333, 0.2783333333333333, 0.41583333333333333, 0.2875, 0.21333333333333335]}, "util": [0.04875, 0.049166666666666664, 0.01125, 0.04375, 0.058333333333333334], "DP": [0.1099330682736949, 0.16168637943537298, 0.08921173930801096, 0.04638543672326273, 0.1803072357947205], "FPR": [0.02737425669691637, 0.07996043384746329, 0.01821883302853594, 0.038674763925790445, 0.08366976064778073]}