{"UTIL_mean": 0.042249999999999996, "UTIL_FQ": 0.04375, "UTIL_TQ": 0.049166666666666664, "ACC_mean": 0.7803333333333333, "ACC_FQ": 0.7833333333333333, "ACC_TQ": 0.7941666666666667, "DP_mean": 0.11750477190701242, "DP_FQ": 0.08921173930801096, "DP_TQ": 0.16168637943537298, "FPR_mean": 0.049579609629297354, "FPR_FQ": 0.02737425669691637, "FPR_TQ": 0.07996043384746329}