{"acc_dict": {"0": [0.84375, 0.7395833333333334, 0.7083333333333334, 0.7395833333333334, 0.6979166666666666, 0.6979166666666666, 0.6979166666666666, 0.7708333333333334, 0.8229166666666666, 0.84375, 0.8020833333333334], "1": [0.8173076923076923, 0.7307692307692307, 0.6826923076923077, 0.7980769230769231, 0.7980769230769231, 0.7788461538461539, 0.7788461538461539, 0.8173076923076923, 0.7884615384615384, 0.7884615384615384, 0.8173076923076923], "overall": [0.83, 0.735, 0.695, 0.77, 0.75, 0.74, 0.74, 0.795, 0.805, 0.815, 0.81]}, "pred_dict": {"0": [0.2403846153846154, 0.38461538461538464, 0.47115384615384615, 0.2980769230769231, 0.20192307692307693, 0.16346153846153846, 0.16346153846153846, 0.25961538461538464, 0.28846153846153844, 0.28846153846153844, 0.25961538461538464], "1": [0.15625, 0.34375, 0.3958333333333333, 0.3645833333333333, 0.40625, 0.40625, 0.40625, 0.2708333333333333, 0.19791666666666666, 0.17708333333333334, 0.21875], "overall": [0.2, 0.365, 0.435, 0.33, 0.3, 0.28, 0.28, 0.265, 0.245, 0.235, 0.24]}, "util": [0.05, 0.0025, -0.0175, 0.02, 0.01, 0.005, 0.005, 0.0325, 0.0375, 0.0425, 0.04], "DP": [0.08413461538461539, 0.04086538461538464, 0.07532051282051283, 0.06650641025641024, 0.20432692307692307, 0.24278846153846154, 0.24278846153846154, 0.011217948717948678, 0.09054487179487178, 0.1113782051282051, 0.04086538461538464], "EOP": [0.08333333333333337, 0.05555555555555558, 0.05555555555555558, 0.13888888888888895, 0.2777777777777778, 0.3611111111111111, 0.3611111111111111, 0.0, 0.05555555555555558, 0.05555555555555558, 0.05555555555555558]}