{"UTIL": {"mean": 0.020681818181818187, "FQ": 0.005, "TQ": 0.03875, "STD": 0.020284647942440618, "Q025": -0.0125, "Q975": 0.04812500000000001}, "ACC": {"mean": 0.7713636363636364, "FQ": 0.74, "TQ": 0.8075000000000001, "STD": 0.04056929588488124, "Q025": 0.705, "Q975": 0.8262499999999999}, "DP": {"mean": 0.1100670163170163, "FQ": 0.05368589743589744, "TQ": 0.1578525641025641, "STD": 0.07840682516547719, "Q025": 0.018629807692307668, "Q975": 0.24278846153846154}, "EOP": {"mean": 0.13636363636363638, "FQ": 0.05555555555555558, "TQ": 0.20833333333333337, "STD": 0.12616157572522016, "Q025": 0.013888888888888895, "Q975": 0.3611111111111111}}