{"UTIL_mean": -0.01575, "UTIL_FQ": -0.05, "UTIL_TQ": 0.025, "ACC_mean": 0.6685, "ACC_FQ": 0.6, "ACC_TQ": 0.75, "DP_mean": 0.2073737373737374, "DP_FQ": 0.01010101010101011, "DP_TQ": 0.3333333333333333, "EOP_mean": 0.245, "EOP_FQ": 0.0, "EOP_TQ": 0.25, "UTIL_STD": 0.06934109531872135, "ACC_STD": 0.1386821906374427, "DP_STD": 0.17877620803088495, "EOP_STD": 0.23178653972998517, "UTIL_Q025": -0.2, "UTIL_Q975": 0.075, "ACC_Q025": 0.3, "ACC_Q975": 0.85, "DP_Q025": 0.0, "DP_Q975": 0.6171717171717168, "EOP_Q025": 0.0, "EOP_Q975": 0.75}