{"acc_dict": {"0": [0.7604166666666666, 0.875, 0.8541666666666666, 0.8125, 0.7708333333333334, 0.8541666666666666, 0.8229166666666666, 0.875, 0.8125, 0.8958333333333334, 0.8541666666666666], "1": [0.6538461538461539, 0.8557692307692307, 0.8461538461538461, 0.8269230769230769, 0.8365384615384616, 0.8076923076923077, 0.8269230769230769, 0.8461538461538461, 0.7788461538461539, 0.75, 0.7403846153846154], "overall": [0.705, 0.865, 0.85, 0.82, 0.805, 0.83, 0.825, 0.86, 0.795, 0.82, 0.795]}, "pred_dict": {"0": [0.15384615384615385, 0.3557692307692308, 0.34615384615384615, 0.25, 0.2403846153846154, 0.23076923076923078, 0.3076923076923077, 0.2692307692307692, 0.27884615384615385, 0.17307692307692307, 0.14423076923076922], "1": [0.0, 0.17708333333333334, 0.09375, 0.052083333333333336, 0.010416666666666666, 0.09375, 0.0625, 0.11458333333333333, 0.052083333333333336, 0.13541666666666666, 0.09375], "overall": [0.08, 0.27, 0.225, 0.155, 0.13, 0.165, 0.19, 0.195, 0.17, 0.155, 0.12]}, "util": [0.015, 0.095, 0.0875, 0.0725, 0.065, 0.0775, 0.075, 0.0925, 0.06, 0.0725, 0.06], "DP": [0.15384615384615385, 0.17868589743589744, 0.25240384615384615, 0.19791666666666666, 0.22996794871794873, 0.13701923076923078, 0.2451923076923077, 0.1546474358974359, 0.2267628205128205, 0.037660256410256415, 0.05048076923076922], "EOP": [0.2619047619047619, 0.15320910973084878, 0.34679089026915116, 0.3778467908902692, 0.55175983436853, 0.1563146997929607, 0.40579710144927533, 0.1645962732919255, 0.35403726708074534, 0.16045548654244302, 0.03416149068322982]}