{"UTIL": {"mean": 0.07022727272727272, "FQ": 0.0625, "TQ": 0.08249999999999999, "STD": 0.020847240537215685, "Q025": 0.02625, "Q975": 0.09437500000000001}, "ACC": {"mean": 0.8154545454545455, "FQ": 0.8, "TQ": 0.84, "STD": 0.04169448107443137, "Q025": 0.7274999999999999, "Q975": 0.8637499999999999}, "DP": {"mean": 0.16950757575757575, "FQ": 0.14543269230769232, "TQ": 0.22836538461538464, "STD": 0.0697382123133769, "Q025": 0.040865384615384616, "Q975": 0.25060096153846156}, "EOP": {"mean": 0.26971579145492186, "FQ": 0.15838509316770186, "TQ": 0.36594202898550726, "STD": 0.143899694490863, "Q025": 0.06392339544513456, "Q975": 0.5152691511387164}}