{"acc_dict": {"0": [0.78125, 0.7916666666666666, 0.7395833333333334, 0.7916666666666666, 0.8229166666666666, 0.8125, 0.71875, 0.6354166666666666, 0.59375, 0.6666666666666666, 0.6666666666666666], "1": [0.7596153846153846, 0.7692307692307693, 0.75, 0.7980769230769231, 0.7884615384615384, 0.7788461538461539, 0.5769230769230769, 0.6538461538461539, 0.5384615384615384, 0.6442307692307693, 0.6538461538461539], "overall": [0.77, 0.78, 0.745, 0.795, 0.805, 0.795, 0.645, 0.645, 0.565, 0.655, 0.66]}, "pred_dict": {"0": [0.25961538461538464, 0.28846153846153844, 0.3076923076923077, 0.2980769230769231, 0.2692307692307692, 0.25961538461538464, 0.46153846153846156, 0.36538461538461536, 0.4423076923076923, 0.04807692307692308, 0.057692307692307696], "1": [0.3125, 0.2604166666666667, 0.2916666666666667, 0.3020833333333333, 0.2916666666666667, 0.3229166666666667, 0.4375, 0.3333333333333333, 0.3958333333333333, 0.052083333333333336, 0.07291666666666667], "overall": [0.285, 0.275, 0.3, 0.3, 0.28, 0.29, 0.45, 0.35, 0.42, 0.05, 0.065]}, "util": [0.0475, 0.0525, 0.035, 0.06, 0.065, 0.06, -0.015, -0.015, -0.055, -0.01, -0.0075], "DP": [0.05288461538461536, 0.02804487179487175, 0.016025641025641024, 0.004006410256410242, 0.022435897435897467, 0.06330128205128205, 0.024038461538461564, 0.03205128205128205, 0.046474358974358976, 0.004006410256410256, 0.015224358974358976], "EOP": [0.12739463601532564, 0.002873563218390718, 0.031609195402298895, 0.016283524904214586, 0.10632183908045978, 0.16858237547892718, 0.2030651340996168, 0.07950191570881227, 0.010536398467432984, 0.021072796934865898, 0.01436781609195402]}