{"UTIL": {"mean": 0.019772727272727275, "FQ": -0.0125, "TQ": 0.056249999999999994, "STD": 0.03930438538819557, "Q025": -0.045, "Q975": 0.06375}, "ACC": {"mean": 0.7145454545454546, "FQ": 0.65, "TQ": 0.7875000000000001, "STD": 0.07860877077639117, "Q025": 0.585, "Q975": 0.8025}, "DP": {"mean": 0.028044871794871792, "FQ": 0.015625, "TQ": 0.03926282051282051, "STD": 0.018408889371105266, "Q025": 0.004006410256410246, "Q975": 0.06069711538461538}, "EOP": {"mean": 0.07105538140020898, "FQ": 0.015325670498084303, "TQ": 0.11685823754789271, "STD": 0.06742421487156991, "Q025": 0.004789272030651284, "Q975": 0.1944444444444444}}