{"UTIL_mean": -0.05, "UTIL_FQ": -0.05, "UTIL_TQ": -0.05, "ACC_mean": 0.75, "ACC_FQ": 0.75, "ACC_TQ": 0.75, "DP_mean": 0.020202020202020193, "DP_FQ": 0.020202020202020193, "DP_TQ": 0.020202020202020193, "EOP_mean": 0.0, "EOP_FQ": 0.0, "EOP_TQ": 0.0, "UTIL_STD": 0.0, "ACC_STD": 0.0, "DP_STD": 0.0, "EOP_STD": 0.0, "UTIL_Q025": -0.05, "UTIL_Q975": -0.05, "ACC_Q025": 0.75, "ACC_Q975": 0.75, "DP_Q025": 0.020202020202020193, "DP_Q975": 0.020202020202020193, "EOP_Q025": 0.0, "EOP_Q975": 0.0}