{"acc_dict": {"0": [0.7272727272727273], "1": [0.7777777777777778], "overall": [0.75]}, "pred_dict": {"0": [0.1111111111111111], "1": [0.09090909090909091], "overall": [0.1]}, "util": [-0.05], "DP": [0.020202020202020193], "EOP": [0.0]}