{"UTIL_mean": 0.015625, "UTIL_FQ": 0.0, "UTIL_TQ": 0.0, "ACC_mean": 0.53125, "ACC_FQ": 0.5, "ACC_TQ": 0.5, "DP_mean": 0.5125, "DP_FQ": 0.0, "DP_TQ": 1.0, "EOP_mean": 0.45, "EOP_FQ": 0.0, "EOP_TQ": 1.0, "UTIL_STD": 0.07228145941387736, "ACC_STD": 0.1445629188277547, "DP_STD": 0.46080771477916904, "EOP_STD": 0.49749371855331004, "UTIL_Q025": -0.125, "UTIL_Q975": 0.25, "ACC_Q025": 0.25, "ACC_Q975": 1.0, "DP_Q025": 0.0, "DP_Q975": 1.0, "EOP_Q025": 0.0, "EOP_Q975": 1.0}