{"acc_dict": {"0": [0.7834179357021996, 0.7851099830795262, 0.7952622673434856, 0.7834179357021996, 0.7952622673434856, 0.7918781725888325], "1": [0.7077175697865353, 0.7733990147783252, 0.7668308702791461, 0.7044334975369458, 0.7848932676518884, 0.7553366174055829], "overall": [0.745, 0.7791666666666667, 0.7808333333333334, 0.7433333333333333, 0.79, 0.7733333333333333]}, "pred_dict": {"0": [0.26903553299492383, 0.2639593908629442, 0.22673434856175972, 0.2859560067681895, 0.22673434856175972, 0.1996615905245347], "1": [0.11986863711001643, 0.29064039408866993, 0.14614121510673234, 0.4975369458128079, 0.27257799671592775, 0.3842364532019704], "overall": [0.19333333333333333, 0.2775, 0.18583333333333332, 0.3933333333333333, 0.25, 0.29333333333333333]}, "util": [0.023333333333333334, 0.04041666666666666, 0.04125, 0.0225, 0.04583333333333333, 0.0375], "DP": [0.1491668958849074, 0.026681003225725752, 0.08059313345502739, 0.2115809390446184, 0.045843648154168026, 0.18457486267743572], "FPR": [0.12744738410747858, 0.040121050942271544, 0.11795588977027834, 0.16200880370489246, 0.032463661791003726, 0.09442202760328304]}