{"cum-loop-time": [6.746056795120239, 7.529010772705078, 8.539214849472046, 9.541416645050049, 10.676068544387817, 11.592809677124023, 13.479160785675049, 15.006171464920044, 17.01721453666687, 18.850951433181763, 20.659659147262573], "cum-varOracle-time": [6.572152137756348, 7.325067043304443, 8.304848909378052, 9.278182983398438, 10.386048078536987, 11.275366067886353, 13.132175922393799, 14.624654769897461, 16.604783535003662, 18.406663417816162, 20.182048320770264], "num_lossOracle_calls": 11, "num_varOracle_calls": 20, "num_var_policies added": [10, 0, 0, 0, 0, 0, 0, 0, 0, 0, 0]}