{"UTIL": {"mean": -0.003958333333333332, "FQ": -0.03125, "TQ": 0.036250000000000004, "STD": 0.056221829365667414, "Q025": -0.1279375, "Q975": 0.045}, "ACC": {"mean": 0.7620833333333333, "FQ": 0.7075, "TQ": 0.8425, "STD": 0.11244365873133481, "Q025": 0.5141249999999999, "Q975": 0.86}, "DP": {"mean": 0.08940972222222222, "FQ": 0.023237179487179502, "TQ": 0.13120993589743596, "STD": 0.07344268966855205, "Q025": 0.0, "Q975": 0.22742387820512816}, "EOP": {"mean": 0.13302907369844488, "FQ": 0.012170385395537497, "TQ": 0.1698782961460446, "STD": 0.13217169472998827, "Q025": 0.0, "Q975": 0.4108519269776876}}