{"acc_dict": {"0": [0.875, 0.8645833333333334, 0.84375, 0.8333333333333334, 0.875, 0.8229166666666666, 0.7708333333333334, 0.7604166666666666, 0.5104166666666666, 0.8229166666666666, 0.8229166666666666, 0.75], "1": [0.8461538461538461, 0.8557692307692307, 0.8269230769230769, 0.8461538461538461, 0.8269230769230769, 0.8269230769230769, 0.6346153846153846, 0.5865384615384616, 0.40384615384615385, 0.7211538461538461, 0.7211538461538461, 0.6730769230769231], "overall": [0.86, 0.86, 0.835, 0.84, 0.85, 0.825, 0.7, 0.67, 0.455, 0.77, 0.77, 0.71]}, "pred_dict": {"0": [0.25961538461538464, 0.25, 0.18269230769230768, 0.25961538461538464, 0.18269230769230768, 0.18269230769230768, 0.4519230769230769, 0.46153846153846156, 0.5480769230769231, 0.0, 0.0, 0.16346153846153846], "1": [0.13541666666666666, 0.14583333333333334, 0.16666666666666666, 0.17708333333333334, 0.13541666666666666, 0.20833333333333334, 0.34375, 0.20833333333333334, 0.3958333333333333, 0.0, 0.0, 0.3229166666666667], "overall": [0.2, 0.2, 0.175, 0.22, 0.16, 0.195, 0.4, 0.34, 0.475, 0.0, 0.0, 0.24]}, "util": [0.045, 0.045, 0.0325, 0.035, 0.04, 0.0275, -0.035, -0.05, -0.1575, 0.0, 0.0, -0.03], "DP": [0.12419871794871798, 0.10416666666666666, 0.016025641025641024, 0.0825320512820513, 0.047275641025641024, 0.02564102564102566, 0.10817307692307693, 0.2532051282051282, 0.1522435897435898, 0.0, 0.0, 0.15945512820512822], "EOP": [0.1602434077079108, 0.1602434077079108, 0.012170385395537497, 0.1602434077079108, 0.012170385395537497, 0.07099391480730222, 0.16835699797160242, 0.17444219066937117, 0.17849898580121704, 0.0, 0.0, 0.4989858012170386]}