{"ACC": {"0": [0.8036437246963563, 0.8016194331983806, 0.8036437246963563, 0.7975708502024291, 0.8036437246963563, 0.791497975708502, 0.7793522267206477, 0.8016194331983806, 0.7773279352226721, 0.791497975708502, 0.7975708502024291, 0.7510121457489879], "1": [0.7885375494071146, 0.7806324110671937, 0.782608695652174, 0.7747035573122529, 0.8122529644268774, 0.8162055335968379, 0.733201581027668, 0.7628458498023716, 0.7312252964426877, 0.7885375494071146, 0.7707509881422925, 0.7549407114624506], "overall": [0.796, 0.791, 0.793, 0.786, 0.808, 0.804, 0.756, 0.782, 0.754, 0.79, 0.784, 0.753]}, "mean_pred": {"0": [0.2813765182186235, 0.26720647773279355, 0.2651821862348178, 0.27530364372469635, 0.2651821862348178, 0.22064777327935223, 0.3299595141700405, 0.2834008097165992, 0.3684210526315789, 0.2732793522267207, 0.3076923076923077, 0.2975708502024291], "1": [0.1956521739130435, 0.2075098814229249, 0.2015810276679842, 0.22529644268774704, 0.16403162055335968, 0.1442687747035573, 0.29051383399209485, 0.2450592885375494, 0.30039525691699603, 0.2075098814229249, 0.22134387351778656, 0.2490118577075099], "overall": [0.238, 0.237, 0.233, 0.25, 0.214, 0.182, 0.31, 0.264, 0.334, 0.24, 0.264, 0.273]}, "Utility": [0.04, 0.0375, 0.0385, 0.035, 0.046, 0.044, 0.02, 0.033, 0.019, 0.037, 0.034, 0.0185], "DP": [0.08572434430557999, 0.05969659630986865, 0.06360115856683363, 0.050007201036949306, 0.10115056568145814, 0.07637899857579492, 0.03944568017794564, 0.03834152117904979, 0.06802579571458289, 0.06576947080379578, 0.08634843417452115, 0.04855899249491924], "TPR": [0.1563552188552188, 0.12436868686868685, 0.1336279461279461, 0.10227272727272729, 0.15214646464646464, 0.1096380471380472, 0.09785353535353536, 0.10079966329966328, 0.13047138047138052, 0.10016835016835018, 0.16624579124579125, 0.05892255892255893], "EO": [0.1563552188552188, 0.12436868686868685, 0.1336279461279461, 0.10227272727272729, 0.15214646464646464, 0.1096380471380472, 0.09785353535353536, 0.10079966329966328, 0.13047138047138052, 0.10016835016835018, 0.16624579124579125, 0.05892255892255893]}