{"ACC_mean": 0.775, "mean_pred_mean": 0.3175, "Utility_mean": 0.037083333333333336, "DP_mean": 0.09216240320738833}