{"ACC": {"0": [0.7783251231527094], "1": [0.7715736040609137], "overall": [0.775]}, "mean_pred": {"0": [0.2707275803722504], "1": [0.36288998357963875], "overall": [0.3175]}, "Utility": [0.037083333333333336], "DP": [0.09216240320738833]}