{"UTIL_mean": -0.053, "UTIL_FQ": -0.075, "UTIL_TQ": 0.0, "ACC_mean": 0.5939999999999999, "ACC_FQ": 0.55, "ACC_TQ": 0.7, "DP_mean": 0.18222222222222226, "DP_FQ": 0.007575757575757583, "DP_TQ": 0.2525252525252525, "EOP_mean": 0.03, "EOP_FQ": 0.0, "EOP_TQ": 0.0, "UTIL_STD": 0.05353503525729669, "ACC_STD": 0.10707007051459337, "DP_STD": 0.12208373488151537, "EOP_STD": 0.11638060166730725, "UTIL_Q025": -0.188125, "UTIL_Q975": 0.075, "ACC_Q025": 0.32375, "ACC_Q975": 0.85, "DP_Q025": 0.0, "DP_Q975": 0.36363636363636365, "EOP_Q025": 0.0, "EOP_Q975": 0.3333333333333333}