{"acc_dict": {"0": [0.6363636363636364, 0.5454545454545454, 0.6363636363636364, 0.7272727272727273, 0.6363636363636364, 0.7272727272727273, 0.6363636363636364, 0.6363636363636364, 0.6363636363636364, 0.6363636363636364, 0.6363636363636364, 0.6363636363636364, 0.6363636363636364, 0.6363636363636364, 0.6363636363636364, 0.8181818181818182, 0.6363636363636364, 0.2727272727272727, 0.6363636363636364, 0.6363636363636364, 0.6363636363636364, 0.6363636363636364, 0.7272727272727273, 0.6363636363636364, 0.6363636363636364, 0.6363636363636364, 0.7272727272727273, 0.7272727272727273, 0.6363636363636364, 0.7272727272727273, 0.7272727272727273, 0.2727272727272727, 0.6363636363636364, 0.6363636363636364, 0.6363636363636364, 0.8181818181818182, 0.6363636363636364, 0.6363636363636364, 0.6363636363636364, 0.8181818181818182, 0.7272727272727273, 0.6363636363636364, 0.7272727272727273, 0.7272727272727273, 0.7272727272727273, 0.6363636363636364, 0.8181818181818182, 0.6363636363636364, 0.6363636363636364, 0.6363636363636364, 0.6363636363636364, 0.6363636363636364, 0.6363636363636364, 0.6363636363636364, 0.6363636363636364, 0.7272727272727273, 0.6363636363636364, 0.7272727272727273, 0.6363636363636364, 0.7272727272727273, 0.7272727272727273, 0.6363636363636364, 0.6363636363636364, 0.6363636363636364, 0.6363636363636364, 0.6363636363636364, 0.6363636363636364, 0.7272727272727273, 0.7272727272727273, 0.7272727272727273, 0.7272727272727273, 0.8181818181818182, 0.6363636363636364, 0.6363636363636364, 0.6363636363636364, 0.6363636363636364, 0.2727272727272727, 0.36363636363636365, 0.6363636363636364, 0.7272727272727273, 0.6363636363636364, 0.8181818181818182, 0.6363636363636364, 0.6363636363636364, 0.6363636363636364, 0.6363636363636364, 0.7272727272727273, 0.7272727272727273, 0.6363636363636364, 0.7272727272727273, 0.6363636363636364, 0.6363636363636364, 0.6363636363636364, 0.6363636363636364, 0.7272727272727273, 0.8181818181818182, 0.6363636363636364, 0.6363636363636364, 0.7272727272727273, 0.6363636363636364], "1": [0.4444444444444444, 0.3333333333333333, 0.4444444444444444, 0.6666666666666666, 0.4444444444444444, 0.6666666666666666, 0.4444444444444444, 0.4444444444444444, 0.3333333333333333, 0.4444444444444444, 0.3333333333333333, 0.4444444444444444, 0.4444444444444444, 0.4444444444444444, 0.4444444444444444, 0.6666666666666666, 0.4444444444444444, 0.3333333333333333, 0.4444444444444444, 0.4444444444444444, 0.5555555555555556, 0.4444444444444444, 0.4444444444444444, 0.4444444444444444, 0.4444444444444444, 0.4444444444444444, 0.6666666666666666, 0.6666666666666666, 0.4444444444444444, 0.6666666666666666, 0.6666666666666666, 0.3333333333333333, 0.3333333333333333, 0.4444444444444444, 0.4444444444444444, 0.7777777777777778, 0.4444444444444444, 0.4444444444444444, 0.4444444444444444, 0.6666666666666666, 0.6666666666666666, 0.4444444444444444, 0.6666666666666666, 0.6666666666666666, 0.6666666666666666, 0.4444444444444444, 0.8888888888888888, 0.4444444444444444, 0.4444444444444444, 0.4444444444444444, 0.3333333333333333, 0.5555555555555556, 0.4444444444444444, 0.4444444444444444, 0.4444444444444444, 0.6666666666666666, 0.4444444444444444, 0.6666666666666666, 0.5555555555555556, 0.6666666666666666, 0.6666666666666666, 0.4444444444444444, 0.4444444444444444, 0.4444444444444444, 0.4444444444444444, 0.4444444444444444, 0.4444444444444444, 0.6666666666666666, 0.6666666666666666, 0.6666666666666666, 0.6666666666666666, 0.8888888888888888, 0.4444444444444444, 0.4444444444444444, 0.4444444444444444, 0.4444444444444444, 0.3333333333333333, 0.3333333333333333, 0.4444444444444444, 0.6666666666666666, 0.4444444444444444, 0.8888888888888888, 0.4444444444444444, 0.4444444444444444, 0.3333333333333333, 0.3333333333333333, 0.6666666666666666, 0.6666666666666666, 0.4444444444444444, 0.6666666666666666, 0.5555555555555556, 0.4444444444444444, 0.4444444444444444, 0.4444444444444444, 0.6666666666666666, 1.0, 0.4444444444444444, 0.4444444444444444, 0.6666666666666666, 0.4444444444444444], "overall": [0.55, 0.45, 0.55, 0.7, 0.55, 0.7, 0.55, 0.55, 0.5, 0.55, 0.5, 0.55, 0.55, 0.55, 0.55, 0.75, 0.55, 0.3, 0.55, 0.55, 0.6, 0.55, 0.6, 0.55, 0.55, 0.55, 0.7, 0.7, 0.55, 0.7, 0.7, 0.3, 0.5, 0.55, 0.55, 0.8, 0.55, 0.55, 0.55, 0.75, 0.7, 0.55, 0.7, 0.7, 0.7, 0.55, 0.85, 0.55, 0.55, 0.55, 0.5, 0.6, 0.55, 0.55, 0.55, 0.7, 0.55, 0.7, 0.6, 0.7, 0.7, 0.55, 0.55, 0.55, 0.55, 0.55, 0.55, 0.7, 0.7, 0.7, 0.7, 0.85, 0.55, 0.55, 0.55, 0.55, 0.3, 0.35, 0.55, 0.7, 0.55, 0.85, 0.55, 0.55, 0.5, 0.5, 0.7, 0.7, 0.55, 0.7, 0.6, 0.55, 0.55, 0.55, 0.7, 0.9, 0.55, 0.55, 0.7, 0.55]}, "pred_dict": {"0": [0.8888888888888888, 1.0, 0.8888888888888888, 0.0, 0.8888888888888888, 0.0, 0.8888888888888888, 0.8888888888888888, 1.0, 0.8888888888888888, 1.0, 0.8888888888888888, 0.8888888888888888, 0.8888888888888888, 0.8888888888888888, 0.0, 0.8888888888888888, 1.0, 0.8888888888888888, 0.8888888888888888, 0.7777777777777778, 0.8888888888888888, 0.8888888888888888, 0.8888888888888888, 0.8888888888888888, 0.8888888888888888, 0.0, 0.0, 0.8888888888888888, 0.0, 0.0, 1.0, 1.0, 0.8888888888888888, 0.8888888888888888, 0.1111111111111111, 0.8888888888888888, 0.8888888888888888, 0.8888888888888888, 0.0, 0.0, 0.8888888888888888, 0.0, 0.0, 0.0, 0.8888888888888888, 0.2222222222222222, 0.8888888888888888, 0.8888888888888888, 0.8888888888888888, 1.0, 0.7777777777777778, 0.8888888888888888, 0.8888888888888888, 0.8888888888888888, 0.0, 0.8888888888888888, 0.4444444444444444, 0.7777777777777778, 0.0, 0.0, 0.8888888888888888, 0.8888888888888888, 0.8888888888888888, 0.8888888888888888, 0.8888888888888888, 0.8888888888888888, 0.0, 0.0, 0.2222222222222222, 0.0, 0.4444444444444444, 0.8888888888888888, 0.8888888888888888, 0.8888888888888888, 0.8888888888888888, 1.0, 1.0, 0.8888888888888888, 0.0, 0.8888888888888888, 0.2222222222222222, 0.8888888888888888, 0.8888888888888888, 1.0, 1.0, 0.0, 0.0, 0.8888888888888888, 0.0, 0.7777777777777778, 0.8888888888888888, 0.8888888888888888, 0.8888888888888888, 0.0, 0.3333333333333333, 0.8888888888888888, 0.8888888888888888, 0.0, 0.8888888888888888], "1": [0.6363636363636364, 0.7272727272727273, 0.6363636363636364, 0.0, 0.6363636363636364, 0.0, 0.6363636363636364, 0.6363636363636364, 0.6363636363636364, 0.6363636363636364, 0.6363636363636364, 0.6363636363636364, 0.6363636363636364, 0.6363636363636364, 0.6363636363636364, 0.09090909090909091, 0.6363636363636364, 1.0, 0.6363636363636364, 0.6363636363636364, 0.6363636363636364, 0.6363636363636364, 0.5454545454545454, 0.6363636363636364, 0.6363636363636364, 0.6363636363636364, 0.0, 0.0, 0.6363636363636364, 0.0, 0.0, 1.0, 0.6363636363636364, 0.6363636363636364, 0.6363636363636364, 0.09090909090909091, 0.6363636363636364, 0.6363636363636364, 0.6363636363636364, 0.09090909090909091, 0.0, 0.6363636363636364, 0.0, 0.0, 0.0, 0.6363636363636364, 0.09090909090909091, 0.6363636363636364, 0.6363636363636364, 0.6363636363636364, 0.6363636363636364, 0.6363636363636364, 0.6363636363636364, 0.6363636363636364, 0.6363636363636364, 0.0, 0.6363636363636364, 0.0, 0.6363636363636364, 0.0, 0.0, 0.6363636363636364, 0.6363636363636364, 0.6363636363636364, 0.6363636363636364, 0.6363636363636364, 0.6363636363636364, 0.0, 0.0, 0.0, 0.0, 0.45454545454545453, 0.6363636363636364, 0.6363636363636364, 0.6363636363636364, 0.6363636363636364, 1.0, 0.9090909090909091, 0.6363636363636364, 0.0, 0.6363636363636364, 0.09090909090909091, 0.6363636363636364, 0.6363636363636364, 0.6363636363636364, 0.6363636363636364, 0.0, 0.0, 0.6363636363636364, 0.0, 0.6363636363636364, 0.6363636363636364, 0.6363636363636364, 0.6363636363636364, 0.0, 0.09090909090909091, 0.6363636363636364, 0.6363636363636364, 0.0, 0.6363636363636364],