{"UTIL_mean": 0.045, "UTIL_FQ": 0.04041666666666666, "UTIL_TQ": 0.049166666666666664, "ACC_mean": 0.7666666666666666, "ACC_FQ": 0.7575, "ACC_TQ": 0.775, "DP_mean": 0.0923207721737391, "DP_FQ": 0.02990672901402819, "DP_TQ": 0.15400965217173868, "FPR_mean": 0.0933213974703278, "FPR_FQ": 0.025205376010133312, "FPR_TQ": 0.11024839992448737}