{"acc_dict": {"0": [0.7851099830795262, 0.7766497461928934, 0.8020304568527918, 0.7614213197969543, 0.6988155668358714], "1": [0.7307060755336617, 0.7733990147783252, 0.7865353037766831, 0.7733990147783252, 0.7783251231527094], "overall": [0.7575, 0.775, 0.7941666666666667, 0.7675, 0.7391666666666666]}, "pred_dict": {"0": [0.2893401015228426, 0.32148900169204736, 0.23519458544839256, 0.34686971235194586, 0.4500846023688663], "1": [0.4433497536945813, 0.35139573070607555, 0.2922824302134647, 0.3284072249589491, 0.24794745484400657], "overall": [0.3675, 0.33666666666666667, 0.26416666666666666, 0.3375, 0.3475]}, "util": [0.04041666666666666, 0.049166666666666664, 0.05875, 0.04541666666666667, 0.03125], "DP": [0.15400965217173868, 0.02990672901402819, 0.057087844765072115, 0.018462487392996774, 0.20213714752485976], "FPR": [0.11024839992448737, 0.025205376010133312, 0.00638203287234107, 0.07142030680039704, 0.2533508717442802]}