{"ACC_mean": 0.7883333333333333, "mean_pred_mean": 0.2225, "Utility_mean": 0.04541666666666667, "DP_mean": 0.08167671059321682}