{"ACC": {"0": [0.7996715927750411], "1": [0.7766497461928934], "overall": [0.7883333333333333]}, "mean_pred": {"0": [0.18104906937394247], "1": [0.2627257799671593], "overall": [0.2225]}, "Utility": [0.04541666666666667], "DP": [0.08167671059321682]}