{"UTIL_mean": 0.04975, "UTIL_FQ": 0.04791666666666667, "UTIL_TQ": 0.05458333333333333, "ACC_mean": 0.7761666666666667, "ACC_FQ": 0.7725, "ACC_TQ": 0.7858333333333334, "DP_mean": 0.0767789419286006, "DP_FQ": 0.038016887132938215, "DP_TQ": 0.12095221424820586, "FPR_mean": 0.07896686159844055, "FPR_FQ": 0.052144249512670576, "FPR_TQ": 0.11810428849902535}