{"acc_dict": {"0": [0.7952622673434856, 0.754653130287648, 0.7461928934010152, 0.8138747884940778, 0.7918781725888325], "1": [0.7733990147783252, 0.7471264367816092, 0.7980295566502463, 0.7586206896551724, 0.7832512315270936], "overall": [0.7841666666666667, 0.7508333333333334, 0.7725, 0.7858333333333334, 0.7875]}, "pred_dict": {"0": [0.07445008460236886, 0.34179357021996615, 0.3840947546531303, 0.23181049069373943, 0.2910321489001692], "1": [0.19540229885057472, 0.30377668308702793, 0.3415435139573071, 0.41379310344827586, 0.29064039408866993], "overall": [0.13583333333333333, 0.3225, 0.3625, 0.32416666666666666, 0.29083333333333333]}, "util": [0.05375, 0.037083333333333336, 0.04791666666666667, 0.05458333333333333, 0.05541666666666667], "DP": [0.12095221424820586, 0.038016887132938215, 0.04255124069582322, 0.18198261275453642, 0.0003917548114992786], "FPR": [0.029897660818713447, 0.07285575048732942, 0.11810428849902535, 0.12183235867446394, 0.052144249512670576]}