{"UTIL": {"mean": 0.05113636363636364, "FQ": 0.04875, "TQ": 0.0575, "STD": 0.008684078715701274, "Q025": 0.0325, "Q975": 0.06}, "ACC": {"mean": 0.8072727272727274, "FQ": 0.8025, "TQ": 0.82, "STD": 0.017368157431402527, "Q025": 0.77, "Q975": 0.825}, "DP": {"mean": 0.11385489510489509, "FQ": 0.08052884615384616, "TQ": 0.15745192307692307, "STD": 0.05572899992209364, "Q025": 0.01782852564102564, "Q975": 0.17628205128205132}, "EOP": {"mean": 0.14152393500219587, "FQ": 0.07367149758454106, "TQ": 0.20772946859903385, "STD": 0.07581340670563022, "Q025": 0.03592995169082128, "Q975": 0.24818840579710144}}