{"acc_dict": {"0": [0.8229166666666666, 0.8229166666666666, 0.8125, 0.8645833333333334, 0.8125, 0.8125, 0.8541666666666666, 0.8541666666666666, 0.84375, 0.84375, 0.84375], "1": [0.7980769230769231, 0.7019230769230769, 0.7980769230769231, 0.7788461538461539, 0.7980769230769231, 0.8076923076923077, 0.7980769230769231, 0.75, 0.8076923076923077, 0.7980769230769231, 0.7596153846153846], "overall": [0.81, 0.76, 0.805, 0.82, 0.805, 0.81, 0.825, 0.8, 0.825, 0.82, 0.8]}, "pred_dict": {"0": [0.20192307692307693, 0.41346153846153844, 0.2980769230769231, 0.125, 0.20192307692307693, 0.15384615384615385, 0.3173076923076923, 0.3076923076923077, 0.2692307692307692, 0.25961538461538464, 0.25961538461538464], "1": [0.0625, 0.2708333333333333, 0.28125, 0.14583333333333334, 0.2604166666666667, 0.28125, 0.19791666666666666, 0.13541666666666666, 0.16666666666666666, 0.08333333333333333, 0.08333333333333333], "overall": [0.135, 0.345, 0.29, 0.135, 0.23, 0.215, 0.26, 0.225, 0.22, 0.175, 0.175]}, "util": [0.0525, 0.0275, 0.05, 0.0575, 0.05, 0.0525, 0.06, 0.0475, 0.06, 0.0575, 0.0475], "DP": [0.13942307692307693, 0.14262820512820512, 0.016826923076923073, 0.020833333333333343, 0.05849358974358976, 0.12740384615384615, 0.11939102564102563, 0.17227564102564105, 0.10256410256410256, 0.17628205128205132, 0.17628205128205132], "EOP": [0.2391304347826087, 0.02898550724637683, 0.05676328502415462, 0.1606280193236715, 0.15217391304347827, 0.25120772946859904, 0.05797101449275355, 0.10507246376811596, 0.08937198067632857, 0.23550724637681164, 0.17995169082125606]}