{"UTIL_mean": 0.043166666666666666, "UTIL_FQ": 0.03875, "UTIL_TQ": 0.050416666666666665, "ACC_mean": 0.7888333333333334, "ACC_FQ": 0.78, "ACC_TQ": 0.8033333333333333, "DP_mean": 0.07570369999916648, "DP_FQ": 0.005292857559617559, "DP_TQ": 0.10621556516882966, "FPR_mean": 0.08231278655119714, "FPR_FQ": 0.07632874851417898, "FPR_TQ": 0.09746985905926303}