{"acc_dict": {"0": [0.7681895093062606, 0.7681895093062606, 0.8341793570219966, 0.7445008460236887, 0.8003384094754653], "1": [0.8144499178981938, 0.7914614121510674, 0.819376026272578, 0.7405582922824302, 0.80623973727422], "overall": [0.7916666666666666, 0.78, 0.8266666666666667, 0.7425, 0.8033333333333333]}, "pred_dict": {"0": [0.26903553299492383, 0.272419627749577, 0.12859560067681894, 0.30287648054145516, 0.2098138747884941], "1": [0.27257799671592775, 0.18719211822660098, 0.2348111658456486, 0.48111658456486045, 0.21510673234811165], "overall": [0.2708333333333333, 0.22916666666666666, 0.1825, 0.3933333333333333, 0.2125]}, "util": [0.044583333333333336, 0.03875, 0.06208333333333333, 0.02, 0.050416666666666665], "DP": [0.003542463721003919, 0.08522750952297603, 0.10621556516882966, 0.1782401040234053, 0.005292857559617559], "FPR": [0.09746985905926303, 0.14839531329597555, 0.0038546442519952415, 0.08551536763457293, 0.07632874851417898]}