{"UTIL": {"mean": -0.13141025641025642, "FQ": -0.25, "TQ": 0.0, "STD": 0.11992491624275453, "Q025": -0.25, "Q975": 0.0}, "ACC": {"mean": 0.48717948717948717, "FQ": 0.25, "TQ": 0.75, "STD": 0.23984983248550906, "Q025": 0.25, "Q975": 0.75}, "DP": {"mean": 0.038461538461538464, "FQ": 0.0, "TQ": 0.0, "STD": 0.13323467750529822, "Q025": 0.0, "Q975": 0.5}, "EOP": {"mean": 0.48717948717948717, "FQ": 0.0, "TQ": 1.0, "STD": 0.4998356074261007, "Q025": 0.0, "Q975": 1.0}}