{"UTIL_mean": 0.0405, "UTIL_FQ": 0.0405, "UTIL_TQ": 0.0405, "ACC_mean": 0.7635, "ACC_FQ": 0.7635, "ACC_TQ": 0.7635, "DP_mean": 0.038734861375237684, "DP_FQ": 0.038734861375237684, "DP_TQ": 0.038734861375237684, "FPR_mean": 0.14273653741783754, "FPR_FQ": 0.14273653741783754, "FPR_TQ": 0.14273653741783754, "UTIL_STD": 0.0, "ACC_STD": 0.0, "DP_STD": 0.0, "FPR_STD": 0.0, "UTIL_Q025": 0.0405, "UTIL_Q975": 0.0405, "ACC_Q025": 0.7635, "ACC_Q975": 0.7635, "DP_Q025": 0.038734861375237684, "DP_Q975": 0.038734861375237684, "FPR_Q025": 0.14273653741783754, "FPR_Q975": 0.14273653741783754}