{"acc_dict": {"0": [0.7206185567010309], "1": [0.8038834951456311], "overall": [0.7635]}, "pred_dict": {"0": [0.3649484536082474], "1": [0.3262135922330097], "overall": [0.345]}, "util": [0.0405], "DP": [0.038734861375237684], "FPR": [0.14273653741783754]}