{"UTIL_mean": -0.24691358024691357, "UTIL_FQ": -0.5, "UTIL_TQ": 0.0, "ACC_mean": 0.5061728395061729, "ACC_FQ": 0.0, "ACC_TQ": 1.0, "DP_mean": 0.037037037037037035, "DP_FQ": 0.0, "DP_TQ": 0.0, "EOP_mean": 0.0, "EOP_FQ": 0.0, "EOP_TQ": 0.0, "UTIL_STD": 0.23568205185941357, "ACC_STD": 0.47136410371882714, "DP_STD": 0.15270761576361708, "EOP_STD": 0.0, "UTIL_Q025": -0.5, "UTIL_Q975": 0.0, "ACC_Q025": 0.0, "ACC_Q975": 1.0, "DP_Q025": 0.0, "DP_Q975": 0.5, "EOP_Q025": 0.0, "EOP_Q975": 0.0}