{"ACC": {"0": [0.8006379585326954, 0.7767145135566188], "1": [0.8481675392670157, 0.8411867364746946], "overall": [0.8233333333333334, 0.8075]}, "mean_pred": {"0": [0.13089005235602094, 0.17975567190226877], "1": [0.22807017543859648, 0.34768740031897927], "overall": [0.18166666666666667, 0.2675]}, "Utility": [0.05583333333333333, 0.04791666666666667], "DP": [0.09718012308257554, 0.1679317284167105]}