{"ACC_mean": 0.8154166666666667, "mean_pred_mean": 0.22458333333333336, "Utility_mean": 0.051875000000000004, "DP_mean": 0.13255592574964303}