{"acc_dict": {"0": [0.7395833333333334, 0.7395833333333334, 0.7395833333333334, 0.8020833333333334, 0.75, 0.8125, 0.7916666666666666, 0.75, 0.75, 0.7395833333333334, 0.7708333333333334], "1": [0.6442307692307693, 0.6442307692307693, 0.6442307692307693, 0.7211538461538461, 0.8269230769230769, 0.6442307692307693, 0.7884615384615384, 0.7596153846153846, 0.8365384615384616, 0.7980769230769231, 0.7884615384615384], "overall": [0.69, 0.69, 0.69, 0.76, 0.79, 0.725, 0.79, 0.755, 0.795, 0.77, 0.78]}, "pred_dict": {"0": [0.0, 0.0, 0.0, 0.34615384615384615, 0.2403846153846154, 0.0, 0.25961538461538464, 0.21153846153846154, 0.23076923076923078, 0.15384615384615385, 0.25961538461538464], "1": [0.0, 0.0, 0.0, 0.16666666666666666, 0.010416666666666666, 0.15625, 0.052083333333333336, 0.052083333333333336, 0.010416666666666666, 0.0, 0.052083333333333336], "overall": [0.0, 0.0, 0.0, 0.26, 0.13, 0.075, 0.16, 0.135, 0.125, 0.08, 0.16]}, "util": [0.0, 0.0, 0.0, 0.035, 0.05, 0.0175, 0.05, 0.0325, 0.0525, 0.04, 0.045], "DP": [0.0, 0.0, 0.0, 0.1794871794871795, 0.22996794871794873, 0.15625, 0.2075320512820513, 0.1594551282051282, 0.22035256410256412, 0.15384615384615385, 0.2075320512820513], "EOP": [0.0, 0.0, 0.0, 0.15459459459459463, 0.5545945945945946, 0.44, 0.36756756756756753, 0.3394594594594595, 0.5545945945945946, 0.43243243243243246, 0.4075675675675675]}