{"UTIL": {"mean": 0.02931818181818182, "FQ": 0.00875, "TQ": 0.0475, "STD": 0.020256618141051994, "Q025": 0.0, "Q975": 0.051875000000000004}, "ACC": {"mean": 0.7486363636363635, "FQ": 0.7075, "TQ": 0.785, "STD": 0.040513236282104015, "Q025": 0.69, "Q975": 0.7937500000000001}, "DP": {"mean": 0.13767482517482518, "FQ": 0.07692307692307693, "TQ": 0.2075320512820513, "STD": 0.08780451907562178, "Q025": 0.0, "Q975": 0.2275641025641026}, "EOP": {"mean": 0.2955282555282555, "FQ": 0.07729729729729731, "TQ": 0.4362162162162162, "STD": 0.2078878940701324, "Q025": 0.0, "Q975": 0.5545945945945946}}