{"acc_dict": {"0": [0.7350515463917526], "1": [0.7864077669902912], "overall": [0.7615]}, "pred_dict": {"0": [0.34536082474226804], "1": [0.36699029126213595], "overall": [0.3565]}, "util": [0.02775], "DP": [0.021629466519867913], "FPR": [0.06932103534865752]}