{"UTIL_mean": 0.02775, "UTIL_FQ": 0.02775, "UTIL_TQ": 0.02775, "ACC_mean": 0.7615, "ACC_FQ": 0.7615, "ACC_TQ": 0.7615, "DP_mean": 0.021629466519867913, "DP_FQ": 0.021629466519867913, "DP_TQ": 0.021629466519867913, "FPR_mean": 0.06932103534865752, "FPR_FQ": 0.06932103534865752, "FPR_TQ": 0.06932103534865752, "UTIL_STD": 0.0, "ACC_STD": 0.0, "DP_STD": 0.0, "FPR_STD": 0.0, "UTIL_Q025": 0.02775, "UTIL_Q975": 0.02775, "ACC_Q025": 0.7615, "ACC_Q975": 0.7615, "DP_Q025": 0.021629466519867913, "DP_Q975": 0.021629466519867913, "FPR_Q025": 0.06932103534865752, "FPR_Q975": 0.06932103534865752}