{"acc_dict": {"0": [0.7529610829103215, 0.7800338409475466, 0.8223350253807107, 0.8104906937394247, 0.7428087986463621], "1": [0.7651888341543513, 0.7865353037766831, 0.7832512315270936, 0.7553366174055829, 0.7947454844006568], "overall": [0.7591666666666667, 0.7833333333333333, 0.8025, 0.7825, 0.7691666666666667]}, "pred_dict": {"0": [0.29949238578680204, 0.25549915397631134, 0.09475465313028765, 0.05922165820642978, 0.32656514382402707], "1": [0.37438423645320196, 0.3103448275862069, 0.30377668308702793, 0.1116584564860427, 0.2660098522167488], "overall": [0.3375, 0.2833333333333333, 0.20083333333333334, 0.08583333333333333, 0.29583333333333334]}, "util": [0.029583333333333333, 0.041666666666666664, 0.05125, 0.04125, 0.034583333333333334], "DP": [0.07489185066639992, 0.05484567360989556, 0.2090220299567403, 0.052436798279612916, 0.060555291607278294], "FPR": [0.0012967512967513029, 0.017062517062517074, 0.11554736554736555, 0.005050505050505051, 0.12953862953862955]}