{"UTIL_mean": 0.03966666666666667, "UTIL_FQ": 0.034583333333333334, "UTIL_TQ": 0.041666666666666664, "ACC_mean": 0.7793333333333333, "ACC_FQ": 0.7691666666666667, "ACC_TQ": 0.7833333333333333, "DP_mean": 0.0903503288239854, "DP_FQ": 0.05484567360989556, "DP_TQ": 0.07489185066639992, "FPR_mean": 0.05369915369915371, "FPR_FQ": 0.005050505050505051, "FPR_TQ": 0.11554736554736555}