{"RT": 1.8231521078812338, "RT0": 3.5, "regt": [1, 1, 0, 0, 0.5, 0.5, 0.5, 0.0, -0.4861070430529064, 0.5, -0.43440979607064456, 0.5, -0.7563310529952152, 0.5, 0.5, 0.0], "regt_cum": [1.0, 2.0, 2.0, 2.0, 2.5, 3.0, 3.5, 3.5, 3.0138929569470934, 3.5138929569470934, 3.079483160876449, 3.579483160876449, 2.8231521078812336, 3.3231521078812336, 3.8231521078812336, 3.8231521078812336], "regt0": [1, 1, 0, 0, 0.5, 0.5, 0.5, 0.0, 0, 0.5, 0, 0.5, 0, 0.5, 0.5, 0.0], "regt0_cum": [1.0, 2.0, 2.0, 2.0, 2.5, 3.0, 3.5, 3.5, 3.5, 4.0, 4.0, 4.5, 4.5, 5.0, 5.5, 5.5], "regT": [0, 0, 0, 0, 0.5, 0.5, 0.5, 0.0, -0.4861070430529064, 0.5, -0.43440979607064456, 0.5, -0.7563310529952152, 0.5, 0.5, 0.0], "regT_cum": [0.0, 0.0, 0.0, 0.0, 0.5, 1.0, 1.5, 1.5, 1.0138929569470936, 1.5138929569470936, 1.079483160876449, 1.579483160876449, 0.8231521078812338, 1.3231521078812338, 1.8231521078812338, 1.8231521078812338], "regT0": [0, 0, 0, 0, 0.5, 0.5, 0.5, 0.0, 0, 0.5, 0, 0.5, 0, 0.5, 0.5, 0.0], "regT0_cum": [0.0, 0.0, 0.0, 0.0, 0.5, 1.0, 1.5, 1.5, 1.5, 2.0, 2.0, 2.5, 2.5, 3.0, 3.5, 3.5]}