{"UTIL_mean": 0.0445, "UTIL_FQ": 0.03791666666666667, "UTIL_TQ": 0.049166666666666664, "ACC_mean": 0.7815, "ACC_FQ": 0.7683333333333333, "ACC_TQ": 0.7908333333333334, "DP_mean": 0.10550373834112675, "DP_FQ": 0.07166612487809756, "DP_TQ": 0.08515249264417829, "FPR_mean": 0.05066324695068878, "FPR_FQ": 0.01241194424779788, "FPR_TQ": 0.027539545301565563}