{"acc_dict": {"0": [0.805414551607445, 0.7851099830795262, 0.7969543147208121, 0.8121827411167513, 0.7495769881556683], "1": [0.7323481116584565, 0.7799671592775042, 0.7848932676518884, 0.8095238095238095, 0.7602627257799671], "overall": [0.7683333333333333, 0.7825, 0.7908333333333334, 0.8108333333333333, 0.755]}, "pred_dict": {"0": [0.19120135363790186, 0.24196277495769883, 0.23011844331641285, 0.16074450084602368, 0.32825719120135366], "1": [0.43349753694581283, 0.3136288998357964, 0.31527093596059114, 0.24466338259441708, 0.3727422003284072], "overall": [0.31416666666666665, 0.2783333333333333, 0.2733333333333333, 0.20333333333333334, 0.35083333333333333]}, "util": [0.03791666666666667, 0.045, 0.049166666666666664, 0.059166666666666666, 0.03125], "DP": [0.24229618330791097, 0.07166612487809756, 0.08515249264417829, 0.0839188817483934, 0.044485009127053554], "FPR": [0.19052537514361648, 0.013885826360439613, 0.027539545301565563, 0.01241194424779788, 0.00895354370002438]}