{"UTIL": {"mean": -0.018970189701897018, "FQ": -0.046296296296296294, "TQ": 0.0, "STD": 0.03917450176468922, "Q025": -0.07407407407407407, "Q975": 0.05555555555555555}, "ACC": {"mean": 0.7028003613369467, "FQ": 0.6481481481481481, "TQ": 0.7407407407407407, "STD": 0.07834900352937846, "Q025": 0.5925925925925926, "Q975": 0.8518518518518519}, "DP": {"mean": 0.09160879827592106, "FQ": 0.037868162692847096, "TQ": 0.1374474053295933, "STD": 0.06488055856176578, "Q025": 0.0, "Q975": 0.20196353436185135}, "EOP": {"mean": 0.16027874564459926, "FQ": 0.1428571428571428, "TQ": 0.1428571428571429, "STD": 0.10074447592195793, "Q025": 0.0, "Q975": 0.42857142857142855}}