{"acc_dict": {"0": [0.8064516129032258, 0.8387096774193549, 0.8387096774193549, 0.6129032258064516, 0.7741935483870968, 0.7419354838709677, 0.6129032258064516, 0.4838709677419355, 0.7741935483870968, 0.7419354838709677, 0.6451612903225806, 0.7419354838709677, 0.7419354838709677, 0.7419354838709677, 0.6774193548387096, 0.7096774193548387, 0.7419354838709677, 0.6451612903225806, 0.7741935483870968, 0.7419354838709677, 0.7419354838709677, 0.7419354838709677, 0.7419354838709677, 0.6451612903225806, 0.6774193548387096, 0.6129032258064516, 0.5806451612903226, 0.6451612903225806, 0.5806451612903226, 0.5483870967741935, 0.5806451612903226, 0.5806451612903226, 0.5806451612903226, 0.5806451612903226, 0.5806451612903226, 0.5806451612903226, 0.5806451612903226, 0.6129032258064516, 0.5806451612903226, 0.5806451612903226, 0.5806451612903226], "1": [0.8695652173913043, 0.8695652173913043, 0.8695652173913043, 0.6086956521739131, 0.6956521739130435, 0.7391304347826086, 0.6086956521739131, 0.43478260869565216, 0.8695652173913043, 0.5217391304347826, 0.5652173913043478, 0.8695652173913043, 0.7391304347826086, 0.7391304347826086, 0.8260869565217391, 0.8260869565217391, 0.7391304347826086, 0.5217391304347826, 0.6956521739130435, 0.8260869565217391, 0.8260869565217391, 0.8260869565217391, 0.8260869565217391, 0.8260869565217391, 0.8260869565217391, 0.8260869565217391, 0.8260869565217391, 0.8260869565217391, 0.8260869565217391, 0.8260869565217391, 0.7391304347826086, 0.7391304347826086, 0.7391304347826086, 0.7391304347826086, 0.7391304347826086, 0.7391304347826086, 0.7391304347826086, 0.7391304347826086, 0.7391304347826086, 0.7391304347826086, 0.7391304347826086], "overall": [0.8333333333333334, 0.8518518518518519, 0.8518518518518519, 0.6111111111111112, 0.7407407407407407, 0.7407407407407407, 0.6111111111111112, 0.46296296296296297, 0.8148148148148148, 0.6481481481481481, 0.6111111111111112, 0.7962962962962963, 0.7407407407407407, 0.7407407407407407, 0.7407407407407407, 0.7592592592592593, 0.7407407407407407, 0.5925925925925926, 0.7407407407407407, 0.7777777777777778, 0.7777777777777778, 0.7777777777777778, 0.7777777777777778, 0.7222222222222222, 0.7407407407407407, 0.7037037037037037, 0.6851851851851852, 0.7222222222222222, 0.6851851851851852, 0.6666666666666666, 0.6481481481481481, 0.6481481481481481, 0.6481481481481481, 0.6481481481481481, 0.6481481481481481, 0.6481481481481481, 0.6481481481481481, 0.6666666666666666, 0.6481481481481481, 0.6481481481481481, 0.6481481481481481]}, "pred_dict": {"0": [0.17391304347826086, 0.17391304347826086, 0.17391304347826086, 0.34782608695652173, 0.0, 0.13043478260869565, 0.6086956521739131, 0.5217391304347826, 0.17391304347826086, 0.6086956521739131, 0.30434782608695654, 0.17391304347826086, 0.30434782608695654, 0.4782608695652174, 0.21739130434782608, 0.391304347826087, 0.4782608695652174, 0.2608695652173913, 0.0, 0.21739130434782608, 0.21739130434782608, 0.21739130434782608, 0.391304347826087, 0.391304347826087, 0.391304347826087, 0.391304347826087, 0.391304347826087, 0.391304347826087, 0.391304347826087, 0.391304347826087, 0.4782608695652174, 0.4782608695652174, 0.4782608695652174, 0.4782608695652174, 0.4782608695652174, 0.4782608695652174, 0.4782608695652174, 0.4782608695652174, 0.4782608695652174, 0.4782608695652174, 0.4782608695652174], "1": [0.2903225806451613, 0.06451612903225806, 0.1935483870967742, 0.4838709677419355, 0.0, 0.2903225806451613, 0.41935483870967744, 0.6774193548387096, 0.3225806451612903, 0.3548387096774194, 0.1935483870967742, 0.3548387096774194, 0.3548387096774194, 0.3548387096774194, 0.41935483870967744, 0.3870967741935484, 0.3548387096774194, 0.45161290322580644, 0.0, 0.3548387096774194, 0.3548387096774194, 0.3548387096774194, 0.3548387096774194, 0.45161290322580644, 0.41935483870967744, 0.4838709677419355, 0.5161290322580645, 0.45161290322580644, 0.5161290322580645, 0.5483870967741935, 0.5161290322580645, 0.5161290322580645, 0.5161290322580645, 0.5161290322580645, 0.5161290322580645, 0.5161290322580645, 0.5161290322580645, 0.4838709677419355, 0.5161290322580645, 0.5161290322580645, 0.5161290322580645], "overall": [0.24074074074074073, 0.1111111111111111, 0.18518518518518517, 0.42592592592592593, 0.0, 0.2222222222222222, 0.5, 0.6111111111111112, 0.25925925925925924, 0.46296296296296297, 0.24074074074074073, 0.2777777777777778, 0.3333333333333333, 0.4074074074074074, 0.3333333333333333, 0.3888888888888889, 0.4074074074074074, 0.37037037037037035, 0.0, 0.2962962962962963, 0.2962962962962963, 0.2962962962962963, 0.37037037037037035, 0.42592592592592593, 0.4074074074074074, 0.4444444444444444, 0.46296296296296297, 0.42592592592592593, 0.46296296296296297, 0.48148148148148145, 0.5, 0.5, 0.5, 0.5, 0.5, 0.5, 0.5, 0.48148148148148145, 0.5, 0.5, 0.5]}, "util": [0.046296296296296294, 0.05555555555555555, 0.05555555555555555, -0.06481481481481481, 0.0, 0.0, -0.06481481481481481, -0.1388888888888889, 0.037037037037037035, -0.046296296296296294, -0.06481481481481481, 0.027777777777777776, 0.0, 0.0, 0.0, 0.009259259259259259, 0.0, -0.07407407407407407, 0.0, 0.018518518518518517, 0.018518518518518517, 0.018518518518518517, 0.018518518518518517, -0.009259259259259259, 0.0, -0.018518518518518517, -0.027777777777777776, -0.009259259259259259, -0.027777777777777776, -0.037037037037037035, -0.046296296296296294, -0.046296296296296294, -0.046296296296296294, -0.046296296296296294, -0.046296296296296294, -0.046296296296296294, -0.046296296296296294, -0.037037037037037035, -0.046296296296296294, -0.046296296296296294, -0.046296296296296294], "DP": [0.11640953716690045, 0.1093969144460028, 0.019635343618513323, 0.13604488078541377, 0.0, 0.15988779803646566, 0.18934081346423565, 0.15568022440392704, 0.14866760168302945, 0.2538569424964937, 0.11079943899018235, 0.1809256661991585, 0.05049088359046283, 0.12342215988779803, 0.20196353436185135, 0.004207573632538597, 0.12342215988779803, 0.19074333800841514, 0.0, 0.1374474053295933, 0.1374474053295933, 0.1374474053295933, 0.0364656381486676, 0.060308555399719466, 0.028050490883590462, 0.09256661991584852, 0.12482468443197753, 0.060308555399719466, 0.12482468443197753, 0.15708274894810653, 0.037868162692847096, 0.037868162692847096, 0.037868162692847096, 0.037868162692847096, 0.037868162692847096, 0.037868162692847096, 0.037868162692847096, 0.005610098176718092, 0.037868162692847096, 0.037868162692847096, 0.037868162692847096], "EOP": [0.1428571428571429, 0.2857142857142857, 0.0, 0.28571428571428575, 0.0, 0.2857142857142857, 0.2857142857142857, 0.42857142857142855, 0.1428571428571429, 0.0, 0.14285714285714285, 0.1428571428571429, 0.1428571428571429, 0.1428571428571428, 0.1428571428571429, 0.1428571428571428, 0.1428571428571428, 0.5714285714285714, 0.0, 0.1428571428571429, 0.1428571428571429, 0.1428571428571429, 0.1428571428571428, 0.1428571428571428, 0.1428571428571428, 0.1428571428571428, 0.1428571428571428, 0.1428571428571428, 0.1428571428571428, 0.1428571428571428, 0.1428571428571428, 0.1428571428571428, 0.1428571428571428, 0.1428571428571428, 0.1428571428571428, 0.1428571428571428, 0.1428571428571428, 0.1428571428571428, 0.1428571428571428, 0.1428571428571428, 0.1428571428571428]}