{"regt0_cum": [0.0, 0.25, 0.25, 0.375, 0.5750000000000002, 0.7416666666666663, 0.8845238095238095, 1.0095238095238095, 1.1206349206349202, 1.2206349206349199, 1.3115440115440107, 1.3948773448773446, 1.4718004218004213, 1.5432289932289933, 1.6098956598956597, 1.6723956598956597, 1.701807424601542, NaN, NaN, NaN, NaN, NaN, NaN, NaN, NaN, NaN, NaN, NaN, NaN, NaN, NaN, NaN, NaN, NaN, NaN, NaN, NaN, NaN, NaN, NaN, NaN, NaN, NaN, NaN, NaN, NaN, NaN, NaN, NaN, NaN, NaN, NaN, NaN, NaN, NaN, NaN, NaN, NaN, NaN, NaN, NaN, NaN, NaN, NaN, NaN, NaN, NaN, NaN, NaN, NaN, NaN, NaN, NaN, NaN, NaN, NaN, NaN, NaN, NaN, NaN, NaN, NaN, NaN, NaN, NaN, NaN, NaN, NaN, NaN, NaN, NaN, NaN, NaN, NaN, NaN, NaN, NaN, NaN, NaN, NaN, NaN, NaN, NaN, NaN, NaN, NaN, NaN, NaN, NaN, NaN, NaN, NaN, NaN, NaN, NaN, NaN, NaN, NaN, NaN, NaN, NaN, NaN, NaN, NaN, NaN, NaN, NaN, NaN, NaN, NaN, NaN, NaN, NaN, NaN, NaN, NaN, NaN, NaN, NaN, NaN, NaN, NaN, NaN, NaN, NaN, NaN, NaN, NaN, NaN, NaN, NaN, NaN, NaN, NaN, NaN, NaN, NaN, NaN, NaN, NaN, NaN, NaN, NaN, NaN, NaN, NaN, NaN, NaN, NaN, NaN, NaN, NaN, NaN, NaN, NaN, NaN, NaN, NaN, NaN, NaN, NaN, NaN, NaN, NaN, NaN, NaN, NaN, NaN, NaN, NaN, NaN, NaN, NaN, NaN, NaN, NaN, NaN, NaN, NaN, NaN, NaN, NaN, NaN, NaN, NaN, NaN, NaN, NaN, NaN, NaN, NaN, NaN, NaN, NaN, NaN], "regT0_cum": [0.0, 0.5, 0.5, 0.75, 1.1500000000000004, 1.65, 2.0785714285714287, 2.4535714285714287, 2.6757936507936506, 2.87579365079365, 3.0576118326118316, 3.2242784992784985, 3.378124653124652, 3.520981795981795, 3.654315129315129, 3.7758429070929065, 3.8902219920602272, 3.9982466834182517, 4.094737911488427, 4.1808490225995385, 4.310478652229168, 4.434216025966542, 4.550158054952048, 4.636673478731623, 4.739728285560014, 4.877280984433469, 5.028257657422721, 5.191699449233786, 5.332817877776472, 5.436969975836279, 5.537762328797379, 5.6335005273880565, 5.724990461600665, 5.812482029339796, 5.896203708689649, 6.005377563613116, 6.125114287322436, 6.268015834092036, 6.407253238636775, 6.528786182195088, 6.659550029569047, 6.786396694676174, 6.93354925129244, 7.08872106798561, 7.237272899619072, 7.381929337062026, 7.52220430557513, 7.65955687891088, 7.804310420137739, 7.945556164517459, 8.103640227634834, 8.268299597230719, 8.429319443473847, 8.587357440712477, 8.727747301529782, 8.855232960710893, 8.989253959204618, 9.120510530319592, 9.249096383458493, 9.368382935756586, 9.502107413426838, 9.64980407694112, 9.795156348971048, 9.937464482165474, 10.077583259464603, 10.215224365974887, 10.350811127611884, 10.48355956063315, 10.613551935433339, 10.741352883525465, 10.867353818264181, 10.990148839346876, 11.109825780024398, 11.227584523492464, 11.343179292972348, 11.47041097338013, 11.602483800795607, 11.745683899654473, 11.899729566882211, 12.064349663269603, 12.233110252294189, 12.39956385550456, 12.570036090001551, 12.737992887236892, 12.903733578060745, 13.066440698944277, 13.226730805081772, 13.384976244475446, 13.54122296469258, 13.695515381714884, 13.847904043044075, 14.00407108848924, 14.158355161929073, 14.310796326597718, 14.461433380574576, 14.615709631905837, 14.768395406419252, 14.929727244458043, 15.084790669101992, 15.2433034594995, 15.41014780642773, 15.585160346033135, 15.76818247263266, 15.949103252116153, 16.128300976556943, 16.310525137559615, 16.495719166216467, 16.679038792947694, 16.86051841044918, 17.04489366779157, 17.23661689578853, 17.426478611870913, 17.61451176315225, 17.800748429716776, 17.994061299180743, 18.185566922218136, 18.37543574505863, 18.567932798214052, 18.763013909746313, 18.960636012015804, 19.156493289564175, 19.348356000109803, 19.538529406594208, 19.727040755857075, 19.9128780947387, 20.09724053410539, 20.27697151492405, 20.455298347455063, 20.630677558043075, 20.803154494717973, 20.981948401341924, 21.166963566249024, 21.3543470381869, 21.540218751462376, 21.714811701886916, 21.895473821793622, 22.078466875131667, 22.260026190336312, 22.440164120137617, 22.62258677901177, 22.810807858744973, 23.004745691437797, 23.2043203225034, 23.40250901863105, 23.586297304498338, 23.77567608155831, 23.962671668886543, 24.13790866224678, 24.318680977799225, 24.497175143824613, 24.681109745836594, 24.863742218829096, 25.048448989383736, 25.23186552760395, 25.420550346222747, 25.611230774978594, 25.80060922640412, 25.99195363699784, 26.18523927771362, 26.37731688317492, 26.574412640155096, 26.76902498964239, 26.954969612609432, 27.14587798787545, 27.334385607795213, 27.521602983034327, 27.707545565624898, 27.892228531669886, 28.075740284231983, 28.264054908837835, 28.451192073648087, 28.637165470055706, 28.82198855203066, 29.005674541577932, 29.188236434039553, 29.36976104302127, 29.550187656964567, 29.729528612892338, 29.907867664038392, 30.085144717606838, 30.261372617134697, 30.43656289178722, 30.61072688172699, 30.78387574222262, 30.956020447646495, 31.12717282557017, 31.297343489122014, 31.469268564037947, 31.64292948511833, 31.815610989721407, 31.98732429274267, 32.16335158897738, 32.341057500257506, 32.5204247212733, 32.701436212950554, 32.88146259703696, 33.0605138746248, 33.23859989527469, 33.41573036006136, 33.5944751725241, 33.77481826950195, 33.95674382639575, 34.13777319828023, 34.3178568307566, 34.49706200648917, 34.67534026329295, 34.85264384133342, 35.029038555423696, 35.204533102826446, 35.379136056557755, 35.55285660234868, 35.725703064802474, 35.89768365127438, 36.068806454063306, 36.23907945255236]}