{"ACC": {"0": [0.7627416520210897, 0.7873462214411248], "1": [0.8019017432646592, 0.786053882725832], "overall": [0.7833333333333333, 0.7866666666666666]}, "mean_pred": {"0": [0.1838351822503962, 0.24088748019017434], "1": [0.4130052724077329, 0.23725834797891038], "overall": [0.2925, 0.23916666666666667]}, "Utility": [0.050416666666666665, 0.052083333333333336], "DP": [0.2291700901573367, 0.003629132211263958]}