{"ACC_mean": 0.7849999999999999, "mean_pred_mean": 0.2658333333333333, "Utility_mean": 0.051250000000000004, "DP_mean": 0.11639961118430033}