{"UTIL": {"mean": 0.009925, "FQ": 0.001875, "TQ": 0.025, "STD": 0.025641653125334955, "Q025": -0.065125, "Q975": 0.045}, "ACC": {"mean": 0.73985, "FQ": 0.7237499999999999, "TQ": 0.77, "STD": 0.05128330625066993, "Q025": 0.58975, "Q975": 0.81}, "DP": {"mean": 0.16299114331723025, "FQ": 0.10758856682769727, "TQ": 0.2186996779388084, "STD": 0.07404302443396286, "Q025": 0.02099436392914653, "Q975": 0.28424919484702105}, "EOP": {"mean": 0.13794871794871794, "FQ": 0.06153846153846154, "TQ": 0.1910256410256411, "STD": 0.10033376253946347, "Q025": 0.010192307692307659, "Q975": 0.33852564102564103}}