{"cum-loop-time": [3.196246862411499, 6.542964696884155, 7.2112507820129395, 10.337931871414185, 11.014868974685669, 11.707389831542969, 12.17197585105896, 12.580152034759521, 13.19733715057373, 14.263541221618652], "cum-varOracle-time": [3.146094560623169, 6.44430947303772, 7.102016448974609, 10.177985668182373, 10.844342708587646, 11.525750637054443, 11.975605487823486, 12.370538711547852, 12.971900939941406, 14.027714729309082], "num_lossOracle_calls": 10, "num_varOracle_calls": 22, "num_var_policies added": [5, 5, 0, 5, 0, 0, 0, 0, 0, 0]}