{"cum-loop-time": [0.5262668132781982, 1.0588507652282715, 1.6342048645019531, 2.07515287399292, 2.5371968746185303, 3.099299669265747, 3.809919834136963, 4.273828029632568, 5.0668370723724365, 6.120078086853027], "cum-varOracle-time": [0.5031728744506836, 1.0160388946533203, 1.571523904800415, 1.9954919815063477, 2.4383950233459473, 2.9810290336608887, 3.6750450134277344, 4.127709150314331, 4.900644302368164, 5.9429662227630615], "num_lossOracle_calls": 10, "num_varOracle_calls": 10, "num_var_policies added": [1, 1, 1, 1, 1, 0, 0, 0, 0, 0]}