{"RT": 2.8351054338690815, "RT0": 6.0, "regt": [1, 1, -1, 0, 0.5, 1.0, 0.5, 0.0, 1.0, 1.0, -0.20740674388531133, 1.0, -0.19187265969832978, 0.0, -0.32155721389687275, 0.0], "regt_cum": [1.0, 2.0, 1.0, 1.0, 1.5, 2.5, 3.0, 3.0, 4.0, 5.0, 4.792593256114689, 5.792593256114689, 5.600720596416359, 5.600720596416359, 5.279163382519486, 5.279163382519486], "regt0": [1, 1, 0, 0, 0.5, 1.0, 0.5, 0.0, 1.0, 1.0, 0, 1.0, 0, 0.0, 0, 0.0], "regt0_cum": [1.0, 2.0, 2.0, 2.0, 2.5, 3.5, 4.0, 4.0, 5.0, 6.0, 6.0, 7.0, 7.0, 7.0, 7.0, 7.0], "regT": [1, 1, -1, -1, -0.27639751552795044, 1.0, -0.1676604331224545, 0.0, 1.0, 1.0, -0.20740674388531133, 1.0, -0.19187265969832978, 0.0, -0.32155721389687275, 0.0], "regT_cum": [1.0, 2.0, 1.0, 0.0, -0.27639751552795044, 0.7236024844720496, 0.5559420513495951, 0.5559420513495951, 1.5559420513495952, 2.555942051349595, 2.348535307464284, 3.348535307464284, 3.156662647765954, 3.156662647765954, 2.8351054338690815, 2.8351054338690815], "regT0": [1, 1, 0, 0, 0, 1.0, 0, 0.0, 1.0, 1.0, 0, 1.0, 0, 0.0, 0, 0.0], "regT0_cum": [1.0, 2.0, 2.0, 2.0, 2.0, 3.0, 3.0, 3.0, 4.0, 5.0, 5.0, 6.0, 6.0, 6.0, 6.0, 6.0]}