{"UTIL_mean": 0.013583333333333333, "UTIL_FQ": 0.01125, "UTIL_TQ": 0.016666666666666666, "ACC_mean": 0.7338333333333333, "ACC_FQ": 0.7291666666666666, "ACC_TQ": 0.74, "DP_mean": 0.11689796870962632, "DP_FQ": 0.06662332358113907, "DP_TQ": 0.20167871104331808, "FPR_mean": 0.12118977384464112, "FPR_FQ": 0.08045052292839905, "FPR_TQ": 0.13296683650665955}