{"UTIL_mean": -0.11225, "UTIL_FQ": -0.15, "UTIL_TQ": -0.1, "ACC_mean": 0.5754999999999999, "ACC_FQ": 0.5, "ACC_TQ": 0.6, "DP_mean": 0.053434343434343425, "DP_FQ": 0.030303030303030276, "DP_TQ": 0.06060606060606066, "EOP_mean": 0.055, "EOP_FQ": 0.0, "EOP_TQ": 0.0, "UTIL_STD": 0.07137007426085529, "ACC_STD": 0.14274014852171063, "DP_STD": 0.05387343222142428, "EOP_STD": 0.15644487847162017, "UTIL_Q025": -0.27625, "UTIL_Q975": 0.025, "ACC_Q025": 0.2475, "ACC_Q975": 0.85, "DP_Q025": 0.0, "DP_Q975": 0.22752525252525246, "EOP_Q025": 0.0, "EOP_Q975": 0.5}