{"ACC": {"0": [0.8044217687074829, 0.7619047619047619], "1": [0.8186274509803921, 0.7875816993464052], "overall": [0.8116666666666666, 0.775]}, "mean_pred": {"0": [0.2107843137254902, 0.27124183006535946], "1": [0.25170068027210885, 0.37244897959183676], "overall": [0.23083333333333333, 0.32083333333333336]}, "Utility": [0.05708333333333333, 0.03875], "DP": [0.04091636654661865, 0.1012071495264773]}