{"ACC_mean": 0.7933333333333333, "mean_pred_mean": 0.2758333333333334, "Utility_mean": 0.04791666666666666, "DP_mean": 0.07106175803654798}