{"acc_dict": {"0": [0.7461928934010152, 0.8138747884940778, 0.817258883248731, 0.7969543147208121, 0.7834179357021996], "1": [0.6995073891625616, 0.715927750410509, 0.8045977011494253, 0.7536945812807881, 0.8029556650246306], "overall": [0.7225, 0.7641666666666667, 0.8108333333333333, 0.775, 0.7933333333333333]}, "pred_dict": {"0": [0.30287648054145516, 0.18781725888324874, 0.18781725888324874, 0.22504230118443316, 0.24196277495769883], "1": [0.5188834154351396, 0.4860426929392447, 0.20361247947454844, 0.1330049261083744, 0.32348111658456485], "overall": [0.4125, 0.33916666666666667, 0.19583333333333333, 0.17833333333333334, 0.2833333333333333]}, "util": [0.015416666666666667, 0.03625, 0.059583333333333335, 0.041666666666666664, 0.050833333333333335], "DP": [0.21600693489368444, 0.29822543405599594, 0.015795220591299702, 0.09203737507605877, 0.08151834162686603], "FPR": [0.1567016317016317, 0.240967365967366, 0.0465034965034965, 0.10052447552447552, 0.010722610722610715]}