{"UTIL_mean": 0.04075, "UTIL_FQ": 0.03625, "UTIL_TQ": 0.050833333333333335, "ACC_mean": 0.7731666666666667, "ACC_FQ": 0.7641666666666667, "ACC_TQ": 0.7933333333333333, "DP_mean": 0.140716661248781, "DP_FQ": 0.08151834162686603, "DP_TQ": 0.21600693489368444, "FPR_mean": 0.11108391608391609, "FPR_FQ": 0.0465034965034965, "FPR_TQ": 0.1567016317016317}