{"acc_dict": {"0": [0.8181818181818182, 0.8181818181818182], "1": [0.6666666666666666, 0.5555555555555556], "overall": [0.75, 0.7]}, "pred_dict": {"0": [0.0, 0.1111111111111111], "1": [0.0, 0.18181818181818182], "overall": [0.0, 0.15]}, "util": [0.0, -0.025], "DP": [0.0, 0.07070707070707072], "EOP": [0.0, 0.5]}