{"ACC": {"0": [0.7773737373737374, 0.768080808080808, 0.7696969696969697, 0.8088888888888889, 0.7757575757575758, 0.7915151515151515, 0.7797979797979798, 0.7915151515151515, 0.7705050505050505, 0.802020202020202, 0.7676767676767676, 0.7878787878787878], "1": [0.8166336633663366, 0.8051485148514852, 0.8261386138613861, 0.7726732673267327, 0.7699009900990099, 0.7956435643564357, 0.8003960396039604, 0.7988118811881189, 0.8281188118811881, 0.7916831683168317, 0.7940594059405941, 0.8], "overall": [0.7972, 0.7868, 0.7982, 0.7906, 0.7728, 0.7936, 0.7902, 0.7952, 0.7996, 0.7968, 0.781, 0.794]}, "mean_pred": {"0": [0.16404040404040404, 0.16525252525252526, 0.15797979797979797, 0.26505050505050504, 0.19555555555555557, 0.20646464646464646, 0.20444444444444446, 0.20646464646464646, 0.15313131313131312, 0.2202020202020202, 0.1713131313131313, 0.18343434343434342], "1": [0.18455445544554455, 0.16594059405940595, 0.16316831683168317, 0.28396039603960394, 0.2312871287128713, 0.22851485148514852, 0.21742574257425742, 0.2388118811881188, 0.14376237623762375, 0.24514851485148514, 0.18336633663366336, 0.22178217821782178], "overall": [0.1744, 0.1656, 0.1606, 0.2746, 0.2136, 0.2176, 0.211, 0.2228, 0.1484, 0.2328, 0.1774, 0.2028]}, "Utility": [0.05, 0.0448, 0.0505, 0.0467, 0.0378, 0.0482, 0.0465, 0.049, 0.0512, 0.0498, 0.0419, 0.0484], "DP": [0.02051405140514051, 0.0006880688068806873, 0.005188518851885204, 0.0189098909890989, 0.03573157315731573, 0.02205020502050206, 0.012981298129812968, 0.03234723472347234, 0.009368936893689367, 0.02494649464946494, 0.012053205320532057, 0.03834783478347836], "TPR": [0.08484229573692365, 0.036376340329472456, 0.08056040776472906, 0.008502862056918636, 0.042749007909847425, 0.05087563713238924, 0.057617371207438706, 0.07764729067569626, 0.05160302061218458, 0.041942794693325514, 0.04101117053201114, 0.08369388979961129], "EO": [0.08484229573692365, 0.04043441938178781, 0.08056040776472906, 0.09522417153996103, 0.09008632692843219, 0.07479810637705375, 0.057617371207438706, 0.0795600111389585, 0.05160302061218458, 0.0860484544695071, 0.05446950710108606, 0.08369388979961129]}