{"acc_dict": {"0": [0.8125, 0.875, 0.8645833333333334, 0.8125, 0.7916666666666666, 0.8020833333333334, 0.7916666666666666, 0.7395833333333334, 0.6875, 0.6354166666666666, 0.71875, 0.7083333333333334, 0.75, 0.6666666666666666, 0.75, 0.7708333333333334, 0.75, 0.7708333333333334, 0.7708333333333334, 0.7916666666666666, 0.78125, 0.8020833333333334, 0.7708333333333334, 0.7708333333333334, 0.8020833333333334, 0.84375, 0.7708333333333334, 0.7708333333333334, 0.7604166666666666, 0.8125, 0.7916666666666666, 0.7708333333333334, 0.7916666666666666, 0.8229166666666666, 0.7604166666666666, 0.7604166666666666, 0.8125, 0.7604166666666666, 0.84375, 0.8333333333333334, 0.7916666666666666, 0.7916666666666666, 0.8020833333333334, 0.78125, 0.78125, 0.7916666666666666, 0.7916666666666666, 0.7916666666666666, 0.7708333333333334], "1": [0.7596153846153846, 0.7596153846153846, 0.75, 0.7115384615384616, 0.75, 0.7596153846153846, 0.6826923076923077, 0.6826923076923077, 0.6442307692307693, 0.5288461538461539, 0.5673076923076923, 0.5480769230769231, 0.46153846153846156, 0.5096153846153846, 0.6826923076923077, 0.6826923076923077, 0.5192307692307693, 0.6057692307692307, 0.6346153846153846, 0.6826923076923077, 0.7692307692307693, 0.6923076923076923, 0.6634615384615384, 0.6057692307692307, 0.6634615384615384, 0.6538461538461539, 0.625, 0.625, 0.6538461538461539, 0.6923076923076923, 0.6634615384615384, 0.6730769230769231, 0.7596153846153846, 0.6730769230769231, 0.6634615384615384, 0.6442307692307693, 0.6730769230769231, 0.625, 0.6923076923076923, 0.7115384615384616, 0.7692307692307693, 0.7692307692307693, 0.7692307692307693, 0.7788461538461539, 0.7788461538461539, 0.7211538461538461, 0.6923076923076923, 0.6634615384615384, 0.75], "overall": [0.785, 0.815, 0.805, 0.76, 0.77, 0.78, 0.735, 0.71, 0.665, 0.58, 0.64, 0.625, 0.6, 0.585, 0.715, 0.725, 0.63, 0.685, 0.7, 0.735, 0.775, 0.745, 0.715, 0.685, 0.73, 0.745, 0.695, 0.695, 0.705, 0.75, 0.725, 0.72, 0.775, 0.745, 0.71, 0.7, 0.74, 0.69, 0.765, 0.77, 0.78, 0.78, 0.785, 0.78, 0.78, 0.755, 0.74, 0.725, 0.76]}, "pred_dict": {"0": [0.36538461538461536, 0.21153846153846154, 0.2980769230769231, 0.4519230769230769, 0.3942307692307692, 0.3076923076923077, 0.5192307692307693, 0.5384615384615384, 0.5576923076923077, 0.6730769230769231, 0.6153846153846154, 0.75, 0.5480769230769231, 0.5961538461538461, 0.5769230769230769, 0.5192307692307693, 0.49038461538461536, 0.5576923076923077, 0.5096153846153846, 0.46153846153846156, 0.33653846153846156, 0.47115384615384615, 0.5192307692307693, 0.0, 0.5, 0.41346153846153844, 0.4807692307692308, 0.5769230769230769, 0.5288461538461539, 0.5096153846153846, 0.5384615384615384, 0.5480769230769231, 0.3076923076923077, 0.49038461538461536, 0.5, 0.5, 0.49038461538461536, 0.46153846153846156, 0.4326923076923077, 0.41346153846153844, 0.2980769230769231, 0.2980769230769231, 0.2980769230769231, 0.25, 0.25, 0.4230769230769231, 0.4519230769230769, 0.5192307692307693, 0.3942307692307692], "1": [0.2916666666666667, 0.16666666666666666, 0.2604166666666667, 0.3125, 0.3333333333333333, 0.3645833333333333, 0.3333333333333333, 0.4479166666666667, 0.5, 0.46875, 0.4479166666666667, 0.5, 0.3541666666666667, 0.5, 0.375, 0.375, 0.3333333333333333, 0.375, 0.3958333333333333, 0.3541666666666667, 0.3854166666666667, 0.3229166666666667, 0.3333333333333333, 0.0, 0.28125, 0.23958333333333334, 0.2916666666666667, 0.3333333333333333, 0.3645833333333333, 0.2708333333333333, 0.2916666666666667, 0.3125, 0.3541666666666667, 0.3229166666666667, 0.3854166666666667, 0.34375, 0.2916666666666667, 0.34375, 0.21875, 0.25, 0.3541666666666667, 0.3541666666666667, 0.3645833333333333, 0.40625, 0.40625, 0.3125, 0.3125, 0.3125, 0.4166666666666667], "overall": [0.33, 0.19, 0.28, 0.385, 0.365, 0.335, 0.43, 0.495, 0.53, 0.575, 0.535, 0.63, 0.455, 0.55, 0.48, 0.45, 0.415, 0.47, 0.455, 0.41, 0.36, 0.4, 0.43, 0.0, 0.395, 0.33, 0.39, 0.46, 0.45, 0.395, 0.42, 0.435, 0.33, 0.41, 0.445, 0.425, 0.395, 0.405, 0.33, 0.335, 0.325, 0.325, 0.33, 0.325, 0.325, 0.37, 0.385, 0.42, 0.405]}, "util": [0.05, 0.065, 0.06, 0.0375, 0.0425, 0.0475, 0.025, 0.0125, -0.01, -0.0525, -0.0225, -0.03, -0.0425, -0.05, 0.015, 0.02, -0.0275, 0.0, 0.0075, 0.025, 0.045, 0.03, 0.015, 0.0, 0.0225, 0.03, 0.005, 0.005, 0.01, 0.0325, 0.02, 0.0175, 0.045, 0.03, 0.0125, 0.0075, 0.0275, 0.0025, 0.04, 0.0425, 0.0475, 0.0475, 0.05, 0.0475, 0.0475, 0.035, 0.0275, 0.02, 0.0375], "DP": [0.07371794871794868, 0.04487179487179488, 0.03766025641025639, 0.13942307692307693, 0.0608974358974359, 0.056891025641025605, 0.18589743589743596, 0.09054487179487175, 0.05769230769230771, 0.20432692307692313, 0.16746794871794873, 0.25, 0.19391025641025644, 0.09615384615384615, 0.20192307692307687, 0.14423076923076927, 0.15705128205128205, 0.1826923076923077, 0.11378205128205127, 0.10737179487179488, 0.04887820512820512, 0.14823717948717946, 0.18589743589743596, 0.0, 0.21875, 0.1738782051282051, 0.1891025641025641, 0.24358974358974356, 0.16426282051282054, 0.23878205128205127, 0.24679487179487175, 0.23557692307692313, 0.046474358974358976, 0.16746794871794868, 0.11458333333333331, 0.15625, 0.19871794871794868, 0.11778846153846156, 0.2139423076923077, 0.16346153846153844, 0.05608974358974361, 0.05608974358974361, 0.06650641025641024, 0.15625, 0.15625, 0.11057692307692307, 0.13942307692307693, 0.20673076923076927, 0.022435897435897467], "EOP": [0.0687361419068736, 0.12749445676274945, 0.2117516629711751, 0.06541019955654104, 0.08980044345897997, 0.2782705099778271, 0.016629711751662946, 0.12860310421286025, 0.1529933481152993, 0.02882483370288247, 0.13192904656319293, 0.0764966740576497, 0.21507760532150777, 0.229490022172949, 0.05654101995565408, 0.06208425720620847, 0.16962305986696224, 0.11086474501108656, 0.1807095343680709, 0.1352549889135255, 0.229490022172949, 0.06541019955654104, 0.0044345898004434225, 0.0, 0.0254988913525499, 0.09645232815964522, 0.0022172949002217113, 0.02882483370288247, 0.04101995565410199, 0.074279379157428, 0.074279379157428, 0.09866962305986704, 0.23281596452328168, 0.11086474501108656, 0.11086474501108656, 0.04434589800443456, 0.019955654101995624, 0.1175166297117517, 0.022172949002217335, 0.02328159645232808, 0.23281596452328168, 0.23281596452328168, 0.2782705099778271, 0.3725055432372505, 0.3725055432372505, 0.04434589800443456, 0.04434589800443456, 0.0044345898004434225, 0.22616407982261633]}