{"UTIL": {"mean": 0.019846938775510206, "FQ": 0.0075, "TQ": 0.0425, "STD": 0.027476372796595188, "Q025": -0.0485, "Q975": 0.05799999999999997}, "ACC": {"mean": 0.7246938775510203, "FQ": 0.7, "TQ": 0.77, "STD": 0.05495274559319039, "Q025": 0.588, "Q975": 0.801}, "DP": {"mean": 0.13896520146520147, "FQ": 0.07371794871794868, "TQ": 0.1891025641025641, "STD": 0.06683393828933729, "Q025": 0.02548076923076925, "Q975": 0.2461538461538461}, "EOP": {"mean": 0.1176976333770759, "FQ": 0.04434589800443456, "TQ": 0.1807095343680709, "STD": 0.09516628650557929, "Q025": 0.0026607538802660537, "Q975": 0.35365853658536556}}