{"UTIL": {"mean": -0.032031250000000004, "FQ": -0.0475, "TQ": -0.011875000000000002, "STD": 0.03390649001451148, "Q025": -0.11325, "Q975": 0.00956249999999999}, "ACC": {"mean": 0.7009374999999999, "FQ": 0.6700000000000002, "TQ": 0.74125, "STD": 0.06781298002902295, "Q025": 0.5385000000000001, "Q975": 0.784125}, "DP": {"mean": 0.12468282585470085, "FQ": 0.07131410256410253, "TQ": 0.16125801282051277, "STD": 0.06894377856857939, "Q025": 0.018890224358974358, "Q975": 0.2811298076923075}, "EOP": {"mean": 0.08555947580645162, "FQ": 0.02368951612903225, "TQ": 0.13911290322580644, "STD": 0.06968162417590072, "Q025": 0.008064516129032251, "Q975": 0.23452620967741916}}