{"acc_dict": {"0": [0.7395833333333334, 0.8333333333333334, 0.7708333333333334, 0.7604166666666666, 0.7604166666666666, 0.7083333333333334, 0.78125, 0.6875, 0.59375, 0.6458333333333334, 0.59375, 0.5520833333333334, 0.71875, 0.5729166666666666, 0.71875, 0.6666666666666666, 0.6041666666666666, 0.7395833333333334, 0.6979166666666666, 0.7708333333333334, 0.7395833333333334, 0.7083333333333334, 0.7708333333333334, 0.8020833333333334, 0.8229166666666666, 0.8229166666666666, 0.8125, 0.8333333333333334, 0.6979166666666666, 0.7604166666666666, 0.7708333333333334, 0.71875, 0.7604166666666666, 0.7916666666666666, 0.75, 0.78125, 0.7291666666666666, 0.6875, 0.84375, 0.8541666666666666, 0.7604166666666666, 0.7708333333333334, 0.75, 0.6979166666666666, 0.71875, 0.7916666666666666, 0.7708333333333334, 0.7708333333333334], "1": [0.6923076923076923, 0.7403846153846154, 0.7115384615384616, 0.7115384615384616, 0.7211538461538461, 0.7403846153846154, 0.7019230769230769, 0.5961538461538461, 0.6153846153846154, 0.5961538461538461, 0.46153846153846156, 0.5576923076923077, 0.5, 0.5384615384615384, 0.5288461538461539, 0.5769230769230769, 0.47115384615384615, 0.5673076923076923, 0.6538461538461539, 0.7115384615384616, 0.7403846153846154, 0.6923076923076923, 0.6826923076923077, 0.6923076923076923, 0.6538461538461539, 0.6826923076923077, 0.6634615384615384, 0.5865384615384616, 0.6153846153846154, 0.6153846153846154, 0.6634615384615384, 0.6442307692307693, 0.7596153846153846, 0.6826923076923077, 0.6730769230769231, 0.6538461538461539, 0.6442307692307693, 0.7211538461538461, 0.7115384615384616, 0.7211538461538461, 0.7788461538461539, 0.7884615384615384, 0.8076923076923077, 0.7884615384615384, 0.8173076923076923, 0.7211538461538461, 0.7115384615384616, 0.7115384615384616], "overall": [0.715, 0.785, 0.74, 0.735, 0.74, 0.725, 0.74, 0.64, 0.605, 0.62, 0.525, 0.555, 0.605, 0.555, 0.62, 0.62, 0.535, 0.65, 0.675, 0.74, 0.74, 0.7, 0.725, 0.745, 0.735, 0.75, 0.735, 0.705, 0.655, 0.685, 0.715, 0.68, 0.76, 0.735, 0.71, 0.715, 0.685, 0.705, 0.775, 0.785, 0.77, 0.78, 0.78, 0.745, 0.77, 0.755, 0.74, 0.74]}, "pred_dict": {"0": [0.3557692307692308, 0.23076923076923078, 0.3173076923076923, 0.3942307692307692, 0.38461538461538464, 0.3269230769230769, 0.4423076923076923, 0.5096153846153846, 0.49038461538461536, 0.6057692307692307, 0.5865384615384616, 0.6057692307692307, 0.5865384615384616, 0.6057692307692307, 0.5769230769230769, 0.5288461538461539, 0.5769230769230769, 0.5, 0.4519230769230769, 0.4519230769230769, 0.3076923076923077, 0.4326923076923077, 0.46153846153846156, 0.009615384615384616, 0.41346153846153844, 0.40384615384615385, 0.4230769230769231, 0.5576923076923077, 0.47115384615384615, 0.5288461538461539, 0.4807692307692308, 0.4807692307692308, 0.3269230769230769, 0.4230769230769231, 0.4326923076923077, 0.4326923076923077, 0.38461538461538464, 0.4230769230769231, 0.3557692307692308, 0.40384615384615385, 0.28846153846153844, 0.2980769230769231, 0.33653846153846156, 0.2403846153846154, 0.23076923076923078, 0.4230769230769231, 0.4326923076923077, 0.4326923076923077], "1": [0.3020833333333333, 0.125, 0.25, 0.28125, 0.3229166666666667, 0.3958333333333333, 0.3020833333333333, 0.4375, 0.53125, 0.4375, 0.4270833333333333, 0.5520833333333334, 0.34375, 0.5104166666666666, 0.3854166666666667, 0.4375, 0.4166666666666667, 0.34375, 0.3645833333333333, 0.3125, 0.34375, 0.3541666666666667, 0.2916666666666667, 0.052083333333333336, 0.23958333333333334, 0.23958333333333334, 0.1875, 0.25, 0.3645833333333333, 0.23958333333333334, 0.25, 0.3229166666666667, 0.3020833333333333, 0.2708333333333333, 0.3125, 0.3020833333333333, 0.3125, 0.3333333333333333, 0.21875, 0.16666666666666666, 0.3020833333333333, 0.3333333333333333, 0.3541666666666667, 0.40625, 0.3645833333333333, 0.2916666666666667, 0.3125, 0.2916666666666667], "overall": [0.33, 0.18, 0.285, 0.34, 0.355, 0.36, 0.375, 0.475, 0.51, 0.525, 0.51, 0.58, 0.47, 0.56, 0.485, 0.485, 0.5, 0.425, 0.41, 0.385, 0.325, 0.395, 0.38, 0.03, 0.33, 0.325, 0.31, 0.41, 0.42, 0.39, 0.37, 0.405, 0.315, 0.35, 0.375, 0.37, 0.35, 0.38, 0.29, 0.29, 0.295, 0.315, 0.345, 0.32, 0.295, 0.36, 0.375, 0.365]}, "util": [-0.025, 0.01, -0.0125, -0.015, -0.0125, -0.02, -0.0125, -0.0625, -0.08, -0.0725, -0.12, -0.105, -0.08, -0.105, -0.0725, -0.0725, -0.115, -0.0575, -0.045, -0.0125, -0.0125, -0.0325, -0.02, -0.01, -0.015, -0.0075, -0.015, -0.03, -0.055, -0.04, -0.025, -0.0425, -0.0025, -0.015, -0.0275, -0.025, -0.04, -0.03, 0.005, 0.01, 0.0025, 0.0075, 0.0075, -0.01, 0.0025, -0.005, -0.0125, -0.0125], "DP": [0.05368589743589747, 0.10576923076923078, 0.06730769230769229, 0.11298076923076922, 0.06169871794871795, 0.06891025641025639, 0.14022435897435898, 0.07211538461538458, 0.04086538461538464, 0.16826923076923073, 0.15945512820512825, 0.053685897435897356, 0.24278846153846156, 0.0953525641025641, 0.1915064102564102, 0.09134615384615385, 0.1602564102564102, 0.15625, 0.08733974358974361, 0.13942307692307693, 0.03605769230769229, 0.07852564102564102, 0.16987179487179488, 0.04246794871794872, 0.1738782051282051, 0.1642628205128205, 0.23557692307692307, 0.3076923076923077, 0.10657051282051283, 0.2892628205128205, 0.23076923076923078, 0.1578525641025641, 0.024839743589743613, 0.15224358974358976, 0.12019230769230771, 0.1306089743589744, 0.07211538461538464, 0.08974358974358976, 0.13701923076923078, 0.2371794871794872, 0.013621794871794879, 0.03525641025641024, 0.01762820512820512, 0.1658653846153846, 0.13381410256410253, 0.1314102564102564, 0.12019230769230771, 0.14102564102564102], "EOP": [0.04435483870967738, 0.07661290322580644, 0.014112903225806495, 0.05241935483870963, 0.07258064516129037, 0.19959677419354838, 0.008064516129032251, 0.19758064516129037, 0.19758064516129037, 0.08870967741935487, 0.01814516129032262, 0.03830645161290325, 0.04233870967741937, 0.008064516129032251, 0.13508064516129037, 0.13508064516129037, 0.01814516129032262, 0.13709677419354838, 0.01008064516129037, 0.024193548387096753, 0.16935483870967738, 0.022177419354838745, 0.05443548387096775, 0.0625, 0.07459677419354838, 0.04233870967741937, 0.14516129032258063, 0.008064516129032251, 0.04233870967741937, 0.24193548387096775, 0.17943548387096775, 0.08467741935483875, 0.04233870967741937, 0.01008064516129037, 0.01008064516129037, 0.10483870967741937, 0.0766129032258065, 0.17943548387096775, 0.07459677419354838, 0.14717741935483875, 0.07459677419354838, 0.16733870967741937, 0.07056451612903225, 0.2641129032258065, 0.16935483870967738, 0.008064516129032251, 0.008064516129032251, 0.05443548387096775]}