{"cum-loop-time": [0.5655310153961182, 1.170464038848877, 1.7800679206848145, 2.2950937747955322, 2.7594258785247803, 3.2249021530151367, 3.9320690631866455, 4.538602113723755, 5.276459217071533, 6.039818286895752, 6.896963119506836, 7.6078410148620605, 8.4844651222229, 9.239866018295288, 9.990659236907959, 10.88868236541748, 11.831412315368652, 12.670027256011963, 13.612253189086914, 14.837425231933594, 15.729179620742798], "cum-varOracle-time": [0.550102949142456, 1.1398897171020508, 1.7313036918640137, 2.233602523803711, 2.6833293437957764, 3.1350815296173096, 3.824702501296997, 4.414543390274048, 5.134416580200195, 5.8802478313446045, 6.71909761428833, 7.409796714782715, 8.264214754104614, 9.003792762756348, 9.737160921096802, 10.61898398399353, 11.543616771697998, 12.366386890411377, 13.292686939239502, 14.498773097991943, 15.371187210083008], "num_lossOracle_calls": 21, "num_varOracle_calls": 21, "num_var_policies added": [0, 0, 0, 0, 0, 0, 0, 0, 0, 0, 0, 0, 0, 0, 0, 0, 0, 0, 0, 0, 0]}