{"UTIL_mean": 0.034916666666666665, "UTIL_FQ": 0.034583333333333334, "UTIL_TQ": 0.03958333333333333, "ACC_mean": 0.774, "ACC_FQ": 0.7733333333333333, "ACC_TQ": 0.7833333333333333, "DP_mean": 0.11492752535987263, "DP_FQ": 0.07957623798688035, "DP_TQ": 0.12758704041742727, "FPR_mean": 0.08932606941081517, "FPR_FQ": 0.024426060443009597, "FPR_TQ": 0.16557371536185095}