{"acc_dict": {"0": [0.7868020304568528, 0.7478849407783418, 0.817258883248731, 0.7715736040609137, 0.7428087986463621], "1": [0.7799671592775042, 0.8177339901477833, 0.7307060755336617, 0.7980295566502463, 0.7471264367816092], "overall": [0.7833333333333333, 0.7833333333333333, 0.7733333333333333, 0.785, 0.745]}, "pred_dict": {"0": [0.2521150592216582, 0.37225042301184436, 0.18781725888324874, 0.047377326565143825, 0.38747884940778343], "1": [0.33169129720853857, 0.24466338259441708, 0.4302134646962233, 0.1592775041050903, 0.4006568144499179], "overall": [0.2925, 0.3075, 0.31083333333333335, 0.10416666666666667, 0.39416666666666667]}, "util": [0.03958333333333333, 0.03958333333333333, 0.034583333333333334, 0.04041666666666666, 0.020416666666666666], "DP": [0.07957623798688035, 0.12758704041742727, 0.24239620581297455, 0.1119001775399465, 0.013177965042134476], "FPR": [0.03523226616446953, 0.16557371536185095, 0.20900591875168148, 0.024426060443009597, 0.012392386333064276]}