{"acc_dict": {"0": [0.7800338409475466, 0.8037225042301185], "1": [0.7947454844006568, 0.812807881773399], "overall": [0.7875, 0.8083333333333333]}, "pred_dict": {"0": [0.2876480541455161, 0.233502538071066], "1": [0.38587848932676516, 0.3284072249589491], "overall": [0.3375, 0.2816666666666667]}, "util": [0.03625, 0.04666666666666667], "DP": [0.09823043518124908, 0.09490468688788309], "FPR": [0.019652474120702895, 0.014642699615009719]}