{"cum-loop-time": [0.722419023513794, 1.5961050987243652, 2.6292572021484375, 3.3770358562469482, 4.468442678451538, 5.611113786697388, 7.083667755126953, 8.514391660690308, 10.487189531326294, 12.736304521560669, 14.518466711044312], "cum-varOracle-time": [0.7048358917236328, 1.5563578605651855, 2.5673489570617676, 3.2872650623321533, 4.350311994552612, 5.4668989181518555, 6.907243013381958, 8.305702924728394, 10.24321961402893, 12.459773540496826, 14.212165594100952], "num_lossOracle_calls": 11, "num_varOracle_calls": 11, "num_var_policies added": [0, 0, 0, 0, 0, 0, 0, 0, 0, 0, 0]}