{"acc_dict": {"0": [0.8037225042301185, 0.7986463620981388, 0.8087986463620981, 0.7445008460236887, 0.8341793570219966], "1": [0.8045977011494253, 0.8013136288998358, 0.8045977011494253, 0.7717569786535303, 0.7980295566502463], "overall": [0.8041666666666667, 0.8, 0.8066666666666666, 0.7583333333333333, 0.8158333333333333]}, "pred_dict": {"0": [0.23011844331641285, 0.23519458544839256, 0.21150592216582065, 0.34348561759729274, 0.1658206429780034], "1": [0.2791461412151067, 0.2824302134646962, 0.2660098522167488, 0.35467980295566504, 0.21674876847290642], "overall": [0.255, 0.25916666666666666, 0.23916666666666667, 0.3491666666666667, 0.19166666666666668]}, "util": [0.041666666666666664, 0.03958333333333333, 0.042916666666666665, 0.01875, 0.0475], "DP": [0.04902769789869388, 0.047235628016303655, 0.05450393005092813, 0.0111941853583723, 0.050928125494903026], "FPR": [0.02480762419910494, 0.026417463537139002, 0.019409296285564037, 0.05463794713287615, 0.005677366732133468]}