{"UTIL_mean": 0.03808333333333333, "UTIL_FQ": 0.03958333333333333, "UTIL_TQ": 0.042916666666666665, "ACC_mean": 0.797, "ACC_FQ": 0.8, "ACC_TQ": 0.8066666666666666, "DP_mean": 0.042577913363840196, "DP_FQ": 0.047235628016303655, "DP_TQ": 0.050928125494903026, "FPR_mean": 0.02618993957736352, "FPR_FQ": 0.019409296285564037, "FPR_TQ": 0.026417463537139002}