{"acc_dict": {"0": [0.8645833333333334, 0.90625, 0.84375, 0.8125, 0.6979166666666666, 0.78125, 0.6875, 0.6458333333333334, 0.7604166666666666, 0.7916666666666666, 0.7291666666666666], "1": [0.6634615384615384, 0.7884615384615384, 0.7980769230769231, 0.7115384615384616, 0.75, 0.8365384615384616, 0.7788461538461539, 0.8269230769230769, 0.6634615384615384, 0.7884615384615384, 0.7788461538461539], "overall": [0.76, 0.845, 0.82, 0.76, 0.725, 0.81, 0.735, 0.74, 0.71, 0.79, 0.755]}, "pred_dict": {"0": [0.0, 0.125, 0.1346153846153846, 0.0673076923076923, 0.125, 0.19230769230769232, 0.2692307692307692, 0.20192307692307693, 0.0, 0.125, 0.2692307692307692], "1": [0.10416666666666667, 0.16666666666666666, 0.25, 0.3020833333333333, 0.3958333333333333, 0.3333333333333333, 0.46875, 0.53125, 0.0, 0.3229166666666667, 0.3854166666666667], "overall": [0.05, 0.145, 0.19, 0.18, 0.255, 0.26, 0.365, 0.36, 0.0, 0.22, 0.325]}, "util": [0.025, 0.0675, 0.055, 0.025, 0.0075, 0.05, 0.0125, 0.015, 0.0, 0.04, 0.0225], "DP": [0.10416666666666667, 0.04166666666666666, 0.11538461538461539, 0.23477564102564102, 0.2708333333333333, 0.141025641025641, 0.19951923076923078, 0.3293269230769231, 0.0, 0.19791666666666669, 0.11618589743589747], "EOP": [0.43478260869565216, 0.28074534161490683, 0.29565217391304344, 0.5677018633540372, 0.3813664596273292, 0.19627329192546583, 0.25465838509316774, 0.3267080745341615, 0.0, 0.3677018633540372, 0.16770186335403725]}