{"UTIL": {"mean": 0.02909090909090909, "FQ": 0.01375, "TQ": 0.045, "STD": 0.02037357711910452, "Q025": 0.001875, "Q975": 0.064375}, "ACC": {"mean": 0.7681818181818183, "FQ": 0.7375, "TQ": 0.8, "STD": 0.04074715423820904, "Q025": 0.71375, "Q975": 0.83875}, "DP": {"mean": 0.1591637529137529, "FQ": 0.10977564102564102, "TQ": 0.2171474358974359, "STD": 0.09367698624584456, "Q025": 0.010416666666666664, "Q975": 0.3147035256410256}, "EOP": {"mean": 0.29757199322416716, "FQ": 0.22546583850931678, "TQ": 0.3745341614906832, "STD": 0.14218767706317825, "Q025": 0.04192546583850931, "Q975": 0.534472049689441}}