{"UTIL": {"mean": -0.009615384615384616, "FQ": 0.0, "TQ": 0.0, "STD": 0.09121954788947248, "Q025": -0.2125, "Q975": 0.125}, "ACC": {"mean": 0.7307692307692307, "FQ": 0.75, "TQ": 0.75, "STD": 0.18243909577894496, "Q025": 0.325, "Q975": 1.0}, "DP": {"mean": 0.11538461538461539, "FQ": 0.0, "TQ": 0.0, "STD": 0.2106625221173716, "Q025": 0.0, "Q975": 0.5}, "EOP": {"mean": 0.23076923076923078, "FQ": 0.0, "TQ": 0.0, "STD": 0.4213250442347432, "Q025": 0.0, "Q975": 1.0}}