{"ACC": {"0": [0.7984189723320159, 0.8023715415019763, 0.8217391304347826, 0.7196652719665272], "1": [0.805668016194332, 0.8340080971659919, 0.7407407407407407, 0.7394636015325671], "overall": [0.802, 0.818, 0.778, 0.73]}, "mean_pred": {"0": [0.2964426877470356, 0.20553359683794467, 0.30869565217391304, 0.4393305439330544], "1": [0.21052631578947367, 0.18218623481781376, 0.32222222222222224, 0.2796934865900383], "overall": [0.254, 0.194, 0.316, 0.356]}, "Utility": [0.045, 0.049, 0.032, 0.012], "DP": [0.08591637195756191, 0.023347362020130907, 0.013526570048309206, 0.1596370573430161], "TPR": [0.10505212510024065, 0.023809523809523836, 0.09784735812133072, 0.20018656716417915], "EO": [0.10505212510024065, 0.02527959354379008, 0.09784735812133072, 0.20018656716417915]}