{"UTIL_mean": 0.02625, "UTIL_FQ": 0.0, "UTIL_TQ": 0.05, "ACC_mean": 0.6525, "ACC_FQ": 0.6, "ACC_TQ": 0.7, "DP_mean": 0.35282828282828277, "DP_FQ": 0.03787878787878787, "DP_TQ": 0.595959595959596, "EOP_mean": 0.5433333333333333, "EOP_FQ": 0.16666666666666666, "EOP_TQ": 0.8333333333333334, "UTIL_STD": 0.031099638261561823, "ACC_STD": 0.06219927652312364, "DP_STD": 0.26883589320581386, "EOP_STD": 0.37164798159309603, "UTIL_Q025": -0.025, "UTIL_Q975": 0.075, "ACC_Q025": 0.55, "ACC_Q975": 0.75, "DP_Q025": 0.0, "DP_Q975": 0.7176767676767675, "EOP_Q025": 0.0, "EOP_Q975": 1.0}