{"RT": 8.0, "regt": {"mean": 0.53125, "FQ": 0.0, "TQ": 1.0, "STD": 0.4831132760543846, "Q025": 0.0, "Q975": 1.0}, "regt_cum": {"mean": 5.4375, "FQ": 3.75, "TQ": 7.125, "STD": 2.5487435630129602, "Q025": 1.0, "Q975": 8.5}, "regT": {"mean": 0.5, "FQ": 0.0, "TQ": 1.0, "STD": 0.46770717334674267, "Q025": 0.0, "Q975": 1.0}, "regT_cum": {"mean": 5.28125, "FQ": 3.75, "TQ": 7.125, "STD": 2.3780818820007017, "Q025": 1.0, "Q975": 7.8125}}