{"RT": 6.02864009866207, "regt": {"mean": 0.35134095768694573, "FQ": -0.19451306612756558, "TQ": 1.0, "STD": 0.7267440312215844, "Q025": -1.0, "Q975": 1.0}, "regt_cum": {"mean": 3.6217687851830638, "FQ": 2.0, "TQ": 5.022173872800231, "STD": 1.8732421345713688, "Q025": 0.375, "Q975": 6.000601921360584}, "regT": {"mean": 0.37679000616637937, "FQ": -0.17585700117574682, "TQ": 1.0, "STD": 0.6352050563773524, "Q025": -0.7469272023617318, "Q975": 1.0}, "regT_cum": {"mean": 4.356575432875253, "FQ": 3.0, "TQ": 5.808778324788339, "STD": 1.7730960112899627, "Q025": 1.0, "Q975": 6.066174718998852}}