{"regt": [1, -1, 1, 1, 1, -1, 1, 1, 1, -0.05555555555555558, -0.18190942751379047, -0.17383952572973227, 0.5, 1.0, -0.23491618624089972, -0.23232398196889092], "regt_cum": [1.0, 0.0, 1.0, 2.0, 3.0, 2.0, 3.0, 4.0, 5.0, 4.944444444444445, 4.762535016930654, 4.588695491200921, 5.088695491200921, 6.088695491200921, 5.853779304960021, 5.62145532299113], "regT": [1, 0, 1, 1, 1, -1, 1, 1, 1, -0.05555555555555558, -0.18190942751379047, -0.17383952572973227, 0.5, -0.32513920629795146, -0.23491618624089972, 0.5], "regT_cum": [1.0, 1.0, 2.0, 3.0, 4.0, 3.0, 4.0, 5.0, 6.0, 5.944444444444445, 5.762535016930654, 5.588695491200921, 6.088695491200921, 5.76355628490297, 5.52864009866207, 6.02864009866207]}