{"acc_dict": {"0": [0.7291666666666666, 0.7395833333333334, 0.7395833333333334, 0.7395833333333334, 0.8125, 0.8125, 0.8125, 0.8125, 0.875, 0.84375, 0.8125], "1": [0.8269230769230769, 0.7115384615384616, 0.6346153846153846, 0.7884615384615384, 0.8173076923076923, 0.7692307692307693, 0.7980769230769231, 0.7884615384615384, 0.7980769230769231, 0.8076923076923077, 0.7211538461538461], "overall": [0.78, 0.725, 0.685, 0.765, 0.815, 0.79, 0.805, 0.8, 0.835, 0.825, 0.765]}, "pred_dict": {"0": [0.16346153846153846, 0.3942307692307692, 0.5288461538461539, 0.2980769230769231, 0.1346153846153846, 0.125, 0.15384615384615385, 0.0673076923076923, 0.09615384615384616, 0.08653846153846154, 0.0], "1": [0.1875, 0.3229166666666667, 0.3229166666666667, 0.3229166666666667, 0.020833333333333332, 0.0, 0.0, 0.0, 0.08333333333333333, 0.03125, 0.0], "overall": [0.175, 0.36, 0.43, 0.31, 0.08, 0.065, 0.08, 0.035, 0.09, 0.06, 0.0]}, "util": [0.0075, -0.02, -0.04, 0.0, 0.025, 0.0125, 0.02, 0.0175, 0.035, 0.03, 0.0], "DP": [0.024038461538461536, 0.07131410256410253, 0.20592948717948717, 0.024839743589743613, 0.11378205128205128, 0.125, 0.15384615384615385, 0.0673076923076923, 0.01282051282051283, 0.055288461538461536, 0.0], "EOP": [0.2049808429118774, 0.02298850574712652, 0.12643678160919547, 0.011494252873563204, 0.35823754789272033, 0.3103448275862069, 0.41379310344827586, 0.2413793103448276, 0.07854406130268199, 0.14367816091954025, 0.0]}