{"UTIL": {"mean": 0.007954545454545455, "FQ": 0.0, "TQ": 0.0225, "STD": 0.021261846479139094, "Q025": -0.034999999999999996, "Q975": 0.03375}, "ACC": {"mean": 0.7809090909090909, "FQ": 0.765, "TQ": 0.81, "STD": 0.04252369295827816, "Q025": 0.6950000000000001, "Q975": 0.8325}, "DP": {"mean": 0.07765151515151515, "FQ": 0.024439102564102574, "TQ": 0.11939102564102563, "STD": 0.06204959802810828, "Q025": 0.0032051282051282076, "Q975": 0.19290865384615383}, "EOP": {"mean": 0.17380703587600144, "FQ": 0.050766283524904254, "TQ": 0.27586206896551724, "STD": 0.13728391025862713, "Q025": 0.002873563218390801, "Q975": 0.39990421455938696}}