{"UTIL": {"mean": -0.23809523809523808, "FQ": -0.5, "TQ": 0.0, "STD": 0.2421529238905713, "Q025": -0.5, "Q975": 0.0}, "ACC": {"mean": 0.5238095238095238, "FQ": 0.0, "TQ": 1.0, "STD": 0.4843058477811426, "Q025": 0.0, "Q975": 1.0}, "DP": {"mean": 0.023809523809523808, "FQ": 0.0, "TQ": 0.0, "STD": 0.10647942749998998, "Q025": 0.0, "Q975": 0.4875000000000007}, "EOP": {"mean": 0.0, "FQ": 0.0, "TQ": 0.0, "STD": 0.0, "Q025": 0.0, "Q975": 0.0}}