{"cum-loop-time": [0.4432690143585205, 1.1231558322906494, 1.6495306491851807, 2.0932326316833496, 2.5283918380737305, 3.2186858654022217, 3.6915550231933594, 4.337080240249634, 4.840918064117432, 6.12273907661438, 7.807455062866211, 9.436393976211548], "cum-varOracle-time": [0.4286508560180664, 1.0940968990325928, 1.6077001094818115, 2.0385801792144775, 2.4584553241729736, 3.129101276397705, 3.5861310958862305, 4.215127944946289, 4.704625606536865, 5.975475788116455, 7.647799491882324, 9.255974531173706], "num_lossOracle_calls": 12, "num_varOracle_calls": 12, "num_var_policies added": [0, 0, 0, 0, 0, 0, 0, 0, 0, 0, 0, 0]}