{"UTIL": {"mean": -0.03571428571428571, "FQ": -0.0625, "TQ": 0.0, "STD": 0.056469243931578206, "Q025": -0.125, "Q975": 0.0}, "ACC": {"mean": 0.9285714285714286, "FQ": 0.875, "TQ": 1.0, "STD": 0.1129384878631564, "Q025": 0.75, "Q975": 1.0}, "DP": {"mean": 0.14285714285714285, "FQ": 0.0, "TQ": 0.25, "STD": 0.22587697572631282, "Q025": 0.0, "Q975": 0.5}, "EOP": {"mean": 0.0, "FQ": 0.0, "TQ": 0.0, "STD": 0.0, "Q025": 0.0, "Q975": 0.0}}