{"UTIL": {"mean": 0.07142857142857142, "FQ": 0.0, "TQ": 0.125, "STD": 0.06185895741317419, "Q025": 0.0, "Q975": 0.125}, "ACC": {"mean": 0.6428571428571429, "FQ": 0.5, "TQ": 0.75, "STD": 0.12371791482634836, "Q025": 0.5, "Q975": 0.75}, "DP": {"mean": 0.2857142857142857, "FQ": 0.0, "TQ": 0.5, "STD": 0.24743582965269675, "Q025": 0.0, "Q975": 0.5}, "EOP": {"mean": 0.5714285714285714, "FQ": 0.0, "TQ": 1.0, "STD": 0.4948716593053935, "Q025": 0.0, "Q975": 1.0}}