{"UTIL_mean": -0.014499999999999999, "UTIL_FQ": -0.025, "UTIL_TQ": 0.025, "ACC_mean": 0.721, "ACC_FQ": 0.7, "ACC_TQ": 0.8, "DP_mean": 0.19353535353535356, "DP_FQ": 0.0505050505050505, "DP_TQ": 0.3232323232323232, "EOP_mean": 0.19166666666666668, "EOP_FQ": 0.0, "EOP_TQ": 0.375, "UTIL_STD": 0.07690741186647747, "ACC_STD": 0.15381482373295494, "DP_STD": 0.15283412434508917, "EOP_STD": 0.26074146411936694, "UTIL_Q025": -0.25, "UTIL_Q975": 0.075, "ACC_Q025": 0.25, "ACC_Q975": 0.9, "DP_Q025": 0.0, "DP_Q975": 0.48106060606060563, "EOP_Q025": 0.0, "EOP_Q975": 0.8416666666666638}