{"UTIL": {"mean": -0.016111111111111107, "FQ": -0.0225, "TQ": -0.015, "STD": 0.0162066134953498, "Q025": -0.040499999999999994, "Q975": 0.01}, "ACC": {"mean": 0.6577777777777779, "FQ": 0.645, "TQ": 0.66, "STD": 0.03241322699069959, "Q025": 0.609, "Q975": 0.71}, "DP": {"mean": 0.03454415954415954, "FQ": 0.015224358974358969, "TQ": 0.03125, "STD": 0.044663749434990456, "Q025": 0.0025641025641025576, "Q975": 0.13269230769230766}, "EOP": {"mean": 0.0551440329218107, "FQ": 0.04021164021164021, "TQ": 0.053968253968253964, "STD": 0.03025889466873066, "Q025": 0.023280423280423287, "Q975": 0.11513227513227513}}