{"acc_dict": {"0": [0.6666666666666666, 0.6458333333333334, 0.65625, 0.6979166666666666, 0.6666666666666666, 0.59375, 0.7083333333333334, 0.625, 0.7083333333333334], "1": [0.625, 0.6442307692307693, 0.6346153846153846, 0.625, 0.6538461538461539, 0.6057692307692307, 0.7115384615384616, 0.6634615384615384, 0.7115384615384616], "overall": [0.645, 0.645, 0.645, 0.66, 0.66, 0.6, 0.71, 0.645, 0.71]}, "pred_dict": {"0": [0.09615384615384616, 0.09615384615384616, 0.10576923076923077, 0.07692307692307693, 0.04807692307692308, 0.1346153846153846, 0.375, 0.019230769230769232, 0.0673076923076923], "1": [0.07291666666666667, 0.11458333333333333, 0.10416666666666667, 0.08333333333333333, 0.07291666666666667, 0.16666666666666666, 0.34375, 0.17708333333333334, 0.052083333333333336], "overall": [0.085, 0.105, 0.105, 0.08, 0.06, 0.15, 0.36, 0.095, 0.06]}, "util": [-0.0225, -0.0225, -0.0225, -0.015, -0.015, -0.045, 0.01, -0.0225, 0.01], "DP": [0.023237179487179488, 0.01842948717948717, 0.0016025641025640969, 0.006410256410256401, 0.02483974358974359, 0.03205128205128205, 0.03125, 0.1578525641025641, 0.015224358974358969], "EOP": [0.04867724867724868, 0.04021164021164021, 0.04021164021164021, 0.053968253968253964, 0.020105820105820106, 0.04021164021164021, 0.035978835978836, 0.11957671957671957, 0.09735449735449736]}