{"ACC_mean": 0.77, "mean_pred_mean": 0.3031666666666667, "Utility_mean": 0.03791666666666667, "DP_mean": 0.11225359039117136}