{"ACC": {"0": [0.7504105090311987, 0.7980295566502463, 0.7783251231527094, 0.7865353037766831, 0.7832512315270936], "1": [0.7800338409475466, 0.7106598984771574, 0.7901861252115059, 0.754653130287648, 0.766497461928934], "overall": [0.765, 0.755, 0.7841666666666667, 0.7708333333333334, 0.775]}, "mean_pred": {"0": [0.24534686971235195, 0.36548223350253806, 0.22504230118443316, 0.30456852791878175, 0.2656514382402707], "1": [0.4269293924466338, 0.2676518883415435, 0.3563218390804598, 0.22988505747126436, 0.3415435139573071], "overall": [0.3375, 0.31583333333333335, 0.2916666666666667, 0.26666666666666666, 0.30416666666666664]}, "Utility": [0.035416666666666666, 0.030416666666666668, 0.045, 0.03833333333333333, 0.04041666666666666], "DP": [0.18158252273428185, 0.09783034516099454, 0.13127953789602662, 0.07468347044751739, 0.07589207571703638]}