{"RT": 71.5, "regt": {"mean": 0.375, "FQ": 0.0, "TQ": 1.0, "STD": 0.44930501889028573, "Q025": 0.0, "Q975": 1.0}, "regt_cum": {"mean": 36.5975, "FQ": 14.0, "TQ": 58.0, "STD": 22.288096458648056, "Q025": 3.9750000000000005, "Q975": 74.5125}, "regT": {"mean": 0.3575, "FQ": 0.0, "TQ": 1.0, "STD": 0.43410108269848857, "Q025": 0.0, "Q975": 1.0}, "regT_cum": {"mean": 34.63, "FQ": 13.5, "TQ": 54.0, "STD": 21.041699075882633, "Q025": 1.9750000000000005, "Q975": 71.0}}