{"RT": 26.264445309738882, "regt": {"mean": 0.14818123744117187, "FQ": -0.4315391257407376, "TQ": 1.0, "STD": 0.6796794296293512, "Q025": -0.8222730725877965, "Q975": 1.0}, "regt_cum": {"mean": 14.309380755054246, "FQ": 4.717362160576503, "TQ": 23.740718469403994, "STD": 9.570286890059277, "Q025": 0.6307315313623267, "Q975": 30.240622599592097}, "regT": {"mean": 0.13132222654869438, "FQ": -0.43723575480015514, "TQ": 1.0, "STD": 0.6644885454468774, "Q025": -0.8326421653901277, "Q975": 1.0}, "regT_cum": {"mean": 13.438696457514801, "FQ": 5.9455917451799465, "TQ": 19.05916988249785, "STD": 7.54071980328268, "Q025": 0.9750000000000005, "Q975": 26.266652021951007}}