{"regt": [-1, -1, 1, 1, 1, 1, 1, 1, 0.0, -0.24379961633565994, 1.0, -0.21806332378176885, 1.0, -0.26717256687828106, -0.19231203080773085, -0.25626226795873586, 1.0, 0.0, -0.16117402584347706, -0.1592331330323139, -0.33965956772251804, -0.36752998896149314, -0.26914451730610933, 0.0, 1.0, -0.3634078225076306, -0.2567333342167011, -0.24606369206789358, -0.24767047681745058, -0.3165059187990933, -0.2392718917999822, -0.233162853332317, -0.22923801604795824, -1.7949623859127426, 1.0, -0.21764546285455366, 1.0, -0.2147195822949749, -0.3942221619763383, -0.3983775525017711, -0.39921291931594083, -0.5216143108455291, 1.0, 0.0, -0.3951860188513171, -0.3874093250100893, -0.43232761540346487, -0.39207671139394074, 1.0, 0.0, -0.37882198519461574, -0.43991927530747243, -0.38743998491000553, -0.3571253059121027, 0.5, 1.0, 0.5, 1.0, -0.43111904052716, 1.0, 0.5, 0.5, -0.327336358643473, 1.0, -0.31079953065769506, -0.33010779104439714, -0.3260957918675492, -0.32040766878231186, 0.5, 1.0, 0.5, 1.0, 1.0, 1.0, -0.4161584808254054, 0.5, 0.5, 1.0, 1.0, -0.6881899384990131, -0.5966679778800241, 0.5, 1.0, 1.0, 1.0, 0.0, -0.6084944895391544, -0.6001032538474158, 1.0, -0.5786000467116177, 1.0, 0.0, 1.0, 0.0, -0.6102537577575382, -0.5782106448576254, 0.5, 0.0, 0.0, 1.0, 0.5, -0.8185892619843202, 0.5, 1.0, -0.3716955928457224, -0.5660610964658983, -0.5945177296644226, 1.0, -0.5665040216741564, 0.0, 1.0, -0.5647784062708336, -1.1908321568445328, 1.0, 0.0, 0.0, 0.5, -0.6073397617978864, -0.6017389985251835, -0.6046322200067111, 1.0, 1.0, 1.0, 1.0, 0.0, -0.5913302955249573, 1.0, 0.5, 1.0, 1.0, 0.0, 1.0, -0.5983722515529364, -0.6017775836872059, -0.6291245983662808, -0.6023790025971381, 0.5, -0.688586094106185, 1.0, 1.0, 0.5, -0.5923415444323068, 1.0, -0.6424489265349129, 1.0, -0.6077358930242236, 1.0, 1.0, 1.0, -0.6753590861958922, -0.7107985157462533, -0.43127629585316185, 0.5, -0.6132649894521418, 1.0, -0.6412473683832272, 0.5, 0.0, -0.509979703638147, 0.0, -0.5744201381470402, 1.0, -0.45196017299022606, 1.0, -0.6349161035351618, -0.4184186580641457, 0.0, 0.5, 0.5, 0.5, -0.6909736020970862, -0.6488386354368871, 0.5, 1.0, -0.9659416861233745, 0.5, 0.5, 1.0, 0.0, -0.6217239462406856, -0.6425631848749538, 1.0, 0.0, 1.0, 1.0, 1.0, 0.0, -0.6868706874549002, 1.0, 1.0, -0.6111821298018489, 0.0, -0.5842596998015279, 0.5, 1.0, 0.5, -0.5855499659388681, 0.0, -0.5882684884848797, -0.5951436042570437], "regt_cum": [-1.0, -2.0, -1.0, 0.0, 1.0, 2.0, 3.0, 4.0, 4.0, 3.75620038366434, 4.75620038366434, 4.538137059882571, 5.538137059882571, 5.27096449300429, 5.078652462196559, 4.822390194237824, 5.822390194237824, 5.822390194237824, 5.661216168394347, 5.501983035362033, 5.162323467639515, 4.794793478678022, 4.525648961371912, 4.525648961371912, 5.525648961371912, 5.162241138864282, 4.905507804647581, 4.659444112579687, 4.411773635762236, 4.095267716963143, 3.8559958251631605, 3.6228329718308436, 3.3935949557828855, 1.598632569870143, 2.598632569870143, 2.3809871070155895, 3.3809871070155895, 3.1662675247206145, 2.7720453627442763, 2.3736678102425053, 1.9744548909265645, 1.4528405800810353, 2.4528405800810353, 2.4528405800810353, 2.057654561229718, 1.6702452362196287, 1.2379176208161637, 0.845840909422223, 1.845840909422223, 1.845840909422223, 1.4670189242276073, 1.0270996489201347, 0.6396596640101292, 0.2825343580980265, 0.7825343580980265, 1.7825343580980264, 2.2825343580980264, 3.2825343580980264, 2.8514153175708663, 3.8514153175708663, 4.351415317570867, 4.851415317570867, 4.524078958927394, 5.524078958927394, 5.213279428269699, 4.883171637225302, 4.557075845357753, 4.236668176575441, 4.736668176575441, 5.736668176575441, 6.236668176575441, 7.236668176575441, 8.236668176575442, 9.236668176575442, 8.820509695750037, 9.320509695750037, 9.820509695750037, 10.820509695750037, 11.820509695750037, 11.132319757251024, 10.535651779371, 11.035651779371, 12.035651779371, 13.035651779371, 14.035651779371, 14.035651779371, 13.427157289831845, 12.827054035984428, 13.827054035984428, 13.24845398927281, 14.24845398927281, 14.24845398927281, 15.24845398927281, 15.24845398927281, 14.638200231515272, 14.059989586657647, 14.559989586657647, 14.559989586657647, 14.559989586657647, 15.559989586657647, 16.059989586657647, 15.241400324673327, 15.741400324673327, 16.74140032467333, 16.369704731827607, 15.80364363536171, 15.209125905697286, 16.209125905697285, 15.642621884023129, 15.642621884023129, 16.64262188402313, 16.077843477752296, 14.887011320907764, 15.887011320907764, 15.887011320907764, 15.887011320907764, 16.387011320907764, 15.779671559109877, 15.177932560584694, 14.573300340577983, 15.573300340577983, 16.573300340577983, 17.573300340577983, 18.573300340577983, 18.573300340577983, 17.981970045053025, 18.981970045053025, 19.481970045053025, 20.481970045053025, 21.481970045053025, 21.481970045053025, 22.481970045053025, 21.883597793500087, 21.28182020981288, 20.6526956114466, 20.05031660884946, 20.55031660884946, 19.861730514743275, 20.861730514743275, 21.861730514743275, 22.361730514743275, 21.769388970310967, 22.769388970310967, 22.126940043776052, 23.126940043776052, 22.51920415075183, 23.51920415075183, 24.51920415075183, 25.51920415075183, 24.843845064555936, 24.13304654880968, 23.701770252956518, 24.201770252956518, 23.588505263504377, 24.588505263504377, 23.94725789512115, 24.44725789512115, 24.44725789512115, 23.937278191483003, 23.937278191483003, 23.362858053335962, 24.362858053335962, 23.910897880345736, 24.910897880345736, 24.275981776810575, 23.85756311874643, 23.85756311874643, 24.35756311874643, 24.85756311874643, 25.35756311874643, 24.666589516649346, 24.017750881212457, 24.517750881212457, 25.517750881212457, 24.55180919508908, 25.05180919508908, 25.55180919508908, 26.55180919508908, 26.55180919508908, 25.930085248848396, 25.28752206397344, 26.28752206397344, 26.28752206397344, 27.28752206397344, 28.28752206397344, 29.28752206397344, 29.28752206397344, 28.60065137651854, 29.60065137651854, 30.60065137651854, 29.98946924671669, 29.98946924671669, 29.405209546915163, 29.905209546915163, 30.905209546915163, 31.405209546915163, 30.819659580976296, 30.819659580976296, 30.231391092491418, 29.636247488234375],