{"regt": [1, 1, -1, 1, 1, -1, 1, 1, -1, -0.05555555555555558, -0.18546442721924572, -0.17716690685335557, 1.0, -0.3163869923219992, -0.23017344863720934, 0.5], "regt_cum": [1.0, 2.0, 1.0, 2.0, 3.0, 2.0, 3.0, 4.0, 3.0, 2.9444444444444446, 2.758980017225199, 2.581813110371843, 3.581813110371843, 3.265426118049844, 3.0352526694126345, 3.5352526694126345], "regT": [1, 0, 0, 1, 1, -1, 1, 1, -1, -0.05555555555555558, -0.18546442721924572, -0.17716690685335557, 1.0, 0.5, -0.23017344863720934, -0.3447111195230602], "regT_cum": [1.0, 1.0, 1.0, 2.0, 3.0, 2.0, 3.0, 4.0, 3.0, 2.9444444444444446, 2.758980017225199, 2.581813110371843, 3.581813110371843, 4.081813110371844, 3.8516396617346342, 3.506928542211574]}