{"RT": 6.5, "regt": {"mean": 0.46875, "FQ": 0.0, "TQ": 1.0, "STD": 0.4831132760543846, "Q025": 0.0, "Q975": 1.0}, "regt_cum": {"mean": 4.96875, "FQ": 3.75, "TQ": 6.25, "STD": 1.9880011160711153, "Q025": 1.375, "Q975": 7.3125}, "regT": {"mean": 0.40625, "FQ": 0.0, "TQ": 1.0, "STD": 0.47495887979908324, "Q025": 0.0, "Q975": 1.0}, "regT_cum": {"mean": 4.09375, "FQ": 2.75, "TQ": 5.25, "STD": 1.9463005773775026, "Q025": 1.0, "Q975": 6.5}}