{"RT": 3.506928542211574, "regt": {"mean": 0.22095329183828966, "FQ": -0.25172683455840683, "TQ": 1.0, "STD": 0.7782523055291146, "Q025": -1.0, "Q975": 1.0}, "regt_cum": {"mean": 2.6689363837055278, "FQ": 2.0, "TQ": 3.0927960315719365, "STD": 0.8358791452836043, "Q025": 1.0, "Q975": 3.843179916389441}, "regT": {"mean": 0.21918303388822336, "FQ": -0.19664168257373663, "TQ": 1.0, "STD": 0.6947129767604606, "Q025": -1.0, "Q975": 1.0}, "regT_cum": {"mean": 2.7067144997957113, "FQ": 2.0, "TQ": 3.5256496842516416, "STD": 1.0109057799180223, "Q025": 1.0, "Q975": 4.051133193982402}}