{"cum-loop-time": [0.392819881439209, 0.9436440467834473, 1.333611011505127, 1.9411094188690186, 2.437462329864502, 2.8890364170074463, 3.3227932453155518, 3.733670473098755, 4.286655426025391, 4.829897403717041, 5.468562364578247, 5.8999693393707275, 6.377927303314209, 7.0715012550354, 7.622511386871338, 8.4361093044281, 9.001240968704224, 9.916695833206177, 10.761213064193726, 11.383862733840942, 11.957864761352539, 12.48479676246643, 13.079183101654053, 13.652072191238403, 14.284646034240723, 14.828034162521362, 15.368097305297852, 16.011699438095093, 16.558881521224976, 17.16147756576538, 17.81772255897522, 18.680054664611816, 19.726587533950806, 20.61492657661438, 21.583750247955322, 22.553641319274902, 23.382327556610107, 24.394579648971558, 25.13689875602722, 25.897299766540527, 26.952675819396973], "cum-varOracle-time": [0.377288818359375, 0.9093568325042725, 1.2841007709503174, 1.872260570526123, 2.35438871383667, 2.7889866828918457, 3.2046585083007812, 3.5986955165863037, 4.130939483642578, 4.655083417892456, 5.275668382644653, 5.692739486694336, 6.152977705001831, 6.832383871078491, 7.367731094360352, 8.170025110244751, 8.716699123382568, 9.618815898895264, 10.449566841125488, 11.051138877868652, 11.609495878219604, 12.119659900665283, 12.698588848114014, 13.25387191772461, 13.86496090888977, 14.392450094223022, 14.918088912963867, 15.547006845474243, 16.078941822052002, 16.66547393798828, 17.303759813308716, 18.146649837493896, 19.174022674560547, 20.04326558113098, 21.000130653381348, 21.95814275741577, 22.768685817718506, 23.764179944992065, 24.49169397354126, 25.23599910736084, 26.271199703216553], "num_lossOracle_calls": 41, "num_varOracle_calls": 41, "num_var_policies added": [0, 0, 0, 0, 0, 0, 0, 0, 0, 0, 0, 0, 0, 0, 0, 0, 0, 0, 0, 0, 0, 0, 0, 0, 0, 0, 0, 0, 0, 0, 0, 0, 0, 0, 0, 0, 0, 0, 0, 0, 0]}