{"ACC": {"0": [0.7898193760262726], "1": [0.7834179357021996], "overall": [0.7866666666666666]}, "mean_pred": {"0": [0.19627749576988154], "1": [0.3251231527093596], "overall": [0.26166666666666666]}, "Utility": [0.05], "DP": [0.12884565693947805]}