{"ACC_mean": 0.7866666666666666, "mean_pred_mean": 0.26166666666666666, "Utility_mean": 0.05, "DP_mean": 0.12884565693947805}