{"UTIL": {"mean": -0.07142857142857142, "FQ": -0.09259259259259259, "TQ": -0.046296296296296294, "STD": 0.05096742394064738, "Q025": -0.17592592592592593, "Q975": 0.009259259259259259}, "ACC": {"mean": 0.634920634920635, "FQ": 0.5925925925925926, "TQ": 0.6851851851851852, "STD": 0.10193484788129475, "Q025": 0.42592592592592593, "Q975": 0.7962962962962963}, "DP": {"mean": 0.17658451880050757, "FQ": 0.09957924263674614, "TQ": 0.2847124824684432, "STD": 0.11900256918755175, "Q025": 0.0, "Q975": 0.38288920056100983}, "EOP": {"mean": 0.2857142857142857, "FQ": 0.22857142857142854, "TQ": 0.3714285714285714, "STD": 0.1532289330645016, "Q025": 0.0, "Q975": 0.5142857142857142}}