{"acc_dict": {"0": [0.8387096774193549, 0.8709677419354839, 0.8387096774193549, 0.8387096774193549, 0.7419354838709677, 0.6129032258064516, 0.5161290322580645, 0.5161290322580645, 0.5161290322580645, 0.6129032258064516, 0.6774193548387096, 0.7419354838709677, 0.7419354838709677, 0.6129032258064516, 0.6129032258064516, 0.6774193548387096, 0.6129032258064516, 0.41935483870967744, 0.45161290322580644, 0.6774193548387096, 0.7096774193548387], "1": [0.6956521739130435, 0.6956521739130435, 0.6956521739130435, 0.7391304347826086, 0.6956521739130435, 0.6956521739130435, 0.7391304347826086, 0.6956521739130435, 0.6956521739130435, 0.7391304347826086, 0.5217391304347826, 0.5217391304347826, 0.5217391304347826, 0.5652173913043478, 0.43478260869565216, 0.5217391304347826, 0.4782608695652174, 0.34782608695652173, 0.4782608695652174, 0.5217391304347826, 0.6521739130434783], "overall": [0.7777777777777778, 0.7962962962962963, 0.7777777777777778, 0.7962962962962963, 0.7222222222222222, 0.6481481481481481, 0.6111111111111112, 0.5925925925925926, 0.5925925925925926, 0.6666666666666666, 0.6111111111111112, 0.6481481481481481, 0.6481481481481481, 0.5925925925925926, 0.5370370370370371, 0.6111111111111112, 0.5555555555555556, 0.3888888888888889, 0.46296296296296297, 0.6111111111111112, 0.6851851851851852]}, "pred_dict": {"0": [0.0, 0.2608695652173913, 0.0, 0.13043478260869565, 0.2608695652173913, 0.2608695652173913, 0.30434782608695654, 0.2608695652173913, 0.2608695652173913, 0.30434782608695654, 0.43478260869565216, 0.34782608695652173, 0.43478260869565216, 0.4782608695652174, 0.43478260869565216, 0.6086956521739131, 0.6521739130434783, 0.8695652173913043, 0.6521739130434783, 0.6086956521739131, 0.4782608695652174], "1": [0.0, 0.03225806451612903, 0.0, 0.0, 0.16129032258064516, 0.2903225806451613, 0.3870967741935484, 0.3870967741935484, 0.3870967741935484, 0.2903225806451613, 0.22580645161290322, 0.16129032258064516, 0.0967741935483871, 0.2903225806451613, 0.2903225806451613, 0.22580645161290322, 0.3548387096774194, 0.5483870967741935, 0.5161290322580645, 0.22580645161290322, 0.1935483870967742], "overall": [0.0, 0.12962962962962962, 0.0, 0.05555555555555555, 0.2037037037037037, 0.2777777777777778, 0.35185185185185186, 0.3333333333333333, 0.3333333333333333, 0.2962962962962963, 0.3148148148148148, 0.24074074074074073, 0.24074074074074073, 0.37037037037037035, 0.35185185185185186, 0.3888888888888889, 0.48148148148148145, 0.6851851851851852, 0.5740740740740741, 0.3888888888888889, 0.3148148148148148]}, "util": [0.0, 0.009259259259259259, 0.0, 0.009259259259259259, -0.027777777777777776, -0.06481481481481481, -0.08333333333333333, -0.09259259259259259, -0.09259259259259259, -0.05555555555555555, -0.08333333333333333, -0.06481481481481481, -0.06481481481481481, -0.09259259259259259, -0.12037037037037036, -0.08333333333333333, -0.1111111111111111, -0.19444444444444445, -0.1574074074074074, -0.08333333333333333, -0.046296296296296294], "DP": [0.0, 0.22861150070126227, 0.0, 0.13043478260869565, 0.09957924263674614, 0.029453015427770013, 0.08274894810659184, 0.12622720897615708, 0.12622720897615708, 0.014025245441795231, 0.20897615708274894, 0.18653576437587657, 0.3380084151472651, 0.1879382889200561, 0.14446002805049085, 0.38288920056100983, 0.2973352033660589, 0.3211781206171108, 0.13604488078541377, 0.38288920056100983, 0.2847124824684432], "EOP": [0.0, 0.22857142857142854, 0.0, 0.2857142857142857, 0.22857142857142854, 0.22857142857142854, 0.3714285714285714, 0.22857142857142854, 0.22857142857142854, 0.3714285714285714, 0.22857142857142854, 0.08571428571428569, 0.42857142857142855, 0.3714285714285714, 0.08571428571428569, 0.5142857142857142, 0.3142857142857143, 0.4571428571428571, 0.3142857142857143, 0.5142857142857142, 0.5142857142857142]}