{"regt": [0, 0, 1, 1, 0, 0, 0, 0, 0, 0.0, 0.5, 0.0, 0.5, 0.0, -0.45342314622502555, 0.5], "regt_cum": [0.0, 0.0, 1.0, 2.0, 2.0, 2.0, 2.0, 2.0, 2.0, 2.0, 2.5, 2.5, 3.0, 3.0, 2.5465768537749742, 3.0465768537749742], "regT": [0, 0, 1, 1, 0, -1, 0, 0, 0, 0.0, 0.5, 0.0, 0.5, 0.0, -0.45342314622502555, -0.26827820730768626], "regT_cum": [0.0, 0.0, 1.0, 2.0, 2.0, 1.0, 1.0, 1.0, 1.0, 1.0, 1.5, 1.5, 2.0, 2.0, 1.5465768537749744, 1.278298646467288]}