{"UTIL": {"mean": 0.005531914893617021, "FQ": -0.01, "TQ": 0.02, "STD": 0.01962143609650453, "Q025": -0.03, "Q975": 0.045}, "ACC": {"mean": 0.631063829787234, "FQ": 0.6, "TQ": 0.66, "STD": 0.03924287219300906, "Q025": 0.56, "Q975": 0.71}, "DP": {"mean": 0.06653861308116626, "FQ": 0.024305555555555552, "TQ": 0.10416666666666666, "STD": 0.05308841763346551, "Q025": 0.0, "Q975": 0.1875}, "EOP": {"mean": 0.1232951445717403, "FQ": 0.025641025641025605, "TQ": 0.16666666666666666, "STD": 0.11372756494626445, "Q025": 0.0, "Q975": 0.3846153846153846}}