{"UTIL": {"mean": -0.05357142857142857, "FQ": 0.0, "TQ": 0.0, "STD": 0.13946874421261884, "Q025": -0.41875, "Q975": 0.0}, "ACC": {"mean": 0.8928571428571429, "FQ": 1.0, "TQ": 1.0, "STD": 0.2789374884252377, "Q025": 0.1625, "Q975": 1.0}, "DP": {"mean": 0.07142857142857142, "FQ": 0.0, "TQ": 0.0, "STD": 0.25753937681885636, "Q025": 0.0, "Q975": 0.6749999999999989}, "EOP": {"mean": 0.0, "FQ": 0.0, "TQ": 0.0, "STD": 0.0, "Q025": 0.0, "Q975": 0.0}}