{"acc_dict": {"0": [0.8541666666666666, 0.8333333333333334, 0.8125, 0.7708333333333334, 0.75, 0.7708333333333334, 0.7395833333333334, 0.8541666666666666, 0.78125, 0.7083333333333334], "1": [0.7788461538461539, 0.7884615384615384, 0.7980769230769231, 0.7115384615384616, 0.7211538461538461, 0.7692307692307693, 0.7307692307692307, 0.7884615384615384, 0.7596153846153846, 0.6634615384615384], "overall": [0.815, 0.81, 0.805, 0.74, 0.735, 0.77, 0.735, 0.82, 0.77, 0.685]}, "pred_dict": {"0": [0.21153846153846154, 0.2980769230769231, 0.4230769230769231, 0.49038461538461536, 0.5, 0.14423076923076922, 0.14423076923076922, 0.18269230769230768, 0.25, 0.0], "1": [0.22916666666666666, 0.22916666666666666, 0.2708333333333333, 0.2916666666666667, 0.4166666666666667, 0.22916666666666666, 0.03125, 0.1875, 0.07291666666666667, 0.0], "overall": [0.22, 0.265, 0.35, 0.395, 0.46, 0.185, 0.09, 0.185, 0.165, 0.0]}, "util": [0.065, 0.0625, 0.06, 0.0275, 0.025, 0.0425, 0.025, 0.0675, 0.0425, 0.0], "DP": [0.01762820512820512, 0.06891025641025642, 0.15224358974358976, 0.19871794871794868, 0.08333333333333331, 0.08493589743589744, 0.11298076923076922, 0.004807692307692318, 0.17708333333333331, 0.0], "EOP": [0.1571428571428572, 0.021428571428571463, 0.18571428571428572, 0.19285714285714295, 0.04285714285714293, 0.12857142857142856, 0.20714285714285713, 0.11428571428571427, 0.26428571428571423, 0.0]}