{"UTIL": {"mean": 0.041749999999999995, "FQ": 0.025625000000000002, "TQ": 0.061875, "STD": 0.02115567299804003, "Q025": 0.005625000000000001, "Q975": 0.0669375}, "ACC": {"mean": 0.7685000000000001, "FQ": 0.7362500000000001, "TQ": 0.8087500000000001, "STD": 0.04231134599608005, "Q025": 0.69625, "Q975": 0.818875}, "DP": {"mean": 0.09006410256410255, "FQ": 0.030448717948717945, "TQ": 0.14242788461538464, "STD": 0.06701918478459225, "Q025": 0.0010817307692307717, "Q975": 0.19385016025641022}, "EOP": {"mean": 0.13142857142857145, "FQ": 0.06071428571428576, "TQ": 0.19107142857142864, "STD": 0.08263517065131182, "Q025": 0.00482142857142858, "Q975": 0.2514285714285714}}