{"ACC": {"0": [0.812807881773399], "1": [0.7952622673434856], "overall": [0.8041666666666667]}, "mean_pred": {"0": [0.26903553299492383], "1": [0.2857142857142857], "overall": [0.2775]}, "Utility": [0.05291666666666667], "DP": [0.016678752719361867]}