{"ACC_mean": 0.8041666666666667, "mean_pred_mean": 0.2775, "Utility_mean": 0.05291666666666667, "DP_mean": 0.016678752719361867}