{"ACC_mean": 0.7808333333333334, "mean_pred_mean": 0.33166666666666667, "Utility_mean": 0.045, "DP_mean": 0.24010402340526618}