{"ACC": {"0": [0.7454844006568144], "1": [0.817258883248731], "overall": [0.7808333333333334]}, "mean_pred": {"0": [0.2098138747884941], "1": [0.44991789819376027], "overall": [0.33166666666666667]}, "Utility": [0.045], "DP": [0.24010402340526618]}