{"ACC_mean": 0.7911666666666667, "mean_pred_mean": 0.32, "Utility_mean": 0.06016666666666667, "DP_mean": 0.11429571653622064}