{"ACC": {"0": [0.7454844006568144, 0.7504105090311987, 0.7816091954022989, 0.7799671592775042, 0.8029556650246306], "1": [0.8274111675126904, 0.8223350253807107, 0.7749576988155669, 0.8392554991539763, 0.7901861252115059], "overall": [0.7858333333333334, 0.7858333333333334, 0.7783333333333333, 0.8091666666666667, 0.7966666666666666]}, "mean_pred": {"0": [0.18612521150592218, 0.272419627749577, 0.3604060913705584, 0.1844331641285956, 0.338409475465313], "1": [0.4827586206896552, 0.46469622331691296, 0.38095238095238093, 0.21510673234811165, 0.3070607553366174], "overall": [0.33666666666666667, 0.37, 0.37083333333333335, 0.2, 0.3225]}, "Utility": [0.0575, 0.0575, 0.05375, 0.06916666666666667, 0.06291666666666666], "DP": [0.29663340918373304, 0.19227659556733595, 0.02054628958182253, 0.030673568219516056, 0.031348720128695606]}