{"regt0_cum": [0.5, 0.5, 0.33333333333333326, 0.33333333333333304, 0.4333333333333331, 0.5999999999999996, 0.8142857142857141, 1.064285714285714, 1.3420634920634917, 1.6420634920634916, 1.869336219336219, 2.119336219336219, 2.3116439116439107, 2.454501054501053, 2.5545010545010527, 2.6482510545010527, 2.7658981133245817, 2.8770092244356924, 2.9822723823304287, NaN, NaN, NaN, NaN, NaN, NaN, NaN, NaN, NaN, NaN, NaN, NaN, NaN, NaN, NaN, NaN, NaN, NaN, NaN, NaN, NaN, NaN, NaN, NaN, NaN, NaN, NaN, NaN, NaN, NaN, NaN, NaN, NaN, NaN, NaN, NaN, NaN, NaN, NaN, NaN, NaN, NaN, NaN, NaN, NaN, NaN, NaN, NaN, NaN, NaN, NaN, NaN, NaN, NaN, NaN, NaN, NaN, NaN, NaN, NaN, NaN, NaN, NaN, NaN, NaN, NaN, NaN, NaN, NaN, NaN, NaN, NaN, NaN, NaN, NaN, NaN, NaN, NaN, NaN, NaN, NaN, NaN, NaN, NaN, NaN, NaN, NaN, NaN, NaN, NaN, NaN, NaN, NaN, NaN, NaN, NaN, NaN, NaN, NaN, NaN, NaN, NaN, NaN, NaN, NaN, NaN, NaN, NaN, NaN, NaN, NaN, NaN, NaN, NaN, NaN, NaN, NaN, NaN, NaN, NaN, NaN, NaN, NaN, NaN, NaN, NaN, NaN, NaN, NaN, NaN, NaN, NaN, NaN, NaN, NaN, NaN, NaN, NaN, NaN, NaN, NaN, NaN, NaN, NaN, NaN, NaN, NaN, NaN, NaN, NaN, NaN, NaN, NaN, NaN, NaN, NaN, NaN, NaN, NaN, NaN, NaN, NaN, NaN, NaN, NaN, NaN, NaN, NaN, NaN, NaN, NaN, NaN, NaN, NaN, NaN, NaN, NaN, NaN, NaN, NaN, NaN, NaN, NaN, NaN, NaN, NaN, NaN, NaN, NaN, NaN, NaN, NaN, NaN, NaN, NaN, NaN], "regT0_cum": [1.0, 1.5, 1.8333333333333333, 2.333333333333333, 2.733333333333333, 3.233333333333333, 3.8047619047619046, 4.429761904761905, 5.0964285714285715, 5.796428571428571, 6.341883116883117, 6.92521645021645, 7.3867549117549105, 7.743897768897767, 8.010564435564433, 8.291814435564433, 8.61534384732914, 8.917812983131608, 9.201438714125759, 9.495883158570203, 9.77366093634798, 10.036287198974245, 10.285079469505646, 10.565172062098238, 10.85406095098713, 11.151069497995676, 11.435020115279627, 11.744543924803438, 12.04339449951608, 12.330431536553114, 12.606417199635553, 12.872042199635553, 13.127934455527807, 13.111594586246763, 13.094134268786446, 13.075615750267927, 13.071111245763422, 13.079883175587982, 13.087005682710489, 13.106450127154933, 13.13761543880805, 13.179943481136094, 13.232915057363483, 13.283420107868531, 13.331568256016679, 13.377703302555396, 13.433495050231588, 13.488124469831192, 13.540731768094364, 13.602286920392274, 13.672439030488263, 13.75085744615933, 13.837230231346037, 13.921180288549923, 14.002795716970365, 14.082274341903048, 14.160358604994808, 14.237096587688434, 14.311889086490748, 14.39376837697969, 14.48250210532947, 14.56919100633661, 14.653899995154848, 14.736690944040085, 14.817622869605643, 14.904904311450512, 14.998345731775306, 15.08991657521543, 15.180160304982508, 15.26863258421244, 15.355383312920363, 15.440460311954102, 15.523909436921173, 15.605774684417977, 15.693215061948155, 15.779101798969648, 15.86347524978138, 15.95958750250578, 16.054095343156078, 16.14742183579825, 16.23959614951891, 16.33674394721859, 16.43235217746249, 16.5268222144892, 16.619820412243477, 16.717551189093633, 16.81383407922023, 16.9087019891397, 17.008121945015134, 17.10612350840195, 17.21403714252078, 17.326212584964402, 17.447934528026913, 17.56776080428876, 17.68602853692574, 17.803064314014414, 17.918622239901424, 18.033001003279374, 18.145692793502526, 18.262257665823448, 18.387569420596634, 18.511394630818387, 18.63887202346517, 18.76461759907739, 18.88916559777902, 19.012305253976656, 19.134062891829267, 19.254464104269147, 19.373533779835995, 19.491071252775484, 19.607104130342165, 19.722101000073437, 19.83608019839115, 19.94884259403309, 20.069320099278137, 20.188557216592073, 20.306575149187395, 20.421176841298816, 20.534815493980737, 20.655840491223636, 20.775478381137845, 20.89394376789894, 21.01125571659886, 21.1274328310773, 21.24249326868179, 21.35664052821005, 21.467769069206135, 21.578029418475694, 21.687262403387948, 21.795312524526693, 21.90635462947354, 22.016386796861518, 22.12559165472026, 22.233815359514224, 22.34123740723563, 22.447713107425635, 22.552001460831704, 22.655534101531934, 22.758321903090433, 22.86394693463781, 22.967452704903238, 23.07007969357136, 23.171989010990053, 23.276662847037784, 23.38046802755035, 23.48342240375981, 23.58539869240674, 23.68641011089064, 23.78312280710451, 23.87919075201028, 23.974622485360385, 24.065877048097988, 24.15640176240109, 24.246206106820786, 24.33543106837326, 24.427289203249117, 24.51856225446334, 24.609257628138238, 24.69938259065794, 24.795194272161893, 24.890288858952673, 24.984675204051427, 25.084617461143424, 25.190047875204385, 25.294720283317588, 25.397377003069536, 25.4993055427568, 25.600514571189663, 25.69469112820846, 25.788202238709204, 25.88105568569209, 25.97336928705299, 26.065039749960633, 26.156074466811035, 26.25230327099372, 26.347985320607194, 26.44312679366918, 26.53556536862436, 26.627282771914977, 26.718388825317874, 26.80899153035942, 26.898995728359537, 26.98496869376035, 27.070374819259527, 27.15522023285601, 27.23960948831487, 27.323357528645772, 27.406660100677044, 27.49481292364996, 27.58513336334407, 27.67498092115497, 27.76350428192994, 27.851568972441825, 27.9443343604253, 28.041752233598615, 28.14377511762308, 28.250356261119506, 28.361449621062917, 28.477009848544313, 28.590519614934337, 28.703464656118456, 28.81585056343532, 28.927597912689976, 29.041248461213, 29.15362624610715, 29.265295730041274, 29.37634475218617, 29.489263730955372, 29.606427116524728, 29.717221215383233, 29.82741076350574, 29.935147973379514, 30.0423006606415, 30.148874288119856, 30.25487424241723]}