{"UTIL": {"mean": 0.011912500000000001, "FQ": 0.005, "TQ": 0.0175, "STD": 0.010222455367963217, "Q025": -0.0075, "Q975": 0.0325}, "ACC": {"mean": 0.7188249999999999, "FQ": 0.705, "TQ": 0.73, "STD": 0.02044491073592644, "Q025": 0.68, "Q975": 0.76}, "DP": {"mean": 0.11529589371980677, "FQ": 0.05223429951690822, "TQ": 0.16666666666666669, "STD": 0.06736497658861573, "Q025": 0.006692834138486292, "Q975": 0.24239130434782608}, "EOP": {"mean": 0.15971982758620687, "FQ": 0.07031249999999997, "TQ": 0.2338362068965517, "STD": 0.09429280533335387, "Q025": 0.0053879310344827624, "Q975": 0.3308997844827586}}