{"RT": 7.0, "regt": {"mean": 0.3125, "FQ": 0.0, "TQ": 1.0, "STD": 0.46351240544347894, "Q025": 0.0, "Q975": 1.0}, "regt_cum": {"mean": 2.375, "FQ": 0.75, "TQ": 4.0, "STD": 1.79843682124227, "Q025": 0.0, "Q975": 5.0}, "regT": {"mean": 0.4375, "FQ": 0.0, "TQ": 1.0, "STD": 0.49607837082461076, "Q025": 0.0, "Q975": 1.0}, "regT_cum": {"mean": 4.125, "FQ": 2.75, "TQ": 6.0, "STD": 2.1758618981911515, "Q025": 0.375, "Q975": 7.0}}