{"RT": 4.000945974238564, "regt": {"mean": 0.24311467894546585, "FQ": -0.12742840804494351, "TQ": 1.0, "STD": 0.5200813373833955, "Q025": -0.30134675880055595, "Q975": 1.0}, "regt_cum": {"mean": 2.0740693415900413, "FQ": 0.6666666666666666, "TQ": 3.5363916901476413, "STD": 1.5460008490662902, "Q025": -0.06944444444444448, "Q975": 4.379508860847573}, "regT": {"mean": 0.25005912338991027, "FQ": -0.24035081734711822, "TQ": 1.0, "STD": 0.7185319578727561, "Q025": -1.0, "Q975": 1.0}, "regT_cum": {"mean": 2.0393471193678185, "FQ": 0.75, "TQ": 3.647502801258752, "STD": 1.7688642537210892, "Q025": -1.0, "Q975": 4.490619971958684}}