{"regt": [0, 0, 0, -0.11111111111111116, 1.0, 1.0, 0.0, 0.0, -0.2202119746064175, 1.0, 0.0, 1.0, -0.17638029884644058, 1.0, -0.30076734556922036, -0.3016944067393573], "regt_cum": [0.0, 0.0, 0.0, -0.11111111111111116, 0.8888888888888888, 1.8888888888888888, 1.8888888888888888, 1.8888888888888888, 1.6686769142824713, 2.6686769142824716, 2.6686769142824716, 3.6686769142824716, 3.492296615436031, 4.492296615436031, 4.191529269866811, 3.8898348631274535], "regT": [-1, 1, -1, 1.0, 1.0, 1.0, 0.0, 0.0, -0.2202119746064175, 1.0, 0.0, 1.0, -0.17638029884644058, 1.0, -0.30076734556922036, -0.3016944067393573], "regT_cum": [-1.0, 0.0, -1.0, 0.0, 1.0, 2.0, 2.0, 2.0, 1.7797880253935825, 2.7797880253935823, 2.7797880253935823, 3.7797880253935823, 3.603407726547142, 4.603407726547141, 4.3026403809779215, 4.000945974238564]}