{"UTIL_mean": 0.04491666666666667, "UTIL_FQ": 0.04375, "UTIL_TQ": 0.04583333333333333, "ACC_mean": 0.7831666666666667, "ACC_FQ": 0.7808333333333334, "ACC_TQ": 0.785, "DP_mean": 0.11516091120502114, "DP_FQ": 0.055537495936585746, "DP_TQ": 0.21676543889041702, "FPR_mean": 0.10128554642958434, "FPR_FQ": 0.05079673780293692, "FPR_TQ": 0.14999392245046794}