{"acc_dict": {"0": [0.766497461928934, 0.7884940778341794, 0.7597292724196277, 0.8240270727580372, 0.7563451776649747], "1": [0.8029556650246306, 0.7487684729064039, 0.8013136288998358, 0.7750410509031199, 0.8078817733990148], "overall": [0.785, 0.7683333333333333, 0.7808333333333334, 0.7991666666666667, 0.7825]}, "pred_dict": {"0": [0.2808798646362098, 0.22165820642978004, 0.2876480541455161, 0.18612521150592218, 0.2910321489001692], "1": [0.3021346469622332, 0.43842364532019706, 0.34318555008210183, 0.40558292282430214, 0.22824302134646962], "overall": [0.2916666666666667, 0.33166666666666667, 0.31583333333333335, 0.2975, 0.25916666666666666]}, "util": [0.04583333333333333, 0.0375, 0.04375, 0.05291666666666667, 0.044583333333333336], "DP": [0.021254782326023403, 0.21676543889041702, 0.055537495936585746, 0.21945771131837996, 0.06278912755369959], "FPR": [0.05079673780293692, 0.14999392245046794, 0.027453159457535292, 0.15337998576116965, 0.12480392667581194]}