{"ACC_mean": 0.763, "mean_pred_mean": 0.29083333333333333, "Utility_mean": 0.03775, "DP_mean": 0.07914614121510674}