{"ACC": {"0": [0.7832512315270936, 0.7553366174055829, 0.7996715927750411, 0.7487684729064039, 0.7110016420361248], "1": [0.7698815566835872, 0.7326565143824028, 0.7377326565143824, 0.8189509306260575, 0.7732656514382402], "overall": [0.7766666666666666, 0.7441666666666666, 0.7691666666666667, 0.7833333333333333, 0.7416666666666667]}, "mean_pred": {"0": [0.3062605752961083, 0.3401015228426396, 0.3350253807106599, 0.1895093062605753, 0.22165820642978004], "1": [0.2955665024630542, 0.3464696223316913, 0.2824302134646962, 0.44170771756978655, 0.1477832512315271], "overall": [0.30083333333333334, 0.3433333333333333, 0.30833333333333335, 0.3175, 0.18416666666666667]}, "Utility": [0.044583333333333336, 0.028333333333333332, 0.04083333333333333, 0.04791666666666667, 0.027083333333333334], "DP": [0.010694072833054069, 0.006368099489051704, 0.05259516724596369, 0.2521984113092113, 0.07387495519825293]}