{"UTIL_mean": 0.04675, "UTIL_FQ": 0.04675, "UTIL_TQ": 0.04675, "ACC_mean": 0.787, "ACC_FQ": 0.787, "ACC_TQ": 0.787, "DP_mean": 0.0188069262336103, "DP_FQ": 0.0188069262336103, "DP_TQ": 0.0188069262336103, "FPR_mean": 0.10246773300702153, "FPR_FQ": 0.10246773300702153, "FPR_TQ": 0.10246773300702153, "UTIL_STD": 0.0, "ACC_STD": 0.0, "DP_STD": 0.0, "FPR_STD": 0.0, "UTIL_Q025": 0.04675, "UTIL_Q975": 0.04675, "ACC_Q025": 0.787, "ACC_Q975": 0.787, "DP_Q025": 0.0188069262336103, "DP_Q975": 0.0188069262336103, "FPR_Q025": 0.10246773300702153, "FPR_Q975": 0.10246773300702153}