{"acc_dict": {"0": [0.7536082474226804], "1": [0.8184466019417476], "overall": [0.787]}, "pred_dict": {"0": [0.3061855670103093], "1": [0.287378640776699], "overall": [0.2965]}, "util": [0.04675], "DP": [0.0188069262336103], "FPR": [0.10246773300702153]}