{"UTIL_mean": -0.11525974025974026, "UTIL_FQ": -0.25, "UTIL_TQ": 0.0, "ACC_mean": 0.5194805194805194, "ACC_FQ": 0.25, "ACC_TQ": 0.75, "DP_mean": 0.05844155844155844, "DP_FQ": 0.0, "DP_TQ": 0.0, "EOP_mean": 0.5454545454545454, "EOP_FQ": 0.0, "EOP_TQ": 1.0, "UTIL_STD": 0.13923234832721795, "ACC_STD": 0.2784646966544359, "DP_STD": 0.16064047892016856, "EOP_STD": 0.49792959773196915, "UTIL_Q025": -0.25, "UTIL_Q975": 0.125, "ACC_Q025": 0.25, "ACC_Q975": 1.0, "DP_Q025": 0.0, "DP_Q975": 0.5, "EOP_Q025": 0.0, "EOP_Q975": 1.0}