{"UTIL": {"mean": 0.031363636363636364, "FQ": 0.0225, "TQ": 0.0425, "STD": 0.016663911618021235, "Q025": 0.0006250000000000001, "Q975": 0.0525}, "ACC": {"mean": 0.7477272727272727, "FQ": 0.73, "TQ": 0.77, "STD": 0.033327823236042484, "Q025": 0.68625, "Q975": 0.79}, "DP": {"mean": 0.1673951048951049, "FQ": 0.13982371794871798, "TQ": 0.21794871794871798, "STD": 0.0889127416690621, "Q025": 0.008613782051282085, "Q975": 0.29967948717948717}, "EOP": {"mean": 0.18787878787878787, "FQ": 0.04999999999999999, "TQ": 0.30000000000000004, "STD": 0.18631367209561975, "Q025": 0.01388888888888884, "Q975": 0.5666666666666667}}