{"acc_dict": {"0": [0.7708333333333334, 0.7291666666666666, 0.7708333333333334, 0.7604166666666666, 0.7916666666666666, 0.7916666666666666, 0.7604166666666666, 0.8125, 0.8125, 0.7708333333333334, 0.7708333333333334], "1": [0.8076923076923077, 0.7115384615384616, 0.7403846153846154, 0.6057692307692307, 0.75, 0.6923076923076923, 0.7211538461538461, 0.7307692307692307, 0.7211538461538461, 0.8076923076923077, 0.6442307692307693], "overall": [0.79, 0.72, 0.755, 0.68, 0.77, 0.74, 0.74, 0.77, 0.765, 0.79, 0.705]}, "pred_dict": {"0": [0.3942307692307692, 0.2980769230769231, 0.3076923076923077, 0.07692307692307693, 0.4326923076923077, 0.4326923076923077, 0.46153846153846156, 0.3942307692307692, 0.46153846153846156, 0.33653846153846156, 0.5576923076923077], "1": [0.08333333333333333, 0.125, 0.125, 0.052083333333333336, 0.1875, 0.2708333333333333, 0.34375, 0.22916666666666666, 0.2708333333333333, 0.3333333333333333, 0.2916666666666667], "overall": [0.245, 0.215, 0.22, 0.065, 0.315, 0.355, 0.405, 0.315, 0.37, 0.335, 0.43]}, "util": [0.0525, 0.0175, 0.035, -0.0025, 0.0425, 0.0275, 0.0275, 0.0425, 0.04, 0.0525, 0.01], "DP": [0.3108974358974359, 0.17307692307692307, 0.1826923076923077, 0.02483974358974359, 0.2451923076923077, 0.1618589743589744, 0.11778846153846156, 0.16506410256410256, 0.19070512820512825, 0.0032051282051282493, 0.266025641025641], "EOP": [0.6222222222222222, 0.39999999999999997, 0.33333333333333337, 0.13333333333333333, 0.2666666666666667, 0.022222222222222143, 0.06666666666666665, 0.033333333333333326, 0.011111111111111072, 0.11111111111111116, 0.06666666666666665]}