{"acc_dict": {"0": [0.7817258883248731, 0.7749576988155669, 0.7851099830795262, 0.7495769881556683, 0.7749576988155669], "1": [0.7996715927750411, 0.7044334975369458, 0.7848932676518884, 0.7635467980295566, 0.7947454844006568], "overall": [0.7908333333333334, 0.7391666666666666, 0.785, 0.7566666666666667, 0.785]}, "pred_dict": {"0": [0.2436548223350254, 0.2571912013536379, 0.233502538071066, 0.3062605752961083, 0.2571912013536379], "1": [0.2824302134646962, 0.5090311986863711, 0.21182266009852216, 0.39408866995073893, 0.3366174055829228], "overall": [0.2633333333333333, 0.385, 0.2225, 0.35083333333333333, 0.2975]}, "util": [0.0525, 0.02666666666666667, 0.04958333333333333, 0.035416666666666666, 0.04958333333333333], "DP": [0.03877539112967082, 0.25183999733273327, 0.021679877972543837, 0.08782809465463065, 0.07942620422928492], "FPR": [0.061269641136658295, 0.1852243936672574, 0.09739386946747391, 0.004686514969490074, 0.02697719784467892]}