{"UTIL_mean": 0.042749999999999996, "UTIL_FQ": 0.035416666666666666, "UTIL_TQ": 0.04958333333333333, "ACC_mean": 0.7713333333333333, "ACC_FQ": 0.7566666666666667, "ACC_TQ": 0.785, "DP_mean": 0.0959099130637727, "DP_FQ": 0.03877539112967082, "DP_TQ": 0.08782809465463065, "FPR_mean": 0.07511032341711173, "FPR_FQ": 0.02697719784467892, "FPR_TQ": 0.09739386946747391}