{"acc_dict": {"0": [0.6802030456852792, 0.8206429780033841, 0.739424703891709, 0.7935702199661591, 0.8037225042301185, 0.7986463620981388, 0.7834179357021996], "1": [0.7372742200328407, 0.7914614121510674, 0.7668308702791461, 0.7931034482758621, 0.7405582922824302, 0.7898193760262726, 0.7898193760262726], "overall": [0.7091666666666666, 0.8058333333333333, 0.7533333333333333, 0.7933333333333333, 0.7716666666666666, 0.7941666666666667, 0.7866666666666666]}, "pred_dict": {"0": [0.45854483925549916, 0.15228426395939088, 0.2707275803722504, 0.23688663282571912, 0.1353637901861252, 0.17428087986463622, 0.2436548223350254], "1": [0.4088669950738916, 0.3218390804597701, 0.3169129720853859, 0.3366174055829228, 0.4154351395730706, 0.32348111658456485, 0.2742200328407225], "overall": [0.43333333333333335, 0.23833333333333334, 0.2941666666666667, 0.2875, 0.2775, 0.25, 0.25916666666666666]}, "util": [0.006666666666666667, 0.055, 0.02875, 0.04875, 0.03791666666666667, 0.049166666666666664, 0.04541666666666667], "DP": [0.04967784418160753, 0.16955481650037924, 0.04618539171313546, 0.09973077275720368, 0.2800713493869454, 0.14920023671992863, 0.030565210505697105], "FPR": [0.1013706978830077, 0.09264859767947288, 0.02728746708370225, 0.027183974793877838, 0.20320136149856832, 0.06541287674068283, 0.02948380345664249]}