{"RT": 1.6832063043490817, "RT0": 6.0, "regt": [0, 0, 0, 1, 0.5, 0.5, 0.5, 1.0, 0.5, -0.44810897181924925, -0.4392052945089997, 1.0, 0.5, 1.0, -0.35535563225352695, -0.21104448893422323], "regt_cum": [0.0, 0.0, 0.0, 1.0, 1.5, 2.0, 2.5, 3.5, 4.0, 3.5518910281807505, 3.112685733671751, 4.112685733671751, 4.612685733671751, 5.612685733671751, 5.257330101418224, 5.0462856124840005], "regt0": [0, 0, 0, 1, 0.5, 0.5, 0.5, 1.0, 0.5, 0, 0, 1.0, 0.5, 1.0, 0, 0], "regt0_cum": [0.0, 0.0, 0.0, 1.0, 1.5, 2.0, 2.5, 3.5, 4.0, 4.0, 4.0, 5.0, 5.5, 6.5, 6.5, 6.5], "regT": [-1, 0, 0, 0, -0.36206896551724144, 0.5, 0.5, 1.0, -1.0281194732539678, -0.44810897181924925, 1.0, 1.0, -1.2674517961262366, 1.0, 1.0, -0.21104448893422323], "regT_cum": [-1.0, -1.0, -1.0, -1.0, -1.3620689655172415, -0.8620689655172415, -0.36206896551724155, 0.6379310344827585, -0.39018843877120934, -0.8382974105904586, 0.1617025894095414, 1.1617025894095414, -0.10574920671669519, 0.8942507932833048, 1.8942507932833048, 1.6832063043490817], "regT0": [0, 0, 0, 0, 0, 0.5, 0.5, 1.0, 0, 0, 1.0, 1.0, 0, 1.0, 1.0, 0], "regT0_cum": [0.0, 0.0, 0.0, 0.0, 0.0, 0.5, 1.0, 2.0, 2.0, 2.0, 3.0, 4.0, 4.0, 5.0, 6.0, 6.0]}