{"UTIL_mean": -0.041666666666666664, "UTIL_FQ": -0.125, "UTIL_TQ": 0.0, "ACC_mean": 0.6666666666666666, "ACC_FQ": 0.5, "ACC_TQ": 0.75, "DP_mean": 0.16666666666666666, "DP_FQ": 0.0, "DP_TQ": 0.5, "EOP_mean": 0.0, "EOP_FQ": 0.0, "EOP_TQ": 0.0, "UTIL_STD": 0.05892556509887896, "ACC_STD": 0.11785113019775792, "DP_STD": 0.23570226039551584, "EOP_STD": 0.0, "UTIL_Q025": -0.125, "UTIL_Q975": 0.0, "ACC_Q025": 0.5, "ACC_Q975": 0.75, "DP_Q025": 0.0, "DP_Q975": 0.5, "EOP_Q025": 0.0, "EOP_Q975": 0.0}