{"ACC": {"0": [0.7291666666666666, 0.8044280442804428, 0.8146718146718147, 0.7977099236641222], "1": [0.8192307692307692, 0.8078602620087336, 0.7800829875518672, 0.8109243697478992], "overall": [0.776, 0.806, 0.798, 0.804]}, "mean_pred": {"0": [0.17916666666666667, 0.23616236162361623, 0.32432432432432434, 0.3015267175572519], "1": [0.18076923076923077, 0.24017467248908297, 0.27800829875518673, 0.2647058823529412], "overall": [0.18, 0.238, 0.302, 0.284]}, "Utility": [0.13, 0.172, 0.196, 0.2], "DP": [0.0016025641025640969, 0.004012310865466745, 0.04631602556913761, 0.03682083520431073], "TPR": [0.13414634146341464, 0.024083196496989645, 0.09263565891472869, 0.0006793478260869179], "EO": [0.13414634146341464, 0.026911995809324255, 0.09263565891472869, 0.008789722785666004]}