{"UTIL": {"mean": -0.04555555555555555, "FQ": -0.095, "TQ": 0.025, "STD": 0.07533976537601893, "Q025": -0.1885, "Q975": 0.0275}, "ACC": {"mean": 0.6288888888888889, "FQ": 0.53, "TQ": 0.77, "STD": 0.15067953075203785, "Q025": 0.34299999999999997, "Q975": 0.775}, "DP": {"mean": 0.1581196581196581, "FQ": 0.09775641025641024, "TQ": 0.1931089743589744, "STD": 0.09510422483819105, "Q025": 0.03141025641025641, "Q975": 0.3394230769230768}, "EOP": {"mean": 0.19487179487179487, "FQ": 0.13076923076923075, "TQ": 0.23589743589743595, "STD": 0.09825714778256352, "Q025": 0.058974358974358945, "Q975": 0.38358974358974357}}