{"acc_dict": {"0": [0.8020833333333334, 0.7916666666666666, 0.7291666666666666, 0.625, 0.6041666666666666, 0.4583333333333333, 0.2916666666666667, 0.6145833333333334, 0.75], "1": [0.75, 0.7596153846153846, 0.8076923076923077, 0.7403846153846154, 0.7403846153846154, 0.49038461538461536, 0.3269230769230769, 0.4519230769230769, 0.5865384615384616], "overall": [0.775, 0.775, 0.77, 0.685, 0.675, 0.475, 0.31, 0.53, 0.665]}, "pred_dict": {"0": [0.3076923076923077, 0.2980769230769231, 0.3076923076923077, 0.27884615384615385, 0.2403846153846154, 0.6826923076923077, 0.8653846153846154, 0.6826923076923077, 0.47115384615384615], "1": [0.3229166666666667, 0.3958333333333333, 0.4791666666666667, 0.5208333333333334, 0.6041666666666666, 0.8125, 0.9791666666666666, 0.4895833333333333, 0.375], "overall": [0.315, 0.345, 0.39, 0.395, 0.415, 0.745, 0.92, 0.59, 0.425]}, "util": [0.0275, 0.0275, 0.025, -0.0175, -0.0225, -0.1225, -0.205, -0.095, -0.0275], "DP": [0.015224358974358976, 0.09775641025641024, 0.17147435897435898, 0.24198717948717952, 0.3637820512820512, 0.1298076923076923, 0.11378205128205121, 0.1931089743589744, 0.09615384615384615], "EOP": [0.13076923076923075, 0.24615384615384617, 0.18461538461538463, 0.23589743589743595, 0.4179487179487179, 0.19999999999999996, 0.16666666666666663, 0.04102564102564099, 0.13076923076923075]}