{"acc_dict": {"0": [0.7292724196277496, 0.8257191201353637, 0.7834179357021996, 0.7715736040609137, 0.739424703891709], "1": [0.7733990147783252, 0.8111658456486043, 0.8095238095238095, 0.7848932676518884, 0.8210180623973727], "overall": [0.7516666666666667, 0.8183333333333334, 0.7966666666666666, 0.7783333333333333, 0.7808333333333334]}, "pred_dict": {"0": [0.29780033840947545, 0.13367174280879865, 0.24027072758037224, 0.20473773265651438, 0.32825719120135366], "1": [0.3185550082101806, 0.17569786535303777, 0.19047619047619047, 0.2348111658456486, 0.2742200328407225], "overall": [0.30833333333333335, 0.155, 0.215, 0.22, 0.30083333333333334]}, "util": [0.021666666666666667, 0.055, 0.04416666666666667, 0.035, 0.03625], "DP": [0.020754669800705172, 0.042026122544239125, 0.049794537104181774, 0.03007343318913422, 0.054037158360631166], "FPR": [0.05843755724682331, 0.02265447621585314, 0.1086815327993072, 0.04091239640059731, 0.14133928422735526]}