{"UTIL_mean": 0.03841666666666667, "UTIL_FQ": 0.035, "UTIL_TQ": 0.04416666666666667, "ACC_mean": 0.7851666666666667, "ACC_FQ": 0.7783333333333333, "ACC_TQ": 0.7966666666666666, "DP_mean": 0.03933718419977829, "DP_FQ": 0.03007343318913422, "DP_TQ": 0.049794537104181774, "FPR_mean": 0.07440504937798724, "FPR_FQ": 0.04091239640059731, "FPR_TQ": 0.1086815327993072}