{"acc_dict": {"0": [0.7072758037225042, 0.7106598984771574], "1": [0.6502463054187192, 0.6502463054187192], "overall": [0.6783333333333333, 0.68]}, "pred_dict": {"0": [0.00676818950930626, 0.00338409475465313], "1": [0.006568144499178982, 0.009852216748768473], "overall": [0.006666666666666667, 0.006666666666666667]}, "util": [0.0008333333333333334, 0.0016666666666666668], "DP": [0.0002000450101272786, 0.006468121994115342], "FPR": [0.0022466179292254633, 0.005076142131979695]}