{"ACC": {"0": [0.7533333333333333, 0.8033333333333333], "1": [0.7483333333333333, 0.775], "overall": [0.7508333333333334, 0.7891666666666667]}, "mean_pred": {"0": [0.32666666666666666, 0.27], "1": [0.375, 0.3016666666666667], "overall": [0.35083333333333333, 0.28583333333333333]}, "Utility": [0.024583333333333332, 0.04375], "DP": [0.04833333333333334, 0.031666666666666676]}