{"ACC_mean": 0.77, "mean_pred_mean": 0.31833333333333336, "Utility_mean": 0.034166666666666665, "DP_mean": 0.04000000000000001}