{"acc_dict": {"0": [0.71875, 0.71875, 0.8541666666666666, 0.84375, 0.75, 0.8125, 0.8229166666666666, 0.8125, 0.6875, 0.7708333333333334, 0.78125, 0.8229166666666666, 0.8333333333333334, 0.75, 0.7291666666666666, 0.84375, 0.7916666666666666, 0.8125, 0.8645833333333334, 0.8541666666666666, 0.8333333333333334, 0.8333333333333334, 0.8333333333333334, 0.8229166666666666, 0.8645833333333334], "1": [0.625, 0.625, 0.625, 0.6538461538461539, 0.5384615384615384, 0.7307692307692307, 0.7884615384615384, 0.7788461538461539, 0.625, 0.7115384615384616, 0.5961538461538461, 0.7307692307692307, 0.6634615384615384, 0.6057692307692307, 0.5673076923076923, 0.75, 0.7211538461538461, 0.7019230769230769, 0.7115384615384616, 0.7692307692307693, 0.6923076923076923, 0.7788461538461539, 0.7788461538461539, 0.7884615384615384, 0.7884615384615384], "overall": [0.67, 0.67, 0.735, 0.745, 0.64, 0.77, 0.805, 0.795, 0.655, 0.74, 0.685, 0.775, 0.745, 0.675, 0.645, 0.795, 0.755, 0.755, 0.785, 0.81, 0.76, 0.805, 0.805, 0.805, 0.825]}, "pred_dict": {"0": [0.0, 0.0, 0.057692307692307696, 0.04807692307692308, 0.625, 0.47115384615384615, 0.33653846153846156, 0.34615384615384615, 0.25, 0.5096153846153846, 0.7019230769230769, 0.49038461538461536, 0.11538461538461539, 0.5192307692307693, 0.4423076923076923, 0.3942307692307692, 0.4230769230769231, 0.5192307692307693, 0.5288461538461539, 0.47115384615384615, 0.5096153846153846, 0.34615384615384615, 0.34615384615384615, 0.2980769230769231, 0.3173076923076923], "1": [0.0, 0.0, 0.19791666666666666, 0.22916666666666666, 0.34375, 0.2604166666666667, 0.25, 0.2604166666666667, 0.3854166666666667, 0.3229166666666667, 0.3125, 0.14583333333333334, 0.23958333333333334, 0.2604166666666667, 0.15625, 0.14583333333333334, 0.23958333333333334, 0.28125, 0.20833333333333334, 0.21875, 0.19791666666666666, 0.23958333333333334, 0.23958333333333334, 0.25, 0.1875], "overall": [0.0, 0.0, 0.125, 0.135, 0.49, 0.37, 0.295, 0.305, 0.315, 0.42, 0.515, 0.325, 0.175, 0.395, 0.305, 0.275, 0.335, 0.405, 0.375, 0.35, 0.36, 0.295, 0.295, 0.275, 0.255]}, "util": [0.0, 0.0, 0.0325, 0.0375, -0.015, 0.05, 0.0675, 0.0625, -0.0075, 0.035, 0.0075, 0.0525, 0.0375, 0.0025, -0.0125, 0.0625, 0.0425, 0.0425, 0.0575, 0.07, 0.045, 0.0675, 0.0675, 0.0675, 0.0775], "DP": [0.0, 0.0, 0.14022435897435898, 0.18108974358974358, 0.28125, 0.21073717948717946, 0.08653846153846156, 0.08573717948717946, 0.13541666666666669, 0.1866987179487179, 0.38942307692307687, 0.34455128205128205, 0.12419871794871795, 0.2588141025641026, 0.2860576923076923, 0.24839743589743588, 0.18349358974358973, 0.23798076923076927, 0.3205128205128205, 0.25240384615384615, 0.31169871794871795, 0.1065705128205128, 0.1065705128205128, 0.04807692307692307, 0.1298076923076923], "EOP": [0.0, 0.0, 0.5156695156695157, 0.5270655270655271, 0.05128205128205132, 0.13960113960113962, 0.03703703703703698, 0.03703703703703698, 0.29629629629629634, 0.1282051282051282, 0.23076923076923084, 0.3504273504273504, 0.42450142450142453, 0.14814814814814814, 0.2165242165242165, 0.21082621082621084, 0.1367521367521367, 0.1282051282051282, 0.19088319088319083, 0.19088319088319083, 0.2136752136752137, 0.03703703703703698, 0.03703703703703698, 0.014245014245014231, 0.04843304843304852]}