{"UTIL": {"mean": 0.038, "FQ": 0.0075, "TQ": 0.0625, "STD": 0.02873151579711728, "Q025": -0.0135, "Q975": 0.073}, "ACC": {"mean": 0.7460000000000001, "FQ": 0.685, "TQ": 0.795, "STD": 0.05746303159423456, "Q025": 0.643, "Q975": 0.8160000000000001}, "DP": {"mean": 0.18625000000000003, "FQ": 0.1065705128205128, "TQ": 0.2588141025641026, "STD": 0.10370238742570455, "Q025": 0.0, "Q975": 0.36249999999999993}, "EOP": {"mean": 0.17242165242165242, "FQ": 0.03703703703703698, "TQ": 0.2165242165242165, "STD": 0.14940757679808372, "Q025": 0.0, "Q975": 0.5202279202279202}}