{"acc_dict": {"0": [0.8240740740740741, 0.8333333333333334, 0.8518518518518519, 0.7870370370370371, 0.8518518518518519, 0.8333333333333334, 0.8518518518518519, 0.8333333333333334, 0.8425925925925926, 0.8518518518518519, 0.8333333333333334, 0.8240740740740741, 0.8240740740740741, 0.7222222222222222, 0.7037037037037037, 0.7777777777777778, 0.7962962962962963, 0.7870370370370371, 0.8055555555555556, 0.7777777777777778, 0.7685185185185185], "1": [0.8152173913043478, 0.782608695652174, 0.7934782608695652, 0.75, 0.7934782608695652, 0.6956521739130435, 0.7934782608695652, 0.782608695652174, 0.782608695652174, 0.782608695652174, 0.7934782608695652, 0.6847826086956522, 0.6956521739130435, 0.7391304347826086, 0.7608695652173914, 0.6413043478260869, 0.6956521739130435, 0.6630434782608695, 0.6847826086956522, 0.6630434782608695, 0.6847826086956522], "overall": [0.82, 0.81, 0.825, 0.77, 0.825, 0.77, 0.825, 0.81, 0.815, 0.82, 0.815, 0.76, 0.765, 0.73, 0.73, 0.715, 0.75, 0.73, 0.75, 0.725, 0.73]}, "pred_dict": {"0": [0.17391304347826086, 0.11956521739130435, 0.1956521739130435, 0.34782608695652173, 0.30434782608695654, 0.532608695652174, 0.2391304347826087, 0.11956521739130435, 0.11956521739130435, 0.20652173913043478, 0.21739130434782608, 0.4782608695652174, 0.532608695652174, 0.40217391304347827, 0.358695652173913, 0.6086956521739131, 0.5108695652173914, 0.5869565217391305, 0.5217391304347826, 0.5434782608695652, 0.5434782608695652], "1": [0.07407407407407407, 0.10185185185185185, 0.1574074074074074, 0.2962962962962963, 0.1574074074074074, 0.17592592592592593, 0.1574074074074074, 0.10185185185185185, 0.12962962962962962, 0.1388888888888889, 0.17592592592592593, 0.09259259259259259, 0.09259259259259259, 0.3611111111111111, 0.4722222222222222, 0.32407407407407407, 0.28703703703703703, 0.24074074074074073, 0.2037037037037037, 0.23148148148148148, 0.25925925925925924], "overall": [0.12, 0.11, 0.175, 0.32, 0.225, 0.34, 0.195, 0.11, 0.125, 0.17, 0.195, 0.27, 0.295, 0.38, 0.42, 0.455, 0.39, 0.4, 0.35, 0.375, 0.39]}, "util": [0.055, 0.05, 0.0575, 0.03, 0.0575, 0.03, 0.0575, 0.05, 0.0525, 0.055, 0.0525, 0.025, 0.0275, 0.01, 0.01, 0.0025, 0.02, 0.01, 0.02, 0.0075, 0.01], "DP": [0.0998389694041868, 0.017713365539452505, 0.038244766505636074, 0.05152979066022545, 0.14694041867954913, 0.356682769726248, 0.08172302737520129, 0.017713365539452505, 0.010064412238325271, 0.06763285024154589, 0.04146537842190015, 0.38566827697262485, 0.4400161030595814, 0.041062801932367166, 0.11352657004830918, 0.284621578099839, 0.22383252818035432, 0.3462157809983898, 0.3180354267310789, 0.3119967793880837, 0.28421900161030594], "EOP": [0.18757467144563922, 0.015531660692950977, 0.03464755077658299, 0.021505376344086002, 0.12664277180406214, 0.3201911589008364, 0.029868578255675016, 0.015531660692950977, 0.08960573476702505, 0.0023894862604540434, 0.002389486260453988, 0.40860215053763443, 0.5053763440860215, 0.043010752688172116, 0.17443249701314223, 0.16726403823178015, 0.13978494623655913, 0.3154121863799283, 0.28793309438470727, 0.28793309438470727, 0.2831541218637993]}