{"UTIL": {"mean": 0.03285714285714286, "FQ": 0.01, "TQ": 0.0525, "STD": 0.019824913893491534, "Q025": 0.005, "Q975": 0.0575}, "ACC": {"mean": 0.7757142857142857, "FQ": 0.73, "TQ": 0.815, "STD": 0.03964982778698307, "Q025": 0.72, "Q975": 0.825}, "DP": {"mean": 0.17517828387393605, "FQ": 0.04146537842190015, "TQ": 0.3119967793880837, "STD": 0.14130990687228553, "Q025": 0.013888888888888888, "Q975": 0.4128421900161031}, "EOP": {"mean": 0.16470387438129372, "FQ": 0.029868578255675016, "TQ": 0.28793309438470727, "STD": 0.14520514044844482, "Q025": 0.0023894862604540157, "Q975": 0.456989247311828}}