{"ACC_mean": 0.7901666666666667, "mean_pred_mean": 0.29866666666666664, "Utility_mean": 0.057166666666666664, "DP_mean": 0.0950613888124828}