{"ACC": {"0": [0.7766830870279147, 0.7914614121510674, 0.7619047619047619, 0.7799671592775042, 0.7914614121510674], "1": [0.8121827411167513, 0.8087986463620981, 0.7969543147208121, 0.7884940778341794, 0.7952622673434856], "overall": [0.7941666666666667, 0.8, 0.7791666666666667, 0.7841666666666667, 0.7933333333333333]}, "mean_pred": {"0": [0.22165820642978004, 0.22504230118443316, 0.2571912013536379, 0.27580372250423013, 0.272419627749577], "1": [0.22495894909688013, 0.37766830870279144, 0.41379310344827586, 0.3760262725779967, 0.33497536945812806], "overall": [0.22333333333333333, 0.3025, 0.33666666666666667, 0.32666666666666666, 0.30416666666666664]}, "Utility": [0.059166666666666666, 0.06208333333333333, 0.051666666666666666, 0.05416666666666667, 0.05875], "DP": [0.003300742667100093, 0.15262600751835828, 0.15660190209463798, 0.10022255007376657, 0.06255574170855105]}