{"acc_dict": {"0": [0.7824742268041237], "1": [0.7980582524271844], "overall": [0.7905]}, "pred_dict": {"0": [0.2927835051546392], "1": [0.3378640776699029], "overall": [0.316]}, "util": [0.05], "DP": [0.045080572515263706], "FPR": [0.017699727987104563]}