{"UTIL_mean": 0.05, "UTIL_FQ": 0.05, "UTIL_TQ": 0.05, "ACC_mean": 0.7905, "ACC_FQ": 0.7905, "ACC_TQ": 0.7905, "DP_mean": 0.045080572515263706, "DP_FQ": 0.045080572515263706, "DP_TQ": 0.045080572515263706, "FPR_mean": 0.017699727987104563, "FPR_FQ": 0.017699727987104563, "FPR_TQ": 0.017699727987104563, "UTIL_STD": 0.0, "ACC_STD": 0.0, "DP_STD": 0.0, "FPR_STD": 0.0, "UTIL_Q025": 0.05, "UTIL_Q975": 0.05, "ACC_Q025": 0.7905, "ACC_Q975": 0.7905, "DP_Q025": 0.045080572515263706, "DP_Q975": 0.045080572515263706, "FPR_Q025": 0.017699727987104563, "FPR_Q975": 0.017699727987104563}