{"UTIL": {"mean": -0.019230769230769232, "FQ": 0.0, "TQ": 0.0, "STD": 0.06661733875264912, "Q025": -0.125, "Q975": 0.08749999999999991}, "ACC": {"mean": 0.46153846153846156, "FQ": 0.5, "TQ": 0.5, "STD": 0.13323467750529827, "Q025": 0.25, "Q975": 0.6749999999999998}, "DP": {"mean": 0.3076923076923077, "FQ": 0.0, "TQ": 0.5, "STD": 0.3689101171779015, "Q025": 0.0, "Q975": 1.0}, "EOP": {"mean": 0.3076923076923077, "FQ": 0.0, "TQ": 1.0, "STD": 0.46153846153846156, "Q025": 0.0, "Q975": 1.0}}