{"cum-loop-time": [3.3215229511260986, 4.794712781906128, 5.91715669631958, 6.475482702255249, 7.147651672363281, 7.792431831359863, 8.350576877593994, 8.843344688415527, 9.391958713531494, 9.899207592010498, 10.710663557052612, 11.381960391998291, 12.252822399139404, 13.006242275238037, 13.74913740158081, 14.393123149871826, 15.410277128219604, 16.072350025177002, 16.655906915664673, 17.341108083724976, 18.29488229751587, 19.150288343429565, 20.269625425338745, 20.914591312408447, 21.653706312179565], "cum-varOracle-time": [3.1782150268554688, 4.579691171646118, 5.65044093132019, 6.182906866073608, 6.829074859619141, 7.445947885513306, 7.9805567264556885, 8.449390649795532, 8.96956467628479, 9.450563907623291, 10.231221914291382, 10.874522686004639, 11.716293573379517, 12.44338846206665, 13.156092405319214, 13.770148277282715, 14.754837274551392, 15.385612487792969, 15.942901611328125, 16.600441694259644, 17.523050785064697, 18.346128702163696, 19.431957721710205, 20.05074667930603, 20.759615898132324], "num_lossOracle_calls": 25, "num_varOracle_calls": 35, "num_var_policies added": [7, 2, 1, 0, 0, 0, 0, 0, 0, 0, 0, 0, 0, 0, 0, 0, 0, 0, 0, 0, 0, 0, 0, 0, 0]}