{"cum-loop-time": [0.534041166305542, 1.121737003326416, 1.933574914932251, 2.8317739963531494, 3.695528984069824, 4.998470783233643, 6.533316612243652, 7.992421627044678, 9.553971290588379, 12.110523462295532, 14.750875473022461], "cum-varOracle-time": [0.5209548473358154, 1.094435214996338, 1.889202356338501, 2.769012212753296, 3.6148452758789062, 4.901931285858154, 6.417614221572876, 7.86104416847229, 9.404167413711548, 11.948467493057251, 14.57606554031372], "num_lossOracle_calls": 11, "num_varOracle_calls": 11, "num_var_policies added": [0, 0, 0, 0, 0, 0, 0, 0, 0, 0, 0]}