{"UTIL": {"mean": -0.017857142857142856, "FQ": -0.125, "TQ": 0.0625, "STD": 0.10412414097938036, "Q025": -0.125, "Q975": 0.125}, "ACC": {"mean": 0.7142857142857143, "FQ": 0.5, "TQ": 0.875, "STD": 0.20824828195876072, "Q025": 0.5, "Q975": 1.0}, "DP": {"mean": 0.5, "FQ": 0.5, "TQ": 0.5, "STD": 0.2672612419124244, "Q025": 0.07500000000000001, "Q975": 0.9249999999999998}, "EOP": {"mean": 0.42857142857142855, "FQ": 0.0, "TQ": 1.0, "STD": 0.49487165930539345, "Q025": 0.0, "Q975": 1.0}}