{"ACC": {"0": [0.8045977011494253], "1": [0.739424703891709], "overall": [0.7725]}, "mean_pred": {"0": [0.350253807106599], "1": [0.3103448275862069], "overall": [0.33]}, "Utility": [0.035833333333333335], "DP": [0.039908979520392074]}