{"ACC_mean": 0.7725, "mean_pred_mean": 0.33, "Utility_mean": 0.035833333333333335, "DP_mean": 0.039908979520392074}