{"acc_dict": {"0": [0.7731958762886598], "1": [0.7242718446601941], "overall": [0.748]}, "pred_dict": {"0": [0.2824742268041237], "1": [0.4087378640776699], "overall": [0.3475]}, "util": [0.02975], "DP": [0.12626363727354617], "FPR": [0.08656259772310448]}