{"UTIL_mean": 0.02975, "UTIL_FQ": 0.02975, "UTIL_TQ": 0.02975, "ACC_mean": 0.748, "ACC_FQ": 0.748, "ACC_TQ": 0.748, "DP_mean": 0.12626363727354617, "DP_FQ": 0.12626363727354617, "DP_TQ": 0.12626363727354617, "FPR_mean": 0.08656259772310448, "FPR_FQ": 0.08656259772310448, "FPR_TQ": 0.08656259772310448, "UTIL_STD": 0.0, "ACC_STD": 0.0, "DP_STD": 0.0, "FPR_STD": 0.0, "UTIL_Q025": 0.02975, "UTIL_Q975": 0.02975, "ACC_Q025": 0.748, "ACC_Q975": 0.748, "DP_Q025": 0.12626363727354617, "DP_Q975": 0.12626363727354617, "FPR_Q025": 0.08656259772310448, "FPR_Q975": 0.08656259772310448}