{"acc_dict": {"0": [0.7291666666666666], "1": [0.7019230769230769], "overall": [0.715]}, "pred_dict": {"0": [0.08653846153846154], "1": [0.11458333333333333], "overall": [0.1]}, "util": [-0.01], "DP": [0.028044871794871792], "EOP": [0.04057971014492753]}