{"acc_dict": {"0": [0.7604166666666666, 0.7604166666666666, 0.8645833333333334, 0.8541666666666666, 0.7604166666666666, 0.7604166666666666, 0.7604166666666666, 0.7604166666666666, 0.7604166666666666, 0.7604166666666666, 0.7604166666666666], "1": [0.7211538461538461, 0.7211538461538461, 0.8653846153846154, 0.8461538461538461, 0.7211538461538461, 0.7211538461538461, 0.7211538461538461, 0.7211538461538461, 0.7211538461538461, 0.7211538461538461, 0.7211538461538461], "overall": [0.74, 0.74, 0.865, 0.85, 0.74, 0.74, 0.74, 0.74, 0.74, 0.74, 0.74]}, "pred_dict": {"0": [0.0, 0.0, 0.18269230769230768, 0.14423076923076922, 0.0, 0.0, 0.0, 0.0, 0.0, 0.0, 0.0], "1": [0.0, 0.0, 0.22916666666666666, 0.13541666666666666, 0.0, 0.0, 0.0, 0.0, 0.0, 0.0, 0.0], "overall": [0.0, 0.0, 0.205, 0.14, 0.0, 0.0, 0.0, 0.0, 0.0, 0.0, 0.0]}, "util": [0.0, 0.0, 0.0625, 0.055, 0.0, 0.0, 0.0, 0.0, 0.0, 0.0, 0.0], "DP": [0.0, 0.0, 0.046474358974358976, 0.00881410256410256, 0.0, 0.0, 0.0, 0.0, 0.0, 0.0, 0.0], "EOP": [0.0, 0.0, 0.10944527736131937, 0.004497751124437788, 0.0, 0.0, 0.0, 0.0, 0.0, 0.0, 0.0]}