{"UTIL": {"mean": 0.010681818181818181, "FQ": 0.0, "TQ": 0.0, "STD": 0.02271590624857866, "Q025": 0.0, "Q975": 0.060625}, "ACC": {"mean": 0.7613636363636364, "FQ": 0.74, "TQ": 0.74, "STD": 0.04543181249715731, "Q025": 0.74, "Q975": 0.86125}, "DP": {"mean": 0.005026223776223776, "FQ": 0.0, "TQ": 0.0, "STD": 0.01334732614064654, "Q025": 0.0, "Q975": 0.03705929487179487}, "EOP": {"mean": 0.010358457135068833, "FQ": 0.0, "TQ": 0.0, "STD": 0.03136040428407057, "Q025": 0.0, "Q975": 0.08320839580209898}}