{"UTIL": {"mean": -0.015625, "FQ": 0.0, "TQ": 0.0, "STD": 0.04133986423538423, "Q025": -0.103125, "Q975": 0.0}, "ACC": {"mean": 0.96875, "FQ": 1.0, "TQ": 1.0, "STD": 0.08267972847076846, "Q025": 0.79375, "Q975": 1.0}, "DP": {"mean": 0.0625, "FQ": 0.0, "TQ": 0.0, "STD": 0.16535945694153692, "Q025": 0.0, "Q975": 0.4125000000000001}, "EOP": {"mean": 0.0, "FQ": 0.0, "TQ": 0.0, "STD": 0.0, "Q025": 0.0, "Q975": 0.0}}