{"UTIL_mean": 0.03866666666666667, "UTIL_FQ": 0.032916666666666664, "UTIL_TQ": 0.043333333333333335, "ACC_mean": 0.7706666666666666, "ACC_FQ": 0.7591666666666667, "ACC_TQ": 0.78, "DP_mean": 0.0812949580322239, "DP_FQ": 0.019871137672643008, "DP_TQ": 0.08712793711918512, "FPR_mean": 0.08364791887339595, "FPR_FQ": 0.03545816041257879, "FPR_TQ": 0.11664264587565912}