{"acc_dict": {"0": [0.8155668358714044, 0.8155668358714044, 0.7445008460236887, 0.7597292724196277, 0.7478849407783418], "1": [0.7454844006568144, 0.7454844006568144, 0.7701149425287356, 0.7931034482758621, 0.7701149425287356], "overall": [0.78, 0.78, 0.7575, 0.7766666666666666, 0.7591666666666667]}, "pred_dict": {"0": [0.1505922165820643, 0.116751269035533, 0.350253807106599, 0.311336717428088, 0.33671742808798644], "1": [0.4121510673234811, 0.09688013136288999, 0.37110016420361247, 0.3284072249589491, 0.24958949096880131], "overall": [0.2833333333333333, 0.10666666666666667, 0.36083333333333334, 0.32, 0.2925]}, "util": [0.043333333333333335, 0.043333333333333335, 0.03208333333333333, 0.041666666666666664, 0.032916666666666664], "DP": [0.2615588507414168, 0.019871137672643008, 0.02084635709701349, 0.01707050753086109, 0.08712793711918512], "FPR": [0.19942465864430126, 0.018082156893388206, 0.03545816041257879, 0.04863197254105242, 0.11664264587565912]}