{"UTIL": {"mean": 0.011111111111111112, "FQ": -0.0125, "TQ": 0.0275, "STD": 0.02179803479645939, "Q025": -0.0145, "Q975": 0.0465}, "ACC": {"mean": 0.6672222222222222, "FQ": 0.62, "TQ": 0.7, "STD": 0.043596069592918764, "Q025": 0.616, "Q975": 0.738}, "DP": {"mean": 0.05947293447293448, "FQ": 0.019230769230769232, "TQ": 0.08413461538461539, "STD": 0.059084888663619425, "Q025": 0.008493589743589738, "Q975": 0.1669871794871795}, "EOP": {"mean": 0.12016908212560387, "FQ": 0.048913043478260865, "TQ": 0.13858695652173914, "STD": 0.06918666712379729, "Q025": 0.03985507246376811, "Q975": 0.23750000000000002}}