{"acc_dict": {"0": [0.7604166666666666, 0.7291666666666666, 0.6770833333333334, 0.75, 0.7395833333333334, 0.7395833333333334, 0.75, 0.78125, 0.75], "1": [0.5480769230769231, 0.5192307692307693, 0.5576923076923077, 0.5, 0.6634615384615384, 0.6826923076923077, 0.5673076923076923, 0.6057692307692307, 0.7403846153846154], "overall": [0.65, 0.62, 0.615, 0.62, 0.7, 0.71, 0.655, 0.69, 0.745]}, "pred_dict": {"0": [0.0673076923076923, 0.1346153846153846, 0.07692307692307693, 0.11538461538461539, 0.25961538461538464, 0.33653846153846156, 0.04807692307692308, 0.10576923076923077, 0.4326923076923077], "1": [0.10416666666666667, 0.11458333333333333, 0.08333333333333333, 0.03125, 0.10416666666666667, 0.16666666666666666, 0.03125, 0.125, 0.40625], "overall": [0.085, 0.125, 0.08, 0.075, 0.185, 0.255, 0.04, 0.115, 0.42]}, "util": [0.0025, -0.0125, -0.015, -0.0125, 0.0275, 0.0325, 0.005, 0.0225, 0.05], "DP": [0.03685897435897437, 0.02003205128205128, 0.006410256410256401, 0.08413461538461539, 0.15544871794871795, 0.1698717948717949, 0.01682692307692308, 0.019230769230769232, 0.02644230769230771], "EOP": [0.13405797101449274, 0.048913043478260865, 0.10416666666666667, 0.03985507246376811, 0.24275362318840582, 0.21648550724637683, 0.03985507246376811, 0.11684782608695654, 0.13858695652173914]}