{"acc_dict": {"0": [0.7698815566835872, 0.7800338409475466, 0.7343485617597293, 0.7614213197969543, 0.6598984771573604], "1": [0.7126436781609196, 0.7766830870279147, 0.7274220032840722, 0.7914614121510674, 0.8013136288998358], "overall": [0.7408333333333333, 0.7783333333333333, 0.7308333333333333, 0.7766666666666666, 0.7316666666666667]}, "pred_dict": {"0": [0.22842639593908629, 0.20812182741116753, 0.2639593908629442, 0.23688663282571912, 0.3925549915397631], "1": [0.5303776683087028, 0.180623973727422, 0.4630541871921182, 0.22495894909688013, 0.2512315270935961], "overall": [0.38166666666666665, 0.19416666666666665, 0.365, 0.23083333333333333, 0.32083333333333336]}, "util": [0.018333333333333333, 0.037083333333333336, 0.013333333333333334, 0.03625, 0.01375], "DP": [0.3019512723696165, 0.02749785368374552, 0.19909479632917404, 0.011927683728838984, 0.141323464446167], "FPR": [0.2104791734736415, 0.09194767736629222, 0.1002850479398808, 0.09976677895827936, 0.2543799362303818]}