{"UTIL_mean": 0.02375, "UTIL_FQ": 0.01375, "UTIL_TQ": 0.03625, "ACC_mean": 0.7516666666666667, "ACC_FQ": 0.7316666666666667, "ACC_TQ": 0.7766666666666666, "DP_mean": 0.13635901411150841, "DP_FQ": 0.02749785368374552, "DP_TQ": 0.19909479632917404, "FPR_mean": 0.15137172279369515, "FPR_FQ": 0.09976677895827936, "FPR_TQ": 0.2104791734736415}