{"acc_dict": {"0": [0.8064516129032258, 0.7096774193548387, 0.3548387096774194, 0.45161290322580644, 0.7419354838709677, 0.8387096774193549, 0.6451612903225806, 0.8387096774193549, 0.5483870967741935, 0.5806451612903226, 0.6451612903225806, 0.6451612903225806, 0.7096774193548387, 0.7096774193548387, 0.7741935483870968, 0.7419354838709677, 0.7419354838709677, 0.2903225806451613, 0.8064516129032258, 0.6129032258064516, 0.2903225806451613, 0.7741935483870968, 0.6774193548387096, 0.2903225806451613, 0.6774193548387096, 0.4838709677419355, 0.45161290322580644, 0.7419354838709677, 0.3870967741935484, 0.8387096774193549, 0.7419354838709677, 0.8064516129032258, 0.8064516129032258, 0.8387096774193549, 0.3225806451612903, 0.45161290322580644, 0.5161290322580645, 0.7096774193548387, 0.3870967741935484, 0.7096774193548387, 0.2903225806451613], "1": [0.5217391304347826, 0.7391304347826086, 0.5217391304347826, 0.6086956521739131, 0.6521739130434783, 0.782608695652174, 0.6086956521739131, 0.782608695652174, 0.5217391304347826, 0.6521739130434783, 0.6086956521739131, 0.6521739130434783, 0.6956521739130435, 0.782608695652174, 0.782608695652174, 0.782608695652174, 0.782608695652174, 0.34782608695652173, 0.782608695652174, 0.6521739130434783, 0.34782608695652173, 0.4782608695652174, 0.6086956521739131, 0.34782608695652173, 0.4782608695652174, 0.34782608695652173, 0.34782608695652173, 0.6521739130434783, 0.34782608695652173, 0.6521739130434783, 0.5217391304347826, 0.6086956521739131, 0.7391304347826086, 0.6956521739130435, 0.34782608695652173, 0.34782608695652173, 0.6521739130434783, 0.6521739130434783, 0.34782608695652173, 0.6086956521739131, 0.5217391304347826], "overall": [0.6851851851851852, 0.7222222222222222, 0.42592592592592593, 0.5185185185185185, 0.7037037037037037, 0.8148148148148148, 0.6296296296296297, 0.8148148148148148, 0.5370370370370371, 0.6111111111111112, 0.6296296296296297, 0.6481481481481481, 0.7037037037037037, 0.7407407407407407, 0.7777777777777778, 0.7592592592592593, 0.7592592592592593, 0.3148148148148148, 0.7962962962962963, 0.6296296296296297, 0.3148148148148148, 0.6481481481481481, 0.6481481481481481, 0.3148148148148148, 0.5925925925925926, 0.42592592592592593, 0.4074074074074074, 0.7037037037037037, 0.37037037037037035, 0.7592592592592593, 0.6481481481481481, 0.7222222222222222, 0.7777777777777778, 0.7777777777777778, 0.3333333333333333, 0.4074074074074074, 0.5740740740740741, 0.6851851851851852, 0.37037037037037035, 0.6666666666666666, 0.3888888888888889]}, "pred_dict": {"0": [0.391304347826087, 0.5217391304347826, 0.7391304347826086, 0.5652173913043478, 0.34782608695652173, 0.21739130434782608, 0.6521739130434783, 0.21739130434782608, 0.7391304347826086, 0.6086956521739131, 0.5652173913043478, 0.34782608695652173, 0.4782608695652174, 0.21739130434782608, 0.21739130434782608, 0.21739130434782608, 0.21739130434782608, 1.0, 0.21739130434782608, 0.34782608695652173, 1.0, 0.6956521739130435, 0.4782608695652174, 1.0, 0.8695652173913043, 1.0, 1.0, 0.6086956521739131, 1.0, 0.6086956521739131, 0.6521739130434783, 0.5652173913043478, 0.5217391304347826, 0.5652173913043478, 1.0, 1.0, 0.34782608695652173, 0.43478260869565216, 1.0, 0.043478260869565216, 0.21739130434782608], "1": [0.22580645161290322, 0.45161290322580644, 0.9354838709677419, 0.7741935483870968, 0.41935483870967744, 0.1935483870967742, 0.5161290322580645, 0.1935483870967742, 0.6774193548387096, 0.6451612903225806, 0.5161290322580645, 0.5806451612903226, 0.3870967741935484, 0.45161290322580644, 0.3870967741935484, 0.41935483870967744, 0.41935483870967744, 1.0, 0.2903225806451613, 0.5483870967741935, 1.0, 0.3870967741935484, 0.5483870967741935, 1.0, 0.4838709677419355, 0.7419354838709677, 0.7741935483870968, 0.41935483870967744, 0.7741935483870968, 0.3225806451612903, 0.2903225806451613, 0.22580645161290322, 0.22580645161290322, 0.3225806451612903, 0.8387096774193549, 0.7741935483870968, 0.3225806451612903, 0.12903225806451613, 0.7741935483870968, 0.0, 0.4838709677419355], "overall": [0.2962962962962963, 0.48148148148148145, 0.8518518518518519, 0.6851851851851852, 0.3888888888888889, 0.2037037037037037, 0.5740740740740741, 0.2037037037037037, 0.7037037037037037, 0.6296296296296297, 0.5370370370370371, 0.48148148148148145, 0.42592592592592593, 0.35185185185185186, 0.3148148148148148, 0.3333333333333333, 0.3333333333333333, 1.0, 0.25925925925925924, 0.46296296296296297, 1.0, 0.5185185185185185, 0.5185185185185185, 1.0, 0.6481481481481481, 0.8518518518518519, 0.8703703703703703, 0.5, 0.8703703703703703, 0.4444444444444444, 0.4444444444444444, 0.37037037037037035, 0.35185185185185186, 0.42592592592592593, 0.9074074074074074, 0.8703703703703703, 0.3333333333333333, 0.25925925925925924, 0.8703703703703703, 0.018518518518518517, 0.37037037037037035]}, "util": [0.0, 0.018518518518518517, -0.12962962962962962, -0.08333333333333333, 0.009259259259259259, 0.06481481481481481, -0.027777777777777776, 0.06481481481481481, -0.07407407407407407, -0.037037037037037035, -0.027777777777777776, -0.018518518518518517, 0.009259259259259259, 0.027777777777777776, 0.046296296296296294, 0.037037037037037035, 0.037037037037037035, -0.18518518518518517, 0.05555555555555555, -0.027777777777777776, -0.18518518518518517, -0.018518518518518517, -0.018518518518518517, -0.18518518518518517, -0.046296296296296294, -0.12962962962962962, -0.1388888888888889, 0.009259259259259259, -0.1574074074074074, 0.037037037037037035, -0.018518518518518517, 0.018518518518518517, 0.046296296296296294, 0.046296296296296294, -0.17592592592592593, -0.1388888888888889, -0.05555555555555555, 0.0, -0.1574074074074074, -0.009259259259259259, -0.14814814814814814], "DP": [0.16549789621318375, 0.07012622720897616, 0.19635343618513323, 0.20897615708274897, 0.0715287517531557, 0.023842917251051893, 0.13604488078541377, 0.023842917251051893, 0.061711079943899017, 0.036465638148667545, 0.04908835904628328, 0.2328190743338009, 0.09116409537166903, 0.23422159887798036, 0.1697054698457223, 0.20196353436185135, 0.20196353436185135, 0.0, 0.07293127629733523, 0.20056100981767178, 0.0, 0.3085553997194951, 0.0701262272089761, 0.0, 0.3856942496493688, 0.25806451612903225, 0.22580645161290325, 0.18934081346423565, 0.22580645161290325, 0.28611500701262277, 0.36185133239831696, 0.33941093969144454, 0.29593267882187935, 0.24263674614305747, 0.16129032258064513, 0.22580645161290325, 0.025245441795231416, 0.30575035063113604, 0.22580645161290325, 0.043478260869565216, 0.26647966339410945], "EOP": [0.18055555555555558, 0.09722222222222221, 0.125, 0.13888888888888884, 0.2777777777777778, 0.05555555555555558, 0.09722222222222221, 0.05555555555555558, 0.01388888888888884, 0.01388888888888884, 0.02777777777777779, 0.38888888888888884, 0.08333333333333337, 0.2777777777777778, 0.2777777777777778, 0.2777777777777778, 0.2777777777777778, 0.0, 0.16666666666666663, 0.2777777777777778, 0.0, 0.02777777777777779, 0.26388888888888884, 0.0, 0.2222222222222222, 0.11111111111111116, 0.11111111111111116, 0.09722222222222221, 0.2222222222222222, 0.09722222222222221, 0.19444444444444442, 0.19444444444444442, 0.3194444444444444, 0.09722222222222221, 0.2222222222222222, 0.11111111111111116, 0.2777777777777778, 0.4027777777777778, 0.2222222222222222, 0.0, 0.013888888888888895]}