{"UTIL": {"mean": -0.04065040650406504, "FQ": -0.12962962962962962, "TQ": 0.018518518518518517, "STD": 0.07906826266067836, "Q025": -0.18518518518518517, "Q975": 0.06481481481481481}, "ACC": {"mean": 0.6038843721770552, "FQ": 0.42592592592592593, "TQ": 0.7222222222222222, "STD": 0.15813652532135672, "Q025": 0.3148148148148148, "Q975": 0.8148148148148148}, "DP": {"mean": 0.16809769780727263, "FQ": 0.0701262272089761, "TQ": 0.23422159887798036, "STD": 0.1086927548244194, "Q025": 0.0, "Q975": 0.36185133239831696}, "EOP": {"mean": 0.15413279132791327, "FQ": 0.05555555555555558, "TQ": 0.26388888888888884, "STD": 0.11253344705249961, "Q025": 0.0, "Q975": 0.38888888888888884}}