{"acc_dict": {"0": [0.9090909090909091], "1": [0.8888888888888888], "overall": [0.9]}, "pred_dict": {"0": [0.0], "1": [0.0], "overall": [0.0]}, "util": [0.0], "DP": [0.0], "EOP": [0.0]}