{"cum-loop-time": [10.07201886177063, 23.29647994041443, 39.07611799240112, 57.86342000961304, 79.35837125778198, 104.38807725906372, 131.82250809669495, 161.83457493782043, 195.89863896369934, 232.18216800689697, 271.5485761165619], "cum-varOracle-time": [9.742197275161743, 22.534489631652832, 37.88649797439575, 56.23192310333252, 77.29057240486145, 101.86976456642151, 128.8613953590393, 158.41816997528076, 192.02605295181274, 227.84851908683777, 266.7520372867584], "num_lossOracle_calls": 11, "num_varOracle_calls": 220, "num_var_policies added": [20, 20, 20, 20, 20, 20, 20, 20, 20, 20, 20]}