{"acc_dict": {"0": [0.7241962774957699, 0.7597292724196277, 0.7868020304568528, 0.7580372250423012, 0.7868020304568528], "1": [0.7865353037766831, 0.7980295566502463, 0.8111658456486043, 0.7980295566502463, 0.8045977011494253], "overall": [0.7558333333333334, 0.7791666666666667, 0.7991666666666667, 0.7783333333333333, 0.7958333333333333]}, "pred_dict": {"0": [0.3299492385786802, 0.2910321489001692, 0.25042301184433163, 0.3130287648054145, 0.2571912013536379], "1": [0.35960591133004927, 0.2889983579638752, 0.2791461412151067, 0.3251231527093596, 0.3218390804597701], "overall": [0.345, 0.29, 0.265, 0.31916666666666665, 0.29]}, "util": [0.03166666666666667, 0.043333333333333335, 0.05333333333333334, 0.042916666666666665, 0.051666666666666666], "DP": [0.029656672751369073, 0.002033790936294022, 0.02872312937077509, 0.01209438790394507, 0.06464787910613223], "FPR": [0.05758004804623579, 0.06958580431023478, 0.040984367565309224, 0.05811389511065723, 0.007914862998595729]}