{"UTIL_mean": 0.044583333333333336, "UTIL_FQ": 0.042916666666666665, "UTIL_TQ": 0.051666666666666666, "ACC_mean": 0.7816666666666666, "ACC_FQ": 0.7783333333333333, "ACC_TQ": 0.7958333333333333, "DP_mean": 0.027431172013703098, "DP_FQ": 0.01209438790394507, "DP_TQ": 0.029656672751369073, "FPR_mean": 0.04683579560620655, "FPR_FQ": 0.040984367565309224, "FPR_TQ": 0.05811389511065723}