{"UTIL_mean": 0.04075, "UTIL_FQ": 0.032916666666666664, "UTIL_TQ": 0.051666666666666666, "ACC_mean": 0.7606666666666666, "ACC_FQ": 0.745, "ACC_TQ": 0.7825, "DP_mean": 0.10607553366174056, "DP_FQ": 0.03538296116626238, "DP_TQ": 0.12056879464546189, "FPR_mean": 0.06301212121212121, "FPR_FQ": 0.034363636363636374, "FPR_TQ": 0.04854545454545454}