{"acc_dict": {"0": [0.7326565143824028, 0.7563451776649747, 0.8189509306260575, 0.7461928934010152, 0.8071065989847716], "1": [0.7175697865353038, 0.7438423645320197, 0.7471264367816092, 0.7438423645320197, 0.7947454844006568], "overall": [0.725, 0.75, 0.7825, 0.745, 0.8008333333333333]}, "pred_dict": {"0": [0.3062605752961083, 0.30287648054145516, 0.19627749576988154, 0.3096446700507614, 0.2182741116751269], "1": [0.4072249589490969, 0.33825944170771755, 0.4400656814449918, 0.4302134646962233, 0.24794745484400657], "overall": [0.3575, 0.32083333333333336, 0.32, 0.37083333333333335, 0.23333333333333334]}, "util": [0.022916666666666665, 0.035416666666666666, 0.051666666666666666, 0.032916666666666664, 0.060833333333333336], "DP": [0.1009643836529886, 0.03538296116626238, 0.24378818567511026, 0.12056879464546189, 0.02967334316887968], "FPR": [0.034363636363636374, 0.024787878787878803, 0.16884848484848483, 0.0385151515151515, 0.04854545454545454]}