{"UTIL": {"mean": 0.0037037037037037034, "FQ": -0.009259259259259259, "TQ": 0.009259259259259259, "STD": 0.017906555190568253, "Q025": -0.027777777777777776, "Q975": 0.041898148148148136}, "ACC": {"mean": 0.6555555555555554, "FQ": 0.6296296296296297, "TQ": 0.6666666666666666, "STD": 0.035813110381136506, "Q025": 0.5925925925925926, "Q975": 0.7319444444444444}, "DP": {"mean": 0.14305750350631136, "FQ": 0.07994389901823282, "TQ": 0.19074333800841514, "STD": 0.09955257134472215, "Q025": 0.021037868162692847, "Q975": 0.37598176718092563}, "EOP": {"mean": 0.22999999999999998, "FQ": 0.09722222222222224, "TQ": 0.32499999999999996, "STD": 0.16909709388541788, "Q025": 0.005277777777777773, "Q975": 0.5}}