{"acc_dict": {"0": [0.6774193548387096, 0.6774193548387096, 0.6451612903225806, 0.6774193548387096, 0.6774193548387096, 0.6451612903225806, 0.6774193548387096, 0.7419354838709677, 0.7096774193548387, 0.7419354838709677, 0.6774193548387096, 0.6774193548387096, 0.6129032258064516, 0.6451612903225806, 0.6774193548387096, 0.6774193548387096, 0.7741935483870968, 0.7096774193548387, 0.7096774193548387, 0.6774193548387096], "1": [0.5652173913043478, 0.6086956521739131, 0.5217391304347826, 0.6086956521739131, 0.6521739130434783, 0.5217391304347826, 0.5652173913043478, 0.5652173913043478, 0.6086956521739131, 0.5652173913043478, 0.5652173913043478, 0.5652173913043478, 0.6956521739130435, 0.7391304347826086, 0.782608695652174, 0.6956521739130435, 0.6956521739130435, 0.6086956521739131, 0.6086956521739131, 0.5652173913043478], "overall": [0.6296296296296297, 0.6481481481481481, 0.5925925925925926, 0.6481481481481481, 0.6666666666666666, 0.5925925925925926, 0.6296296296296297, 0.6666666666666666, 0.6666666666666666, 0.6666666666666666, 0.6296296296296297, 0.6296296296296297, 0.6481481481481481, 0.6851851851851852, 0.7222222222222222, 0.6851851851851852, 0.7407407407407407, 0.6666666666666666, 0.6666666666666666, 0.6296296296296297]}, "pred_dict": {"0": [0.17391304347826086, 0.13043478260869565, 0.21739130434782608, 0.391304347826087, 0.17391304347826086, 0.043478260869565216, 0.0, 0.17391304347826086, 0.043478260869565216, 0.0, 0.08695652173913043, 0.17391304347826086, 0.30434782608695654, 0.17391304347826086, 0.21739130434782608, 0.21739130434782608, 0.30434782608695654, 0.391304347826087, 0.391304347826087, 0.2608695652173913], "1": [0.22580645161290322, 0.22580645161290322, 0.12903225806451613, 0.03225806451612903, 0.03225806451612903, 0.06451612903225806, 0.0967741935483871, 0.03225806451612903, 0.06451612903225806, 0.03225806451612903, 0.03225806451612903, 0.03225806451612903, 0.0967741935483871, 0.06451612903225806, 0.03225806451612903, 0.0967741935483871, 0.06451612903225806, 0.0, 0.25806451612903225, 0.03225806451612903], "overall": [0.2037037037037037, 0.18518518518518517, 0.16666666666666666, 0.18518518518518517, 0.09259259259259259, 0.05555555555555555, 0.05555555555555555, 0.09259259259259259, 0.05555555555555555, 0.018518518518518517, 0.05555555555555555, 0.09259259259259259, 0.18518518518518517, 0.1111111111111111, 0.1111111111111111, 0.14814814814814814, 0.16666666666666666, 0.16666666666666666, 0.3148148148148148, 0.12962962962962962]}, "util": [-0.009259259259259259, 0.0, -0.027777777777777776, 0.0, 0.009259259259259259, -0.027777777777777776, -0.009259259259259259, 0.009259259259259259, 0.009259259259259259, 0.009259259259259259, -0.009259259259259259, -0.009259259259259259, 0.0, 0.018518518518518517, 0.037037037037037035, 0.018518518518518517, 0.046296296296296294, 0.009259259259259259, 0.009259259259259259, -0.009259259259259259], "DP": [0.051893408134642355, 0.09537166900420757, 0.08835904628330996, 0.3590462833099579, 0.14165497896213183, 0.021037868162692847, 0.0967741935483871, 0.14165497896213183, 0.021037868162692847, 0.03225806451612903, 0.0546984572230014, 0.14165497896213183, 0.20757363253856945, 0.1093969144460028, 0.18513323983169705, 0.12061711079943899, 0.23983169705469848, 0.391304347826087, 0.13323983169705472, 0.22861150070126227], "EOP": [0.1333333333333333, 0.1333333333333333, 0.0888888888888889, 0.5, 0.3, 0.0, 0.1111111111111111, 0.0888888888888889, 0.0111111111111111, 0.1111111111111111, 0.1, 0.2, 0.5, 0.4, 0.5, 0.2888888888888889, 0.2777777777777778, 0.5, 0.05555555555555558, 0.3]}