{"UTIL_mean": 0.039, "UTIL_FQ": 0.039, "UTIL_TQ": 0.039, "ACC_mean": 0.7755, "ACC_FQ": 0.7755, "ACC_TQ": 0.7755, "DP_mean": 0.0011610449404463874, "DP_FQ": 0.0011610449404463874, "DP_TQ": 0.0011610449404463874, "FPR_mean": 0.07209828312943355, "FPR_FQ": 0.07209828312943355, "FPR_TQ": 0.07209828312943355, "UTIL_STD": 0.0, "ACC_STD": 0.0, "DP_STD": 0.0, "FPR_STD": 0.0, "UTIL_Q025": 0.039, "UTIL_Q975": 0.039, "ACC_Q025": 0.7755, "ACC_Q975": 0.7755, "DP_Q025": 0.0011610449404463874, "DP_Q975": 0.0011610449404463874, "FPR_Q025": 0.07209828312943355, "FPR_Q975": 0.07209828312943355}