{"acc_dict": {"0": [0.7484536082474227], "1": [0.8009708737864077], "overall": [0.7755]}, "pred_dict": {"0": [0.2865979381443299], "1": [0.2854368932038835], "overall": [0.286]}, "util": [0.039], "DP": [0.0011610449404463874], "FPR": [0.07209828312943355]}