{"cum-loop-time": [0.7754268646240234, 1.267317771911621, 1.814253807067871, 2.33902907371521, 3.1687328815460205, 4.059440851211548, 4.964373826980591, 5.595828056335449, 6.488292932510376, 7.454236745834351, 7.99421501159668, 8.655450105667114, 9.364923000335693, 10.035429000854492, 10.614482164382935, 11.394443035125732, 12.52817702293396, 13.21426010131836, 13.827244281768799, 14.59917140007019, 15.30272650718689, 15.905191421508789, 16.506859064102173, 17.122227907180786, 17.762962102890015, 18.504987239837646, 19.25339436531067, 20.03519058227539, 20.625896453857422, 21.219412326812744, 21.88006329536438, 22.59010124206543, 23.40878915786743, 24.315839052200317, 25.415045022964478, 26.5422101020813, 27.73620915412903, 28.93635606765747, 30.101762056350708, 31.25851821899414, 31.95814800262451], "cum-varOracle-time": [0.7638583183288574, 1.241666316986084, 1.7716913223266602, 2.2798054218292236, 3.098029375076294, 3.977414608001709, 4.870303630828857, 5.487853288650513, 6.367109060287476, 7.321420907974243, 7.849470853805542, 8.497057914733887, 9.191486835479736, 9.847189664840698, 10.41077470779419, 11.17558479309082, 12.284008026123047, 12.955923795700073, 13.54805064201355, 14.306230783462524, 14.997242450714111, 15.584525346755981, 16.17165756225586, 16.774813413619995, 17.40182137489319, 18.12943935394287, 18.86344337463379, 19.630890369415283, 20.206024408340454, 20.784663200378418, 21.42995595932007, 22.121618032455444, 22.92280411720276, 23.810425281524658, 24.89787721633911, 26.013772010803223, 27.19529104232788, 28.382377862930298, 29.535788774490356, 30.680823802947998, 31.36618185043335], "num_lossOracle_calls": 41, "num_varOracle_calls": 41, "num_var_policies added": [0, 0, 0, 0, 0, 0, 0, 0, 0, 0, 0, 0, 0, 0, 0, 0, 0, 0, 0, 0, 0, 0, 0, 0, 0, 0, 0, 0, 0, 0, 0, 0, 0, 0, 0, 0, 0, 0, 0, 0, 0]}