{"ACC_mean": 0.7833333333333333, "mean_pred_mean": 0.2658333333333333, "Utility_mean": 0.04541666666666667, "DP_mean": 0.11792820051178182}