{"ACC": {"0": [0.7717569786535303, 0.7389162561576355, 0.7520525451559934, 0.7602627257799671, 0.7832512315270936], "1": [0.7969543147208121, 0.8020304568527918, 0.8037225042301185, 0.8138747884940778, 0.8138747884940778], "overall": [0.7841666666666667, 0.77, 0.7775, 0.7866666666666666, 0.7983333333333333]}, "mean_pred": {"0": [0.24027072758037224, 0.20135363790186125, 0.22673434856175972, 0.1996615905245347, 0.19289340101522842], "1": [0.3415435139573071, 0.3579638752052545, 0.4269293924466338, 0.16912972085385877, 0.2939244663382594], "overall": [0.2916666666666667, 0.2808333333333333, 0.3283333333333333, 0.18416666666666667, 0.24416666666666667]}, "Utility": [0.04583333333333333, 0.03875, 0.0425, 0.04708333333333333, 0.05291666666666667], "DP": [0.10127278637693485, 0.15661023730339327, 0.20019504388487408, 0.03053186967067592, 0.101031065323031]}