{"ACC": {"0": [0.7783251231527094, 0.7684729064039408, 0.7717569786535303, 0.7963875205254516, 0.7586206896551724], "1": [0.8392554991539763, 0.8121827411167513, 0.7580372250423012, 0.7732656514382402, 0.8341793570219966], "overall": [0.8083333333333333, 0.79, 0.765, 0.785, 0.7958333333333333]}, "mean_pred": {"0": [0.11336717428087986, 0.19796954314720813, 0.2859560067681895, 0.2639593908629442, 0.1658206429780034], "1": [0.3366174055829228, 0.3563218390804598, 0.3464696223316913, 0.2627257799671593, 0.42857142857142855], "overall": [0.22666666666666666, 0.2783333333333333, 0.31666666666666665, 0.2633333333333333, 0.2991666666666667]}, "Utility": [0.059166666666666666, 0.05, 0.0375, 0.0475, 0.05291666666666667], "DP": [0.22325023130204294, 0.15835229593325165, 0.06051361556350182, 0.0012336108957848868, 0.26275078559342513]}