{"ACC_mean": 0.7888333333333334, "mean_pred_mean": 0.2768333333333333, "Utility_mean": 0.049416666666666664, "DP_mean": 0.14122010785760128}