{"UTIL_mean": -0.007394366197183099, "UTIL_FQ": -0.025, "UTIL_TQ": 0.0, "ACC_mean": 0.7352112676056338, "ACC_FQ": 0.7, "ACC_TQ": 0.75, "DP_mean": 0.044529805093185375, "DP_FQ": 0.0, "DP_TQ": 0.09090909090909091, "EOP_mean": 0.04929577464788732, "EOP_FQ": 0.0, "EOP_TQ": 0.0, "UTIL_STD": 0.018948766263484098, "ACC_STD": 0.03789753252696821, "DP_STD": 0.06069082763588519, "EOP_STD": 0.14371105976538934, "UTIL_Q025": -0.03125, "UTIL_Q975": 0.025, "ACC_Q025": 0.6874999999999999, "ACC_Q975": 0.8, "DP_Q025": 0.0, "DP_Q975": 0.1919191919191919, "EOP_Q025": 0.0, "EOP_Q975": 0.5}