{"acc_dict": {"0": [0.7272727272727273, 0.8181818181818182, 0.8181818181818182, 0.9090909090909091, 0.7272727272727273, 0.8181818181818182, 0.8181818181818182, 0.8181818181818182, 0.8181818181818182, 0.8181818181818182, 0.7272727272727273, 0.8181818181818182, 0.7272727272727273, 0.8181818181818182, 0.7272727272727273, 0.8181818181818182, 0.8181818181818182, 0.8181818181818182, 0.8181818181818182, 0.8181818181818182, 0.8181818181818182, 0.8181818181818182, 0.8181818181818182, 0.8181818181818182, 0.8181818181818182, 0.8181818181818182, 0.7272727272727273, 0.8181818181818182, 0.8181818181818182, 0.8181818181818182, 0.8181818181818182, 0.8181818181818182, 0.8181818181818182, 0.7272727272727273, 0.8181818181818182, 0.7272727272727273, 0.8181818181818182, 0.8181818181818182, 0.8181818181818182, 0.7272727272727273, 0.8181818181818182, 0.8181818181818182, 0.7272727272727273, 0.8181818181818182, 0.7272727272727273, 0.7272727272727273, 0.7272727272727273, 0.8181818181818182, 0.7272727272727273, 0.8181818181818182, 0.8181818181818182, 0.8181818181818182, 0.7272727272727273, 0.8181818181818182, 0.8181818181818182, 0.8181818181818182, 0.8181818181818182, 0.8181818181818182, 0.8181818181818182, 0.7272727272727273, 0.8181818181818182, 0.8181818181818182, 0.8181818181818182, 0.8181818181818182, 0.8181818181818182, 0.8181818181818182, 0.7272727272727273, 0.8181818181818182, 0.8181818181818182, 0.8181818181818182, 0.8181818181818182], "1": [0.3333333333333333, 0.6666666666666666, 0.5555555555555556, 0.6666666666666666, 0.5555555555555556, 0.7777777777777778, 0.6666666666666666, 0.6666666666666666, 0.5555555555555556, 0.5555555555555556, 0.6666666666666666, 0.6666666666666666, 0.6666666666666666, 0.5555555555555556, 0.6666666666666666, 0.6666666666666666, 0.6666666666666666, 0.6666666666666666, 0.8888888888888888, 0.7777777777777778, 0.6666666666666666, 0.6666666666666666, 0.6666666666666666, 0.6666666666666666, 0.6666666666666666, 0.6666666666666666, 0.7777777777777778, 0.5555555555555556, 0.6666666666666666, 0.6666666666666666, 0.6666666666666666, 0.6666666666666666, 0.6666666666666666, 0.6666666666666666, 0.6666666666666666, 0.6666666666666666, 0.6666666666666666, 0.6666666666666666, 0.6666666666666666, 0.6666666666666666, 0.6666666666666666, 0.6666666666666666, 0.6666666666666666, 0.6666666666666666, 0.6666666666666666, 0.6666666666666666, 0.7777777777777778, 0.6666666666666666, 0.6666666666666666, 0.5555555555555556, 0.6666666666666666, 0.6666666666666666, 0.6666666666666666, 0.6666666666666666, 0.6666666666666666, 0.6666666666666666, 0.6666666666666666, 0.6666666666666666, 0.6666666666666666, 0.6666666666666666, 0.6666666666666666, 0.6666666666666666, 0.5555555555555556, 0.6666666666666666, 0.6666666666666666, 0.6666666666666666, 0.6666666666666666, 0.6666666666666666, 0.6666666666666666, 0.6666666666666666, 0.6666666666666666], "overall": [0.55, 0.75, 0.7, 0.8, 0.65, 0.8, 0.75, 0.75, 0.7, 0.7, 0.7, 0.75, 0.7, 0.7, 0.7, 0.75, 0.75, 0.75, 0.85, 0.8, 0.75, 0.75, 0.75, 0.75, 0.75, 0.75, 0.75, 0.7, 0.75, 0.75, 0.75, 0.75, 0.75, 0.7, 0.75, 0.7, 0.75, 0.75, 0.75, 0.7, 0.75, 0.75, 0.7, 0.75, 0.7, 0.7, 0.75, 0.75, 0.7, 0.7, 0.75, 0.75, 0.7, 0.75, 0.75, 0.75, 0.75, 0.75, 0.75, 0.7, 0.75, 0.75, 0.7, 0.75, 0.75, 0.75, 0.7, 0.75, 0.75, 0.75, 0.75]}, "pred_dict": {"0": [0.3333333333333333, 0.0, 0.1111111111111111, 0.0, 0.1111111111111111, 0.1111111111111111, 0.0, 0.0, 0.1111111111111111, 0.1111111111111111, 0.0, 0.0, 0.0, 0.1111111111111111, 0.0, 0.0, 0.0, 0.0, 0.2222222222222222, 0.1111111111111111, 0.0, 0.0, 0.0, 0.0, 0.0, 0.0, 0.1111111111111111, 0.1111111111111111, 0.0, 0.0, 0.0, 0.0, 0.0, 0.0, 0.0, 0.0, 0.0, 0.0, 0.0, 0.0, 0.0, 0.0, 0.0, 0.0, 0.0, 0.0, 0.1111111111111111, 0.0, 0.0, 0.1111111111111111, 0.0, 0.0, 0.0, 0.0, 0.0, 0.0, 0.0, 0.0, 0.0, 0.0, 0.0, 0.0, 0.1111111111111111, 0.0, 0.0, 0.0, 0.0, 0.0, 0.0, 0.0, 0.0], "1": [0.09090909090909091, 0.0, 0.0, 0.09090909090909091, 0.09090909090909091, 0.0, 0.0, 0.0, 0.0, 0.0, 0.09090909090909091, 0.0, 0.09090909090909091, 0.0, 0.09090909090909091, 0.0, 0.0, 0.0, 0.0, 0.0, 0.18181818181818182, 0.0, 0.0, 0.0, 0.0, 0.0, 0.09090909090909091, 0.0, 0.0, 0.18181818181818182, 0.0, 0.0, 0.0, 0.09090909090909091, 0.0, 0.09090909090909091, 0.0, 0.0, 0.0, 0.09090909090909091, 0.0, 0.0, 0.09090909090909091, 0.0, 0.09090909090909091, 0.09090909090909091, 0.09090909090909091, 0.0, 0.09090909090909091, 0.0, 0.0, 0.0, 0.09090909090909091, 0.0, 0.0, 0.0, 0.0, 0.0, 0.0, 0.09090909090909091, 0.0, 0.0, 0.0, 0.0, 0.0, 0.0, 0.09090909090909091, 0.0, 0.0, 0.0, 0.0], "overall": [0.2, 0.0, 0.05, 0.05, 0.1, 0.05, 0.0, 0.0, 0.05, 0.05, 0.05, 0.0, 0.05, 0.05, 0.05, 0.0, 0.0, 0.0, 0.1, 0.05, 0.1, 0.0, 0.0, 0.0, 0.0, 0.0, 0.1, 0.05, 0.0, 0.1, 0.0, 0.0, 0.0, 0.05, 0.0, 0.05, 0.0, 0.0, 0.0, 0.05, 0.0, 0.0, 0.05, 0.0, 0.05, 0.05, 0.1, 0.0, 0.05, 0.05, 0.0, 0.0, 0.05, 0.0, 0.0, 0.0, 0.0, 0.0, 0.0, 0.05, 0.0, 0.0, 0.05, 0.0, 0.0, 0.0, 0.05, 0.0, 0.0, 0.0, 0.0]}, "util": [-0.1, 0.0, -0.025, 0.025, -0.05, 0.025, 0.0, 0.0, -0.025, -0.025, -0.025, 0.0, -0.025, -0.025, -0.025, 0.0, 0.0, 0.0, 0.05, 0.025, 0.0, 0.0, 0.0, 0.0, 0.0, 0.0, 0.0, -0.025, 0.0, 0.0, 0.0, 0.0, 0.0, -0.025, 0.0, -0.025, 0.0, 0.0, 0.0, -0.025, 0.0, 0.0, -0.025, 0.0, -0.025, -0.025, 0.0, 0.0, -0.025, -0.025, 0.0, 0.0, -0.025, 0.0, 0.0, 0.0, 0.0, 0.0, 0.0, -0.025, 0.0, 0.0, -0.025, 0.0, 0.0, 0.0, -0.025, 0.0, 0.0, 0.0, 0.0], "DP": [0.2424242424242424, 0.0, 0.1111111111111111, 0.09090909090909091, 0.020202020202020193, 0.1111111111111111, 0.0, 0.0, 0.1111111111111111, 0.1111111111111111, 0.09090909090909091, 0.0, 0.09090909090909091, 0.1111111111111111, 0.09090909090909091, 0.0, 0.0, 0.0, 0.2222222222222222, 0.1111111111111111, 0.18181818181818182, 0.0, 0.0, 0.0, 0.0, 0.0, 0.020202020202020193, 0.1111111111111111, 0.0, 0.18181818181818182, 0.0, 0.0, 0.0, 0.09090909090909091, 0.0, 0.09090909090909091, 0.0, 0.0, 0.0, 0.09090909090909091, 0.0, 0.0, 0.09090909090909091, 0.0, 0.09090909090909091, 0.09090909090909091, 0.020202020202020193, 0.0, 0.09090909090909091, 0.1111111111111111, 0.0, 0.0, 0.09090909090909091, 0.0, 0.0, 0.0, 0.0, 0.0, 0.0, 0.09090909090909091, 0.0, 0.0, 0.1111111111111111, 0.0, 0.0, 0.0, 0.09090909090909091, 0.0, 0.0, 0.0, 0.0], "EOP": [0.0, 0.0, 0.0, 0.5, 0.0, 0.3333333333333333, 0.0, 0.0, 0.0, 0.0, 0.0, 0.0, 0.0, 0.0, 0.0, 0.0, 0.0, 0.0, 0.6666666666666666, 0.3333333333333333, 0.5, 0.0, 0.0, 0.0, 0.0, 0.0, 0.3333333333333333, 0.0, 0.0, 0.5, 0.0, 0.0, 0.0, 0.0, 0.0, 0.0, 0.0, 0.0, 0.0, 0.0, 0.0, 0.0, 0.0, 0.0, 0.0, 0.0, 0.3333333333333333, 0.0, 0.0, 0.0, 0.0, 0.0, 0.0, 0.0, 0.0, 0.0, 0.0, 0.0, 0.0, 0.0, 0.0, 0.0, 0.0, 0.0, 0.0, 0.0, 0.0, 0.0, 0.0, 0.0, 0.0]}