{"UTIL_mean": 0.05616666666666667, "UTIL_FQ": 0.05458333333333333, "UTIL_TQ": 0.059583333333333335, "ACC_mean": 0.8023333333333333, "ACC_FQ": 0.7991666666666667, "ACC_TQ": 0.8091666666666667, "DP_mean": 0.052928575596175795, "DP_FQ": 0.01487001241946101, "DP_TQ": 0.0753252815216757, "FPR_mean": 0.053540405369834176, "FPR_FQ": 0.029077827498464506, "FPR_TQ": 0.07563393875581295}