{"UTIL": {"mean": 0.01525, "FQ": -0.0075, "TQ": 0.030625, "STD": 0.02030086205066179, "Q025": -0.0200625, "Q975": 0.04281249999999999}, "ACC": {"mean": 0.6805, "FQ": 0.635, "TQ": 0.7112499999999999, "STD": 0.040601724101323566, "Q025": 0.609875, "Q975": 0.735625}, "DP": {"mean": 0.09225040257648953, "FQ": 0.02938808373590982, "TQ": 0.14452495974235105, "STD": 0.0672269319224976, "Q025": 0.0027979066022544275, "Q975": 0.20256642512077283}, "EOP": {"mean": 0.21341113841113843, "FQ": 0.0773955773955774, "TQ": 0.35135135135135137, "STD": 0.1556702637799114, "Q025": 0.003194103194103194, "Q975": 0.488042588042588}}