{"acc_dict": {"0": [0.6666666666666666, 0.6944444444444444, 0.6944444444444444, 0.7314814814814815, 0.6574074074074074, 0.6759259259259259, 0.6388888888888888, 0.6759259259259259, 0.6759259259259259, 0.6666666666666666, 0.6574074074074074, 0.7129629629629629, 0.7037037037037037, 0.75, 0.7129629629629629, 0.6574074074074074, 0.6759259259259259, 0.6481481481481481, 0.6851851851851852, 0.6944444444444444, 0.7037037037037037, 0.7037037037037037, 0.7407407407407407, 0.6944444444444444, 0.6851851851851852, 0.6759259259259259, 0.6759259259259259, 0.6759259259259259, 0.6944444444444444, 0.7222222222222222, 0.7777777777777778, 0.6481481481481481, 0.7129629629629629, 0.7407407407407407, 0.6759259259259259, 0.6944444444444444, 0.6574074074074074, 0.6851851851851852, 0.6666666666666666, 0.6481481481481481], "1": [0.5760869565217391, 0.6847826086956522, 0.7282608695652174, 0.7065217391304348, 0.5869565217391305, 0.5217391304347826, 0.5760869565217391, 0.6739130434782609, 0.5869565217391305, 0.5543478260869565, 0.6086956521739131, 0.6739130434782609, 0.7282608695652174, 0.7717391304347826, 0.717391304347826, 0.7717391304347826, 0.7391304347826086, 0.7608695652173914, 0.7391304347826086, 0.7065217391304348, 0.7717391304347826, 0.7717391304347826, 0.5978260869565217, 0.6847826086956522, 0.6521739130434783, 0.7282608695652174, 0.717391304347826, 0.717391304347826, 0.7608695652173914, 0.717391304347826, 0.5978260869565217, 0.7065217391304348, 0.7282608695652174, 0.6956521739130435, 0.5760869565217391, 0.5652173913043478, 0.5978260869565217, 0.5978260869565217, 0.6195652173913043, 0.6086956521739131], "overall": [0.625, 0.69, 0.71, 0.72, 0.625, 0.605, 0.61, 0.675, 0.635, 0.615, 0.635, 0.695, 0.715, 0.76, 0.715, 0.71, 0.705, 0.7, 0.71, 0.7, 0.735, 0.735, 0.675, 0.69, 0.67, 0.7, 0.695, 0.695, 0.725, 0.72, 0.695, 0.675, 0.72, 0.72, 0.63, 0.635, 0.63, 0.645, 0.645, 0.63]}, "pred_dict": {"0": [0.08695652173913043, 0.17391304347826086, 0.17391304347826086, 0.1956521739130435, 0.010869565217391304, 0.09782608695652174, 0.043478260869565216, 0.11956521739130435, 0.03260869565217391, 0.043478260869565216, 0.07608695652173914, 0.14130434782608695, 0.17391304347826086, 0.17391304347826086, 0.16304347826086957, 0.21739130434782608, 0.22826086956521738, 0.22826086956521738, 0.22826086956521738, 0.13043478260869565, 0.1956521739130435, 0.21739130434782608, 0.021739130434782608, 0.13043478260869565, 0.14130434782608695, 0.13043478260869565, 0.16304347826086957, 0.16304347826086957, 0.16304347826086957, 0.14130434782608695, 0.021739130434782608, 0.15217391304347827, 0.15217391304347827, 0.18478260869565216, 0.021739130434782608, 0.03260869565217391, 0.021739130434782608, 0.021739130434782608, 0.021739130434782608, 0.010869565217391304], "1": [0.06481481481481481, 0.14814814814814814, 0.1111111111111111, 0.1111111111111111, 0.1111111111111111, 0.09259259259259259, 0.07407407407407407, 0.037037037037037035, 0.07407407407407407, 0.046296296296296294, 0.07407407407407407, 0.018518518518518517, 0.06481481481481481, 0.07407407407407407, 0.1111111111111111, 0.037037037037037035, 0.037037037037037035, 0.046296296296296294, 0.027777777777777776, 0.05555555555555555, 0.009259259259259259, 0.06481481481481481, 0.3055555555555556, 0.0, 0.046296296296296294, 0.037037037037037035, 0.018518518518518517, 0.018518518518518517, 0.018518518518518517, 0.046296296296296294, 0.17592592592592593, 0.046296296296296294, 0.05555555555555555, 0.08333333333333333, 0.018518518518518517, 0.05555555555555555, 0.037037037037037035, 0.027777777777777776, 0.027777777777777776, 0.046296296296296294], "overall": [0.075, 0.16, 0.14, 0.15, 0.065, 0.095, 0.06, 0.075, 0.055, 0.045, 0.075, 0.075, 0.115, 0.12, 0.135, 0.12, 0.125, 0.13, 0.12, 0.09, 0.095, 0.135, 0.175, 0.06, 0.09, 0.08, 0.085, 0.085, 0.085, 0.09, 0.105, 0.095, 0.1, 0.13, 0.02, 0.045, 0.03, 0.025, 0.025, 0.03]}, "util": [-0.0125, 0.02, 0.03, 0.035, -0.0125, -0.0225, -0.02, 0.0125, -0.0075, -0.0175, -0.0075, 0.0225, 0.0325, 0.055, 0.0325, 0.03, 0.0275, 0.025, 0.03, 0.025, 0.0425, 0.0425, 0.0125, 0.02, 0.01, 0.025, 0.0225, 0.0225, 0.0375, 0.035, 0.0225, 0.0125, 0.035, 0.035, -0.01, -0.0075, -0.01, -0.0025, -0.0025, -0.01], "DP": [0.02214170692431562, 0.025764895330112725, 0.06280193236714976, 0.08454106280193238, 0.10024154589371981, 0.005233494363929156, 0.030595813204508854, 0.08252818035426732, 0.04146537842190016, 0.0028180354267310775, 0.0020128824476650653, 0.12278582930756843, 0.10909822866344605, 0.0998389694041868, 0.05193236714975846, 0.18035426731078905, 0.19122383252818034, 0.18196457326892107, 0.20048309178743962, 0.0748792270531401, 0.18639291465378421, 0.15257648953301128, 0.283816425120773, 0.13043478260869565, 0.09500805152979065, 0.09339774557165861, 0.14452495974235105, 0.14452495974235105, 0.14452495974235105, 0.09500805152979065, 0.15418679549114334, 0.10587761674718198, 0.09661835748792272, 0.10144927536231883, 0.0032206119162640906, 0.02294685990338164, 0.015297906602254427, 0.006038647342995168, 0.006038647342995168, 0.03542673107890499], "EOP": [0.020475020475020478, 0.08190008190008191, 0.19656019656019658, 0.13595413595413597, 0.12121212121212122, 0.09418509418509419, 0.0032760032760032753, 0.21294021294021295, 0.06388206388206388, 0.030303030303030304, 0.047502047502047506, 0.20966420966420968, 0.2571662571662572, 0.22031122031122033, 0.13923013923013924, 0.4864864864864865, 0.42915642915642915, 0.4864864864864865, 0.42915642915642915, 0.2063882063882064, 0.42915642915642915, 0.3652743652743653, 0.5487305487305487, 0.2702702702702703, 0.18263718263718265, 0.29402129402129407, 0.35135135135135137, 0.35135135135135137, 0.3751023751023751, 0.20311220311220313, 0.3972153972153972, 0.32432432432432434, 0.23013923013923016, 0.13923013923013924, 0.0, 0.09090909090909091, 0.02702702702702703, 0.0032760032760032753, 0.05405405405405406, 0.02702702702702703]}