{"acc_dict": {"0": [0.7604166666666666, 0.6979166666666666, 0.75, 0.7083333333333334, 0.7395833333333334, 0.78125, 0.7291666666666666, 0.71875, 0.8020833333333334, 0.78125], "1": [0.75, 0.6634615384615384, 0.6730769230769231, 0.6346153846153846, 0.7788461538461539, 0.7692307692307693, 0.7403846153846154, 0.7596153846153846, 0.7211538461538461, 0.7403846153846154], "overall": [0.755, 0.68, 0.71, 0.67, 0.76, 0.775, 0.735, 0.74, 0.76, 0.76]}, "pred_dict": {"0": [0.2692307692307692, 0.16346153846153846, 0.28846153846153844, 0.17307692307692307, 0.18269230769230768, 0.25, 0.14423076923076922, 0.2403846153846154, 0.22115384615384615, 0.22115384615384615], "1": [0.23958333333333334, 0.21875, 0.3333333333333333, 0.125, 0.19791666666666666, 0.21875, 0.16666666666666666, 0.13541666666666666, 0.2604166666666667, 0.23958333333333334], "overall": [0.255, 0.19, 0.31, 0.15, 0.19, 0.235, 0.155, 0.19, 0.24, 0.23]}, "util": [0.0075, -0.03, -0.015, -0.035, 0.01, 0.0175, -0.0025, 0.0, 0.01, 0.01], "DP": [0.029647435897435875, 0.055288461538461536, 0.04487179487179488, 0.04807692307692307, 0.015224358974358976, 0.03125, 0.02243589743589744, 0.10496794871794873, 0.03926282051282054, 0.018429487179487197], "EOP": [0.0357142857142857, 0.15476190476190474, 0.23809523809523808, 0.023809523809523808, 0.05357142857142855, 0.0357142857142857, 0.005952380952380987, 0.29166666666666663, 0.23214285714285715, 0.11309523809523808]}