{"UTIL": {"mean": -0.00275, "FQ": -0.011875, "TQ": 0.01, "STD": 0.01715553846429776, "Q025": -0.033875, "Q975": 0.015812500000000004}, "ACC": {"mean": 0.7344999999999999, "FQ": 0.7162499999999999, "TQ": 0.76, "STD": 0.034311076928595516, "Q025": 0.6722500000000001, "Q975": 0.771625}, "DP": {"mean": 0.04094551282051282, "FQ": 0.02423878205128205, "TQ": 0.047275641025641024, "STD": 0.024711335801822894, "Q025": 0.015945512820512826, "Q975": 0.09379006410256413}, "EOP": {"mean": 0.11845238095238095, "FQ": 0.0357142857142857, "TQ": 0.21279761904761904, "STD": 0.0990476905906335, "Q025": 0.009970238095238122, "Q975": 0.27961309523809524}}