{"cum-loop-time": [0.6932086944580078, 1.423621416091919, 2.1469993591308594, 2.863776683807373, 3.6077117919921875, 4.5543928146362305, 5.224621772766113, 5.931048631668091, 6.688798427581787, 7.339287519454956, 8.49017858505249, 10.525489807128906], "cum-varOracle-time": [0.6828608512878418, 1.4025557041168213, 2.1152455806732178, 2.8215243816375732, 3.554537534713745, 4.482495546340942, 5.132195711135864, 5.821947813034058, 6.557905673980713, 7.19483757019043, 8.330572605133057, 10.34726858139038], "num_lossOracle_calls": 12, "num_varOracle_calls": 12, "num_var_policies added": [0, 0, 0, 0, 0, 0, 0, 0, 0, 0, 0, 0]}