{"cum-loop-time": [2.3699870109558105, 3.4681780338287354, 4.374894857406616, 5.1012208461761475, 5.793784856796265, 6.317419767379761, 6.88333797454834, 7.479372978210449, 8.16642689704895, 8.782710790634155, 9.381739854812622, 10.17917776107788, 10.767960548400879, 11.491105556488037, 12.098209381103516, 12.835932493209839, 13.536474227905273, 14.50480842590332, 15.316489458084106, 16.175607681274414, 16.953227758407593, 17.641384840011597, 18.512183904647827, 19.576948881149292, 20.567847967147827, 21.619415283203125, 22.454094171524048, 23.33613419532776, 24.521225214004517, 25.347313165664673, 26.320327281951904, 27.116368532180786, 28.196158409118652, 28.97210431098938, 29.770641088485718, 30.603978157043457, 31.39141821861267, 32.1260941028595, 33.093985080718994, 34.68075633049011, 35.71101260185242, 36.9079155921936, 38.40418553352356, 39.4354784488678, 40.47639727592468, 41.60298252105713, 42.522382497787476, 43.472267627716064, 44.445247650146484], "cum-varOracle-time": [2.270106077194214, 3.3169760704040527, 4.174342393875122, 4.869932651519775, 5.532553434371948, 6.02741551399231, 6.564918279647827, 7.1342244148254395, 7.792710542678833, 8.379858255386353, 8.954647302627563, 9.71755051612854, 10.275951385498047, 10.968600273132324, 11.54789924621582, 12.259961128234863, 12.930377960205078, 13.865941047668457, 14.648245096206665, 15.48070740699768, 16.234888315200806, 16.8984854221344, 17.7432701587677, 18.77877402305603, 19.74286413192749, 20.76234531402588, 21.567100286483765, 22.417338609695435, 23.572232484817505, 24.37008547782898, 25.311002492904663, 26.079039573669434, 27.12990951538086, 27.879210472106934, 28.65450644493103, 29.46212339401245, 30.22501826286316, 30.93377923965454, 31.87213134765625, 33.42450737953186, 34.42554450035095, 35.59572148323059, 37.061379194259644, 38.06142520904541, 39.071927309036255, 40.170804262161255, 41.06564021110535, 41.99014902114868, 42.93655300140381], "num_lossOracle_calls": 49, "num_varOracle_calls": 55, "num_var_policies added": [4, 1, 1, 0, 0, 0, 0, 0, 0, 0, 0, 0, 0, 0, 0, 0, 0, 0, 0, 0, 0, 0, 0, 0, 0, 0, 0, 0, 0, 0, 0, 0, 0, 0, 0, 0, 0, 0, 0, 0, 0, 0, 0, 0, 0, 0, 0, 0, 0]}