{"UTIL_mean": 0.05, "UTIL_FQ": 0.05, "UTIL_TQ": 0.05, "ACC_mean": 0.85, "ACC_FQ": 0.85, "ACC_TQ": 0.85, "DP_mean": 0.2828282828282829, "DP_FQ": 0.2828282828282829, "DP_TQ": 0.2828282828282829, "EOP_mean": 0.0, "EOP_FQ": 0.0, "EOP_TQ": 0.0, "UTIL_STD": 0.0, "ACC_STD": 0.0, "DP_STD": 0.0, "EOP_STD": 0.0, "UTIL_Q025": 0.05, "UTIL_Q975": 0.05, "ACC_Q025": 0.85, "ACC_Q975": 0.85, "DP_Q025": 0.2828282828282829, "DP_Q975": 0.2828282828282829, "EOP_Q025": 0.0, "EOP_Q975": 0.0}