{"acc_dict": {"0": [1.0], "1": [0.6666666666666666], "overall": [0.85]}, "pred_dict": {"0": [0.5555555555555556], "1": [0.2727272727272727], "overall": [0.4]}, "util": [0.05], "DP": [0.2828282828282829], "EOP": [0.0]}