{"UTIL": {"mean": 0.0675, "FQ": 0.0675, "TQ": 0.0675, "STD": 0.0, "Q025": 0.0675, "Q975": 0.0675}, "ACC": {"mean": 0.77, "FQ": 0.77, "TQ": 0.77, "STD": 0.0, "Q025": 0.77, "Q975": 0.77}, "DP": {"mean": 0.18558776167471822, "FQ": 0.18558776167471822, "TQ": 0.18558776167471822, "STD": 0.0, "Q025": 0.18558776167471822, "Q975": 0.18558776167471822}, "EOP": {"mean": 0.2113636363636363, "FQ": 0.2113636363636363, "TQ": 0.2113636363636363, "STD": 0.0, "Q025": 0.2113636363636363, "Q975": 0.2113636363636363}}