{"acc_dict": {"0": [0.7870370370370371], "1": [0.75], "overall": [0.77]}, "pred_dict": {"0": [0.31521739130434784], "1": [0.12962962962962962], "overall": [0.215]}, "util": [0.0675], "DP": [0.18558776167471822], "EOP": [0.2113636363636363]}