{"ACC": {"0": [0.7766830870279147], "1": [0.6920473773265652], "overall": [0.735]}, "mean_pred": {"0": [0.41455160744500846], "1": [0.17898193760262726], "overall": [0.295]}, "Utility": [0.011666666666666667], "DP": [0.2355696698423812]}