{"ACC_mean": 0.735, "mean_pred_mean": 0.295, "Utility_mean": 0.011666666666666667, "DP_mean": 0.2355696698423812}