{"ACC": {"0": [0.8535564853556485, 0.8461538461538461, 0.8143939393939394, 0.6637554585152838], "1": [0.8237547892720306, 0.7833333333333333, 0.8432203389830508, 0.7490774907749077], "overall": [0.838, 0.816, 0.828, 0.71]}, "mean_pred": {"0": [0.21338912133891214, 0.2076923076923077, 0.16287878787878787, 0.026200873362445413], "1": [0.15708812260536398, 0.3125, 0.1440677966101695, 0.05166051660516605], "overall": [0.184, 0.258, 0.154, 0.04]}, "Utility": [0.048, 0.045, 0.051, 0.008], "DP": [0.05630099873354816, 0.1048076923076923, 0.018810991268618377, 0.02545964324272064], "TPR": [0.15158371040723978, 0.12372505543237255, 0.003478664192949954, 0.04199655765920826], "EO": [0.15158371040723978, 0.16088672942605528, 0.04745989304812834, 0.04199655765920826]}