{"acc_dict": {"0": [0.45454545454545453], "1": [0.6666666666666666], "overall": [0.55]}, "pred_dict": {"0": [0.8888888888888888], "1": [0.45454545454545453], "overall": [0.65]}, "util": [-0.025], "DP": [0.4343434343434343], "EOP": [0.6666666666666667]}