{"UTIL_mean": -0.025, "UTIL_FQ": -0.025, "UTIL_TQ": -0.025, "ACC_mean": 0.55, "ACC_FQ": 0.55, "ACC_TQ": 0.55, "DP_mean": 0.4343434343434343, "DP_FQ": 0.4343434343434343, "DP_TQ": 0.4343434343434343, "EOP_mean": 0.6666666666666667, "EOP_FQ": 0.6666666666666667, "EOP_TQ": 0.6666666666666667, "UTIL_STD": 0.0, "ACC_STD": 0.0, "DP_STD": 0.0, "EOP_STD": 0.0, "UTIL_Q025": -0.025, "UTIL_Q975": -0.025, "ACC_Q025": 0.55, "ACC_Q975": 0.55, "DP_Q025": 0.4343434343434343, "DP_Q975": 0.4343434343434343, "EOP_Q025": 0.6666666666666667, "EOP_Q975": 0.6666666666666667}