{"UTIL_mean": -0.10256410256410256, "UTIL_FQ": -0.25, "UTIL_TQ": 0.0, "ACC_mean": 0.5448717948717948, "ACC_FQ": 0.25, "ACC_TQ": 0.75, "DP_mean": 0.15384615384615385, "DP_FQ": 0.0, "DP_TQ": 0.5, "EOP_mean": 0.5384615384615384, "EOP_FQ": 0.0, "EOP_TQ": 1.0, "UTIL_STD": 0.10542874489358028, "ACC_STD": 0.21085748978716057, "DP_STD": 0.25705048276619774, "EOP_STD": 0.49851851526214314, "UTIL_Q025": -0.25, "UTIL_Q975": 0.0, "ACC_Q025": 0.25, "ACC_Q975": 0.75, "DP_Q025": 0.0, "DP_Q975": 0.5249999999999986, "EOP_Q025": 0.0, "EOP_Q975": 1.0}