{"acc_dict": {"0": [0.71875, 0.71875, 0.71875, 0.84375, 0.8645833333333334, 0.8958333333333334, 0.8541666666666666, 0.8645833333333334, 0.7604166666666666, 0.6979166666666666, 0.7395833333333334, 0.7604166666666666], "1": [0.6442307692307693, 0.6442307692307693, 0.6442307692307693, 0.7692307692307693, 0.6826923076923077, 0.8076923076923077, 0.7788461538461539, 0.7788461538461539, 0.7019230769230769, 0.7115384615384616, 0.8557692307692307, 0.8461538461538461], "overall": [0.68, 0.68, 0.68, 0.805, 0.77, 0.85, 0.815, 0.82, 0.73, 0.705, 0.8, 0.805]}, "pred_dict": {"0": [0.0, 0.0, 0.0, 0.125, 0.038461538461538464, 0.18269230769230768, 0.5, 0.5, 0.5384615384615384, 0.5673076923076923, 0.3269230769230769, 0.3557692307692308], "1": [0.0, 0.0, 0.0, 0.1875, 0.22916666666666666, 0.28125, 0.34375, 0.3125, 0.4166666666666667, 0.5625, 0.5, 0.4583333333333333], "overall": [0.0, 0.0, 0.0, 0.155, 0.13, 0.23, 0.425, 0.41, 0.48, 0.565, 0.41, 0.405]}, "util": [0.0, 0.0, 0.0, 0.0625, 0.045, 0.085, 0.0675, 0.07, 0.025, 0.0125, 0.06, 0.0625], "DP": [0.0, 0.0, 0.0, 0.0625, 0.1907051282051282, 0.09855769230769232, 0.15625, 0.1875, 0.12179487179487175, 0.004807692307692291, 0.17307692307692307, 0.10256410256410253], "EOP": [0.0, 0.0, 0.0, 0.2042042042042042, 0.5585585585585585, 0.32832832832832826, 0.040040040040040026, 0.07707707707707712, 0.02302302302302306, 0.07107107107107102, 0.16916916916916913, 0.10510510510510507]}