{"UTIL": {"mean": 0.04083333333333334, "FQ": 0.009375000000000001, "TQ": 0.06375, "STD": 0.030127045804208698, "Q025": 0.0, "Q975": 0.080875}, "ACC": {"mean": 0.7616666666666667, "FQ": 0.69875, "TQ": 0.8075, "STD": 0.06025409160841738, "Q025": 0.68, "Q975": 0.8417499999999999}, "DP": {"mean": 0.09147970085470085, "FQ": 0.003605769230769218, "TQ": 0.16045673076923078, "STD": 0.07329638477474808, "Q025": 0.0, "Q975": 0.18982371794871794}, "EOP": {"mean": 0.13138138138138136, "FQ": 0.017267267267267294, "TQ": 0.1779279279279279, "STD": 0.1599854762466491, "Q025": 0.0, "Q975": 0.4952452452452451}}