{"UTIL": {"mean": 0.02158536585365854, "FQ": 0.0, "TQ": 0.035, "STD": 0.015614995309787567, "Q025": 0.0, "Q975": 0.0425}, "ACC": {"mean": 0.7331707317073171, "FQ": 0.69, "TQ": 0.76, "STD": 0.03122999061957516, "Q025": 0.69, "Q975": 0.775}, "DP": {"mean": 0.09000039275755076, "FQ": 0.0, "TQ": 0.15217391304347827, "STD": 0.07124258758296248, "Q025": 0.0, "Q975": 0.18478260869565216}, "EOP": {"mean": 0.2426321138211382, "FQ": 0.0, "TQ": 0.4375, "STD": 0.18950882881201017, "Q025": 0.0, "Q975": 0.5}}