{"acc_dict": {"0": [0.7222222222222222, 0.75, 0.7592592592592593, 0.7407407407407407, 0.7222222222222222, 0.7222222222222222, 0.7222222222222222, 0.7222222222222222, 0.7222222222222222, 0.7222222222222222, 0.7222222222222222, 0.7407407407407407, 0.75, 0.7592592592592593, 0.7777777777777778, 0.7222222222222222, 0.7222222222222222, 0.7222222222222222, 0.7222222222222222, 0.7222222222222222, 0.7222222222222222, 0.7129629629629629, 0.7685185185185185, 0.7222222222222222, 0.7222222222222222, 0.7222222222222222, 0.7222222222222222, 0.7222222222222222, 0.7222222222222222, 0.7314814814814815, 0.8240740740740741, 0.7685185185185185, 0.7314814814814815, 0.7222222222222222, 0.7222222222222222, 0.7222222222222222, 0.7222222222222222, 0.7222222222222222, 0.7222222222222222, 0.7222222222222222, 0.7870370370370371], "1": [0.6521739130434783, 0.7391304347826086, 0.75, 0.7717391304347826, 0.6521739130434783, 0.6521739130434783, 0.6521739130434783, 0.7391304347826086, 0.6521739130434783, 0.6521739130434783, 0.7065217391304348, 0.7391304347826086, 0.8043478260869565, 0.8043478260869565, 0.7717391304347826, 0.8152173913043478, 0.8043478260869565, 0.8152173913043478, 0.8152173913043478, 0.8043478260869565, 0.8043478260869565, 0.8043478260869565, 0.6521739130434783, 0.7282608695652174, 0.75, 0.8043478260869565, 0.782608695652174, 0.8043478260869565, 0.7934782608695652, 0.7717391304347826, 0.6521739130434783, 0.7717391304347826, 0.7717391304347826, 0.7608695652173914, 0.6521739130434783, 0.6521739130434783, 0.6521739130434783, 0.6521739130434783, 0.6521739130434783, 0.6521739130434783, 0.6521739130434783], "overall": [0.69, 0.745, 0.755, 0.755, 0.69, 0.69, 0.69, 0.73, 0.69, 0.69, 0.715, 0.74, 0.775, 0.78, 0.775, 0.765, 0.76, 0.765, 0.765, 0.76, 0.76, 0.755, 0.715, 0.725, 0.735, 0.76, 0.75, 0.76, 0.755, 0.75, 0.745, 0.77, 0.75, 0.74, 0.69, 0.69, 0.69, 0.69, 0.69, 0.69, 0.725]}, "pred_dict": {"0": [0.0, 0.08695652173913043, 0.09782608695652174, 0.14130434782608695, 0.0, 0.0, 0.0, 0.08695652173913043, 0.0, 0.0, 0.05434782608695652, 0.08695652173913043, 0.15217391304347827, 0.15217391304347827, 0.11956521739130435, 0.18478260869565216, 0.17391304347826086, 0.18478260869565216, 0.18478260869565216, 0.15217391304347827, 0.17391304347826086, 0.17391304347826086, 0.0, 0.07608695652173914, 0.09782608695652174, 0.15217391304347827, 0.13043478260869565, 0.15217391304347827, 0.14130434782608695, 0.14130434782608695, 0.0, 0.14130434782608695, 0.16304347826086957, 0.13043478260869565, 0.0, 0.0, 0.0, 0.0, 0.0, 0.0, 0.0], "1": [0.0, 0.027777777777777776, 0.037037037037037035, 0.018518518518518517, 0.0, 0.0, 0.0, 0.0, 0.0, 0.0, 0.0, 0.018518518518518517, 0.027777777777777776, 0.037037037037037035, 0.09259259259259259, 0.0, 0.0, 0.0, 0.0, 0.0, 0.0, 0.009259259259259259, 0.25, 0.0, 0.0, 0.0, 0.0, 0.0, 0.0, 0.009259259259259259, 0.17592592592592593, 0.046296296296296294, 0.027777777777777776, 0.037037037037037035, 0.0, 0.0, 0.0, 0.0, 0.0, 0.0, 0.12037037037037036], "overall": [0.0, 0.055, 0.065, 0.075, 0.0, 0.0, 0.0, 0.04, 0.0, 0.0, 0.025, 0.05, 0.085, 0.09, 0.105, 0.085, 0.08, 0.085, 0.085, 0.07, 0.08, 0.085, 0.135, 0.035, 0.045, 0.07, 0.06, 0.07, 0.065, 0.07, 0.095, 0.09, 0.09, 0.08, 0.0, 0.0, 0.0, 0.0, 0.0, 0.0, 0.065]}, "util": [0.0, 0.0275, 0.0325, 0.0325, 0.0, 0.0, 0.0, 0.02, 0.0, 0.0, 0.0125, 0.025, 0.0425, 0.045, 0.0425, 0.0375, 0.035, 0.0375, 0.0375, 0.035, 0.035, 0.0325, 0.0125, 0.0175, 0.0225, 0.035, 0.03, 0.035, 0.0325, 0.03, 0.0275, 0.04, 0.03, 0.025, 0.0, 0.0, 0.0, 0.0, 0.0, 0.0, 0.0175], "DP": [0.0, 0.059178743961352656, 0.06078904991948471, 0.12278582930756843, 0.0, 0.0, 0.0, 0.08695652173913043, 0.0, 0.0, 0.05434782608695652, 0.06843800322061191, 0.1243961352657005, 0.11513687600644124, 0.026972624798711764, 0.18478260869565216, 0.17391304347826086, 0.18478260869565216, 0.18478260869565216, 0.15217391304347827, 0.17391304347826086, 0.16465378421900162, 0.25, 0.07608695652173914, 0.09782608695652174, 0.15217391304347827, 0.13043478260869565, 0.15217391304347827, 0.14130434782608695, 0.13204508856682767, 0.17592592592592593, 0.09500805152979065, 0.13526570048309178, 0.09339774557165861, 0.0, 0.0, 0.0, 0.0, 0.0, 0.0, 0.12037037037037036], "EOP": [0.0, 0.15, 0.14791666666666667, 0.30833333333333335, 0.0, 0.0, 0.0, 0.25, 0.0, 0.0, 0.15625, 0.18333333333333335, 0.3375, 0.3041666666666667, 0.07708333333333334, 0.5, 0.46875, 0.5, 0.5, 0.4375, 0.46875, 0.46875, 0.5333333333333333, 0.21875, 0.28125, 0.4375, 0.375, 0.4375, 0.40625, 0.3416666666666667, 0.5, 0.20833333333333334, 0.33958333333333335, 0.27708333333333335, 0.0, 0.0, 0.0, 0.0, 0.0, 0.0, 0.3333333333333333]}