{"regt0_cum": [0.0, 0.0, 0.0, 0.125, 0.32499999999999973, 0.5749999999999997, 0.7892857142857137, 1.0392857142857137, 1.3170634920634918, 1.617063492063492, 1.8443362193362196, 2.0943362193362196, 2.286643911643912, 2.5009296259296265, 2.6675962925962935, NaN, NaN, NaN, NaN, NaN, NaN, NaN, NaN, NaN, NaN, NaN, NaN, NaN, NaN, NaN, NaN, NaN, NaN, NaN, NaN, NaN, NaN, NaN, NaN, NaN, NaN, NaN, NaN, NaN, NaN, NaN, NaN, NaN, NaN, NaN, NaN, NaN, NaN, NaN, NaN, NaN, NaN, NaN, NaN, NaN, NaN, NaN, NaN, NaN, NaN, NaN, NaN, NaN, NaN, NaN, NaN, NaN, NaN, NaN, NaN, NaN, NaN, NaN, NaN, NaN, NaN, NaN, NaN, NaN, NaN, NaN, NaN, NaN, NaN, NaN, NaN, NaN, NaN, NaN, NaN, NaN, NaN, NaN, NaN, NaN, NaN, NaN, NaN, NaN, NaN, NaN, NaN, NaN, NaN, NaN, NaN, NaN, NaN, NaN, NaN, NaN, NaN, NaN, NaN, NaN, NaN, NaN, NaN, NaN, NaN, NaN, NaN, NaN, NaN, NaN, NaN, NaN, NaN, NaN, NaN, NaN, NaN, NaN, NaN, NaN, NaN, NaN, NaN, NaN, NaN, NaN, NaN, NaN, NaN, NaN, NaN, NaN, NaN, NaN, NaN, NaN, NaN, NaN, NaN, NaN, NaN, NaN, NaN, NaN, NaN, NaN, NaN, NaN, NaN, NaN, NaN, NaN, NaN, NaN, NaN, NaN, NaN, NaN, NaN, NaN, NaN, NaN, NaN, NaN, NaN, NaN, NaN, NaN, NaN, NaN, NaN, NaN, NaN, NaN, NaN, NaN, NaN, NaN, NaN, NaN, NaN, NaN, NaN, NaN, NaN, NaN, NaN, NaN, NaN, NaN, NaN, NaN, NaN, NaN, NaN], "regT0_cum": [0.0, 0.0, 0.0, 0.0, 0.0, 0.0, 0.0, 0.0, 0.0, 0.0, 0.0, 0.0, 0.0, 0.0, 0.0, 0.0, 0.09650320521264, 0.18345509963579865, 0.26290660195481586, 0.36338552915788114, 0.45643424289625045, 0.5225261969192392, 0.607483718158619, 0.6865865278648773, 0.762525225182884, 0.8740047418348151, 0.9813553874996366, 1.1027292243907159, 1.2160863389368899, 1.3256648829981934, 1.4288406013874777, 1.526013670709247, 1.6353936167182326, 1.741556505491662, 1.844686168871565, 1.9727288971575838, 2.0973110111656013, 2.244930437962882, 2.387789223896288, 2.5395765401813577, 2.6868383656342765, 2.842498719052603, 3.0061669712286445, 3.1653482674953892, 3.320242028115473, 3.482638098287296, 3.6415789329235473, 3.725421562124133, 3.8177571988920533, 3.928246122924616, 4.036568597466346, 4.152423332113042, 4.09903281767329, 4.0651495349824245, 4.040973221067755, 4.035085769901563, 4.046845467001447, 4.075643790013398, 4.070478724544849, 4.0737330768341025, 4.09332752170878, 4.111807981771893, 4.12960246140986, 4.154931402303486, 4.179870667183362, 4.19586568580084, 4.211621972797161, 4.241852432043544, 4.286137522315336, 4.329789968440387, 4.386912098422833, 4.443240865488853, 4.498798005608762, 4.5603611303216525, 4.627770080038367, 4.700871017258805, 4.773022591658204, 4.857069658693504, 4.946381952728359, 5.047077843087777, 5.146530574306958, 5.250868028316141, 5.352702342336549, 5.4652291049995725, 5.588196729278323, 5.715548450949186, 5.841436359727275, 5.965670535822454, 6.088288141766924, 6.209325101341811, 6.334526489932358, 6.458097096938275, 6.591091675911869, 6.722407264500696, 6.857603741630683, 6.996600255457238, 7.13931845470826, 7.280393350125081, 7.425093751648809, 7.568347149157297, 7.7101821961954045, 7.850278488130513, 7.998723359755573, 8.155356261461158, 8.310497421245742, 8.464012330661504, 8.615931386911605, 8.766284142832433, 8.91525751567142, 9.062719845309054, 9.208853685490496, 9.353682759241742, 9.497081787150627, 9.632816314784094, 9.771718368264224, 9.91804367990401, 10.063118347854562, 10.206686828517114, 10.348774435963733, 10.489677980014967, 10.633549263371556, 10.77624127391374, 10.915317298187794, 11.061336257749957, 11.206187065635618, 11.34988826393488, 11.490343315331437, 11.627602940870652, 11.763798538304911, 11.898946477297372, 12.036879546526535, 12.173767668261526, 12.317145352991005, 12.459226305911706, 12.600254807329279, 12.743922805059967, 12.893841401347359, 13.049920007806584, 13.212069991197758, 13.373061760421848, 13.532911744048612, 13.69163602356533, 13.85624335007843, 14.019707570157422, 14.182044450787586, 14.343269434975085, 14.503397650562661, 14.662443918747627, 14.827134171709858, 14.997393156319006, 15.169835856261884, 15.341052031804153, 15.511057715944531, 15.679959467071015, 15.854223142383773, 16.03377999926505, 16.20939462930137, 16.38389777433747, 16.557130710761967, 16.7291093161825, 16.899935975167423, 17.06970814860304, 17.24457374428752, 17.42447064731539, 17.603277266082486, 17.787030832929304, 17.972678090992602, 18.160196496329334, 18.346526910435884, 18.534702439753588, 18.721428378524834, 18.907068701372992, 19.097416305591963, 19.289543521280947, 19.48628715288028, 19.681912922936434, 19.882083180167413, 20.080935671334416, 20.281470550818923, 20.483669125417407, 20.687513011758426, 20.892984129493186, 21.09726349342732, 21.303150034731374, 21.507923675812165, 21.711596383338758, 21.914047009973643, 22.11542077157324, 22.32102006882576, 22.525537264513787, 22.728983689543767, 22.929892793688268, 23.134942265168803, 23.344089419786044, 23.55216402489242, 23.759177024870695, 23.964287913166515, 24.16836288788508, 24.37141236021813, 24.57844658518951, 24.784450789141133, 24.989376252145618, 25.193233602192592, 25.398542631896206, 25.605289178528082, 25.81103210114719, 26.015781096603888, 26.224353414197807, 26.431927778119032, 26.638513692688264, 26.84406562130367, 27.05336494648222, 27.26402906356134, 27.473654632795757, 27.682251315095655]}