{"UTIL": {"mean": -0.03125, "FQ": -0.03125, "TQ": 0.0, "STD": 0.05412658773652741, "Q025": -0.125, "Q975": 0.0}, "ACC": {"mean": 0.9375, "FQ": 0.9375, "TQ": 1.0, "STD": 0.10825317547305482, "Q025": 0.7499999999999999, "Q975": 1.0}, "DP": {"mean": 0.125, "FQ": 0.0, "TQ": 0.125, "STD": 0.21650635094610965, "Q025": 0.0, "Q975": 0.5}, "EOP": {"mean": 0.0, "FQ": 0.0, "TQ": 0.0, "STD": 0.0, "Q025": 0.0, "Q975": 0.0}}