{"UTIL_mean": -0.26875000000000004, "UTIL_FQ": -0.35, "UTIL_TQ": -0.125, "ACC_mean": 0.36250000000000016, "ACC_FQ": 0.2, "ACC_TQ": 0.65, "DP_mean": 0.1803030303030303, "DP_FQ": 0.18181818181818177, "DP_TQ": 0.18181818181818177, "EOP_mean": 0.06, "EOP_FQ": 0.0, "EOP_TQ": 0.0, "UTIL_STD": 0.12812957308911943, "ACC_STD": 0.25625914617823886, "DP_STD": 0.09631910327737452, "EOP_STD": 0.23748684174075832, "UTIL_Q025": -0.35, "UTIL_Q975": 0.0, "ACC_Q025": 0.2, "ACC_Q975": 0.9, "DP_Q025": 0.0, "DP_Q975": 0.3994949494949476, "EOP_Q025": 0.0, "EOP_Q975": 1.0}