{"regt0_cum": [0.0, 0.25, 0.41666666666666663, 0.6666666666666666, 0.9666666666666666, 1.2999999999999998, 1.657142857142857, 2.032142857142857, 2.421031746031746, 2.821031746031746, 3.139213564213564, 3.3892135642135646, 3.6584443334443337, 3.8727300477300473, 4.039396714396713, NaN, NaN, NaN, NaN, NaN, NaN, NaN, NaN, NaN, NaN, NaN, NaN, NaN, NaN, NaN, NaN, NaN, NaN, NaN, NaN, NaN, NaN, NaN, NaN, NaN, NaN, NaN, NaN, NaN, NaN, NaN, NaN, NaN, NaN, NaN, NaN, NaN, NaN, NaN, NaN, NaN, NaN, NaN, NaN, NaN, NaN, NaN, NaN, NaN, NaN, NaN, NaN, NaN, NaN, NaN, NaN, NaN, NaN, NaN, NaN, NaN, NaN, NaN, NaN, NaN, NaN, NaN, NaN, NaN, NaN, NaN, NaN, NaN, NaN, NaN, NaN, NaN, NaN, NaN, NaN, NaN, NaN, NaN, NaN, NaN, NaN, NaN, NaN, NaN, NaN, NaN, NaN, NaN, NaN, NaN, NaN, NaN, NaN, NaN, NaN, NaN, NaN, NaN, NaN, NaN, NaN, NaN, NaN, NaN, NaN, NaN, NaN, NaN, NaN, NaN, NaN, NaN, NaN, NaN, NaN, NaN, NaN, NaN, NaN, NaN, NaN, NaN, NaN, NaN, NaN, NaN, NaN, NaN, NaN, NaN, NaN, NaN, NaN, NaN, NaN, NaN, NaN, NaN, NaN, NaN, NaN, NaN, NaN, NaN, NaN, NaN, NaN, NaN, NaN, NaN, NaN, NaN, NaN, NaN, NaN, NaN, NaN, NaN, NaN, NaN, NaN, NaN, NaN, NaN, NaN, NaN, NaN, NaN, NaN, NaN, NaN, NaN, NaN, NaN, NaN, NaN, NaN, NaN, NaN, NaN, NaN, NaN, NaN, NaN, NaN, NaN, NaN, NaN, NaN, NaN, NaN, NaN, NaN, NaN, NaN], "regT0_cum": [0.0, 0.0, 0.0, 0.25, 0.44999999999999973, 0.783333333333333, 1.0690476190476188, 1.3190476190476188, 1.6523809523809518, 1.9523809523809517, 2.225108225108225, 2.475108225108225, 2.7828005328005325, 2.997086247086246, 3.1970862470862453, 3.4158362470862453, 3.612668826271765, 3.826344039946978, 4.025849213136361, 4.215379127666274, 4.086359998647145, 4.008659920947068, 3.931922648557622, 3.879216095851069, 3.8486178052527773, 3.838427141215959, 3.8265562960117805, 3.85082369527918, 3.872338578863028, 3.909802966327417, 3.962187857421986, 4.011199609558737, 4.073877672236799, 4.13307827555505, 4.189000131476906, 4.241825392635498, 4.291721442531546, 4.353462333219802, 4.412195622722322, 4.481960579987277, 4.548668939378565, 4.6124662531758815, 4.673487918848707, 4.733122728483519, 4.790197752225211, 4.856901579798603, 4.932824474870433, 5.006239507005649, 5.077249037956765, 5.15683837828886, 5.233995485950022, 5.31928418769462, 5.402124904012233, 5.482608301029789, 5.560820099449106, 5.636955873487828, 5.7205278620171, 5.80200299614253, 5.882097195791257, 5.960222399330938, 6.036443164011057, 6.110207285167501, 6.190737055194475, 6.2694140855820635, 6.345710067290039, 6.420850049275163, 6.494868538991852, 6.567798521506823, 6.646917924565059, 6.732049907579608, 6.81503192441555, 6.895923696355631, 6.975244926107038, 7.05349424734829, 7.130250140201888, 7.21257503446531, 7.290874606404373, 7.3681703376775545, 7.4571458698206925, 7.542163896253143, 7.626132317420996, 7.706300819736654, 7.7590384243876045, 7.810783482541169, 7.873684481187048, 7.935525754638206, 8.00240333529107, 8.074202761618338, 8.150813430346417, 8.226259143109743, 8.306370287600942, 8.385303752607449, 8.46338847067841, 8.54596164919542, 8.627665636359616, 8.71372687365752, 8.80405552088019, 8.898564488029159, 8.99185300309103, 9.089208633002286, 9.185339793414677, 9.285430452254403, 9.389403726056848, 9.492124220404719, 9.59862832909213, 9.703894320653042, 9.807945337463657, 9.910803879056381, 10.017305920267525, 10.122614885588376, 10.231479625996428, 10.339151499912248, 10.450295304147403, 10.564850127643652, 10.682756648326887, 10.799243155991057, 10.911558534103435, 11.019773479775047, 11.135482417499851, 11.250032051620565, 11.367767225955163, 11.484537357877187, 11.600167834297693, 11.714677036757024, 11.828082905638574, 11.940411984665317, 12.051505879560786, 12.165638103402387, 12.278885581322733, 12.391090619775838, 12.502269133868054, 12.616393265277758, 12.73341871900768, 12.84957084845604, 12.964697631369056, 13.078977893819477, 13.192423993770262, 13.305048020533, 13.42045892480104, 13.538616894038597, 13.659482962785106, 13.786540115554523, 13.912559937069958, 14.037704620935983, 14.161839471006033, 14.28277149805858, 14.402603140604086, 14.521625109889143, 14.64655968340719, 14.770661359768454, 14.893805990274728, 15.011351971138296, 15.128129677617139, 15.244149087300656, 15.35720400201535, 15.469408304665734, 15.580772831074285, 15.691432518708098, 15.801272707883086, 15.910303642329993, 16.01841338380123, 16.12573454311945, 16.232276796139274, 16.33816940127484, 16.442891215956692, 16.549994224526003, 16.65645589771465, 16.76217107671141, 16.873177881867946, 16.98342023904678, 17.09290708915995, 17.201647217173317, 17.308927671169144, 17.415373762198897, 17.52038996998263, 17.624601249580095, 17.728016696225012, 17.836469134742728, 17.94431569371565, 18.057118660694286, 18.169197160581874, 18.286154350030515, 18.40793691002861, 18.528958012763127, 18.649126833034217, 18.76864958437912, 18.887438208782427, 19.005594978800616, 19.123032617830688, 19.239758695672535, 19.35587364221678, 19.471291328691862, 19.586018980590723, 19.70015525284063, 19.813615139147032, 19.929047168890648, 20.048969391376673, 20.16758440617774, 20.28551672553101, 20.401470334296178, 20.51933462162468, 20.636615422382263, 20.753233552302078, 20.869110991591782, 20.984423175080067, 21.098586444381937, 21.214613659242744, 21.332486897109035, 21.44979614819127, 21.566546783792163, 21.682664638625113, 21.79794853155103, 21.912612471428304, 22.026662252210656, 22.14010358700594]}