{"UTIL_mean": 0.0395, "UTIL_FQ": 0.0395, "UTIL_TQ": 0.0395, "ACC_mean": 0.789, "ACC_FQ": 0.789, "ACC_TQ": 0.789, "DP_mean": 0.03208887999199278, "DP_FQ": 0.03208887999199278, "DP_TQ": 0.03208887999199278, "FPR_mean": 0.026191567505788937, "FPR_FQ": 0.026191567505788937, "FPR_TQ": 0.026191567505788937, "UTIL_STD": 0.0, "ACC_STD": 0.0, "DP_STD": 0.0, "FPR_STD": 0.0, "UTIL_Q025": 0.0395, "UTIL_Q975": 0.0395, "ACC_Q025": 0.789, "ACC_Q975": 0.789, "DP_Q025": 0.03208887999199278, "DP_Q975": 0.03208887999199278, "FPR_Q025": 0.026191567505788937, "FPR_Q975": 0.026191567505788937}