{"acc_dict": {"0": [0.7762886597938145], "1": [0.8009708737864077], "overall": [0.789]}, "pred_dict": {"0": [0.2824742268041237], "1": [0.3145631067961165], "overall": [0.299]}, "util": [0.0395], "DP": [0.03208887999199278], "FPR": [0.026191567505788937]}