{"UTIL_mean": 0.0295, "UTIL_FQ": 0.024583333333333332, "UTIL_TQ": 0.03208333333333333, "ACC_mean": 0.7856666666666666, "ACC_FQ": 0.7758333333333334, "ACC_TQ": 0.7908333333333334, "DP_mean": 0.059890141948605105, "DP_FQ": 0.038633692580830686, "DP_TQ": 0.08286864544522518, "FPR_mean": 0.026414855721602768, "FPR_FQ": 0.02568345172101258, "FPR_TQ": 0.02767531564192821}