{"acc_dict": {"0": [0.7851099830795262, 0.7580372250423012, 0.7851099830795262], "1": [0.7126436781609196, 0.7011494252873564, 0.7717569786535303], "overall": [0.7483333333333333, 0.7291666666666666, 0.7783333333333333]}, "pred_dict": {"0": [0.20304568527918782, 0.2673434856175973, 0.2673434856175973], "1": [0.3070607553366174, 0.0722495894909688, 0.34318555008210183], "overall": [0.25583333333333336, 0.16833333333333333, 0.30583333333333335]}, "util": [0.029583333333333333, 0.02, 0.044583333333333336], "DP": [0.1040150700574296, 0.1950938961266285, 0.07584206446450453], "FPR": [0.07178764388066715, 0.1652865867982147, 0.010517970401691334]}