{"cum-loop-time": [3.196493148803711, 3.9186811447143555, 4.465691089630127, 5.2810118198394775, 6.384570598602295, 7.550998687744141, 9.04428482055664, 10.859086036682129, 12.929594993591309, 15.285029888153076, 17.191659927368164], "cum-varOracle-time": [3.1092872619628906, 3.803563117980957, 4.3252222537994385, 5.111891269683838, 6.186932325363159, 7.323906421661377, 8.789138555526733, 10.572985410690308, 12.620601415634155, 14.947937250137329, 16.826380252838135], "num_lossOracle_calls": 11, "num_varOracle_calls": 15, "num_var_policies added": [5, 0, 0, 0, 0, 0, 0, 0, 0, 0, 0]}