{"UTIL": {"mean": 0.017972636815920397, "FQ": 0.0125, "TQ": 0.0325, "STD": 0.02263215467836658, "Q025": -0.0375, "Q975": 0.05}, "ACC": {"mean": 0.7059452736318407, "FQ": 0.695, "TQ": 0.735, "STD": 0.04526430935673316, "Q025": 0.595, "Q975": 0.77}, "DP": {"mean": 0.19093942525696797, "FQ": 0.13808373590982284, "TQ": 0.249597423510467, "STD": 0.07358960087314027, "Q025": 0.018518518518518517, "Q975": 0.2999194847020934}, "EOP": {"mean": 0.2593443041204236, "FQ": 0.14529914529914534, "TQ": 0.358974358974359, "STD": 0.14188970289537053, "Q025": 0.017094017094017144, "Q975": 0.5270655270655271}}