{"UTIL": {"mean": 0.023419689119170983, "FQ": 0.0, "TQ": 0.05, "STD": 0.031552489796188604, "Q025": -0.041999999999999996, "Q975": 0.07}, "ACC": {"mean": 0.7268393782383419, "FQ": 0.68, "TQ": 0.78, "STD": 0.06310497959237721, "Q025": 0.596, "Q975": 0.82}, "DP": {"mean": 0.2572806860818295, "FQ": 0.19047619047619047, "TQ": 0.33825944170771755, "STD": 0.10858183919244109, "Q025": 0.047619047619047616, "Q975": 0.43612479474548427}, "EOP": {"mean": 0.34939550949913645, "FQ": 0.16666666666666666, "TQ": 0.5333333333333334, "STD": 0.21428794578885055, "Q025": 0.0, "Q975": 0.7333333333333334}}