{"ACC_mean": 0.8141666666666667, "mean_pred_mean": 0.16666666666666666, "Utility_mean": 0.056666666666666664, "DP_mean": 0.03167379327015246}