{"ACC": {"0": [0.80623973727422], "1": [0.8223350253807107], "overall": [0.8141666666666667]}, "mean_pred": {"0": [0.1505922165820643], "1": [0.18226600985221675], "overall": [0.16666666666666666]}, "Utility": [0.056666666666666664], "DP": [0.03167379327015246]}