{"UTIL": {"mean": 0.012499999999999997, "FQ": -0.005625, "TQ": 0.020624999999999998, "STD": 0.024392621835300936, "Q025": -0.0139375, "Q975": 0.06799999999999998}, "ACC": {"mean": 0.65, "FQ": 0.61375, "TQ": 0.66625, "STD": 0.048785243670601885, "Q025": 0.5971249999999999, "Q975": 0.7609999999999999}, "DP": {"mean": 0.07399355877616748, "FQ": 0.01680756843800322, "TQ": 0.1192632850241546, "STD": 0.05860850062413584, "Q025": 0.004539049919484702, "Q975": 0.17638888888888887}, "EOP": {"mean": 0.12841394025604552, "FQ": 0.05405405405405406, "TQ": 0.15736130867709816, "STD": 0.09862366627887766, "Q025": 0.026653627311522047, "Q975": 0.3749999999999999}}