{"acc_dict": {"0": [0.6018518518518519, 0.6388888888888888, 0.7129629629629629, 0.7314814814814815, 0.6666666666666666, 0.7407407407407407, 0.6574074074074074, 0.6296296296296297, 0.7870370370370371, 0.6296296296296297, 0.7037037037037037, 0.6481481481481481, 0.7314814814814815, 0.6296296296296297, 0.6759259259259259, 0.7129629629629629, 0.6481481481481481, 0.6574074074074074, 0.6574074074074074, 0.6481481481481481], "1": [0.5760869565217391, 0.6086956521739131, 0.6195652173913043, 0.7065217391304348, 0.5434782608695652, 0.7391304347826086, 0.6304347826086957, 0.6521739130434783, 0.7717391304347826, 0.6086956521739131, 0.5543478260869565, 0.5543478260869565, 0.5760869565217391, 0.7065217391304348, 0.6413043478260869, 0.6630434782608695, 0.5543478260869565, 0.5760869565217391, 0.5652173913043478, 0.5543478260869565], "overall": [0.59, 0.625, 0.67, 0.72, 0.61, 0.74, 0.645, 0.64, 0.78, 0.62, 0.635, 0.605, 0.66, 0.665, 0.66, 0.69, 0.605, 0.62, 0.615, 0.605]}, "pred_dict": {"0": [0.16304347826086957, 0.2608695652173913, 0.18478260869565216, 0.29347826086956524, 0.08695652173913043, 0.3695652173913043, 0.30434782608695654, 0.34782608695652173, 0.3804347826086957, 0.043478260869565216, 0.07608695652173914, 0.03260869565217391, 0.010869565217391304, 0.18478260869565216, 0.20652173913043478, 0.20652173913043478, 0.05434782608695652, 0.010869565217391304, 0.043478260869565216, 0.05434782608695652], "1": [0.12962962962962962, 0.14814814814814814, 0.2037037037037037, 0.2222222222222222, 0.046296296296296294, 0.25, 0.18518518518518517, 0.23148148148148148, 0.2222222222222222, 0.046296296296296294, 0.08333333333333333, 0.06481481481481481, 0.2037037037037037, 0.046296296296296294, 0.07407407407407407, 0.09259259259259259, 0.06481481481481481, 0.018518518518518517, 0.037037037037037035, 0.009259259259259259], "overall": [0.145, 0.2, 0.195, 0.255, 0.065, 0.305, 0.24, 0.285, 0.295, 0.045, 0.08, 0.05, 0.115, 0.11, 0.135, 0.145, 0.06, 0.015, 0.04, 0.03]}, "util": [-0.0175, 0.0, 0.0225, 0.0475, -0.0075, 0.0575, 0.01, 0.0075, 0.0775, -0.0025, 0.005, -0.01, 0.0175, 0.02, 0.0175, 0.0325, -0.01, -0.0025, -0.005, -0.01], "DP": [0.033413848631239945, 0.11272141706924316, 0.01892109500805153, 0.07125603864734303, 0.04066022544283414, 0.11956521739130432, 0.11916264090177137, 0.11634460547504025, 0.15821256038647347, 0.0028180354267310775, 0.0072463768115941934, 0.0322061191626409, 0.1928341384863124, 0.13848631239935588, 0.1324476650563607, 0.1139291465378422, 0.010466988727858291, 0.0076489533011272134, 0.006441223832528181, 0.04508856682769726], "EOP": [0.07610241820768135, 0.15291607396870555, 0.11522048364153631, 0.06756756756756754, 0.028449502133712667, 0.1450924608819345, 0.15078236130867706, 0.2027027027027027, 0.170697012802276, 0.0519203413940256, 0.13655761024182078, 0.08108108108108109, 0.40540540540540543, 0.3413940256045519, 0.18065433854907537, 0.12588904694167852, 0.054765291607396877, 0.02702702702702703, 0.027738264580369848, 0.02631578947368421]}