{"acc_dict": {"0": [0.7916666666666666, 0.7916666666666666, 0.7916666666666666, 0.7916666666666666, 0.7916666666666666, 0.7916666666666666, 0.7916666666666666, 0.84375, 0.6979166666666666, 0.8020833333333334], "1": [0.6057692307692307, 0.6057692307692307, 0.6057692307692307, 0.6057692307692307, 0.6057692307692307, 0.5384615384615384, 0.6057692307692307, 0.7115384615384616, 0.7884615384615384, 0.7403846153846154], "overall": [0.695, 0.695, 0.695, 0.695, 0.695, 0.66, 0.695, 0.775, 0.745, 0.77]}, "pred_dict": {"0": [0.0, 0.0, 0.0, 0.0, 0.0, 0.25961538461538464, 0.0, 0.10576923076923077, 0.18269230769230768, 0.1346153846153846], "1": [0.0, 0.0, 0.0, 0.0, 0.0, 0.0, 0.0, 0.07291666666666667, 0.40625, 0.23958333333333334], "overall": [0.0, 0.0, 0.0, 0.0, 0.0, 0.135, 0.0, 0.09, 0.29, 0.185]}, "util": [0.0, 0.0, 0.0, 0.0, 0.0, -0.0175, 0.0, 0.04, 0.025, 0.0375], "DP": [0.0, 0.0, 0.0, 0.0, 0.0, 0.25961538461538464, 0.0, 0.0328525641025641, 0.22355769230769232, 0.10496794871794873], "EOP": [0.0, 0.0, 0.0, 0.0, 0.0, 0.24390243902439024, 0.0, 0.031707317073170704, 0.2865853658536585, 0.2585365853658536]}