{"UTIL": {"mean": 0.008499999999999999, "FQ": 0.0, "TQ": 0.018750000000000003, "STD": 0.017930421077041108, "Q025": -0.013562500000000002, "Q975": 0.0394375}, "ACC": {"mean": 0.7120000000000001, "FQ": 0.695, "TQ": 0.7324999999999999, "STD": 0.03586084215408224, "Q025": 0.667875, "Q975": 0.7738750000000001}, "DP": {"mean": 0.06209935897435899, "FQ": 0.0, "TQ": 0.08693910256410257, "STD": 0.09534801890696992, "Q025": 0.0, "Q975": 0.2515024038461539}, "EOP": {"mean": 0.0820731707317073, "FQ": 0.0, "TQ": 0.19085365853658537, "STD": 0.11920823716194105, "Q025": 0.0, "Q975": 0.28027439024390244}}