{"ACC": {"0": [0.8080985915492958, 0.8257042253521126], "1": [0.7420886075949367, 0.7674050632911392], "overall": [0.7733333333333333, 0.795]}, "mean_pred": {"0": [0.370253164556962, 0.34177215189873417], "1": [0.2640845070422535, 0.3274647887323944], "overall": [0.32, 0.335]}, "Utility": [0.05, 0.060833333333333336], "DP": [0.1061686575147085, 0.014307363166339793]}