{"ACC_mean": 0.7841666666666667, "mean_pred_mean": 0.3275, "Utility_mean": 0.05541666666666667, "DP_mean": 0.060238010340524145}