{"RT": 1.7082830555369044, "RT0": 3.5, "regt": [0, 0, 1, 1, 0, 0, 1, 0, 1, 0.5, 0.5, -0.3371166659858782, 0.5, -0.4159522879014823, 0.5, 1.0], "regt_cum": [0.0, 0.0, 1.0, 2.0, 2.0, 2.0, 3.0, 3.0, 4.0, 4.5, 5.0, 4.662883334014122, 5.162883334014122, 4.74693104611264, 5.24693104611264, 6.24693104611264], "regt0": [0, 0, 1, 1, 0, 0, 1, 0, 1, 0.5, 0.5, 0, 0.5, 0, 0.5, 1.0], "regt0_cum": [0.0, 0.0, 1.0, 2.0, 2.0, 2.0, 3.0, 3.0, 4.0, 4.5, 5.0, 5.0, 5.5, 5.5, 6.0, 7.0], "regT": [0, 0, 0, 0, 0, 0, 1, 0, 1, -0.05555555555555558, 0.5, -0.3371166659858782, 0.5, -0.4159522879014823, 0.5, -0.9830924350201802], "regT_cum": [0.0, 0.0, 0.0, 0.0, 0.0, 0.0, 1.0, 1.0, 2.0, 1.9444444444444444, 2.4444444444444446, 2.1073277784585667, 2.6073277784585667, 2.1913754905570846, 2.6913754905570846, 1.7082830555369044], "regT0": [0, 0, 0, 0, 0, 0, 1, 0, 1, 0, 0.5, 0, 0.5, 0, 0.5, 0], "regT0_cum": [0.0, 0.0, 0.0, 0.0, 0.0, 0.0, 1.0, 1.0, 2.0, 2.0, 2.5, 2.5, 3.0, 3.0, 3.5, 3.5]}