{"UTIL": {"mean": 0.01825, "FQ": 0.0, "TQ": 0.034375, "STD": 0.0214781866087433, "Q025": 0.0, "Q975": 0.05743750000000001}, "ACC": {"mean": 0.7464999999999999, "FQ": 0.71, "TQ": 0.7787499999999999, "STD": 0.04295637321748662, "Q025": 0.71, "Q975": 0.824875}, "DP": {"mean": 0.04831730769230769, "FQ": 0.0, "TQ": 0.11358173076923077, "STD": 0.05745594610954723, "Q025": 0.0, "Q975": 0.125}, "EOP": {"mean": 0.14124223602484473, "FQ": 0.0, "TQ": 0.3242236024844721, "STD": 0.1648799149874439, "Q025": 0.0, "Q975": 0.38273291925465835}}