{"acc_dict": {"0": [0.7604166666666666, 0.7604166666666666, 0.7604166666666666, 0.7604166666666666, 0.7604166666666666, 0.6979166666666666, 0.7604166666666666, 0.8541666666666666, 0.7604166666666666, 0.84375], "1": [0.6634615384615384, 0.6634615384615384, 0.6634615384615384, 0.6634615384615384, 0.7884615384615384, 0.7692307692307693, 0.6634615384615384, 0.7115384615384616, 0.8173076923076923, 0.8269230769230769], "overall": [0.71, 0.71, 0.71, 0.71, 0.775, 0.735, 0.71, 0.78, 0.79, 0.835]}, "pred_dict": {"0": [0.0, 0.0, 0.0, 0.0, 0.125, 0.2403846153846154, 0.0, 0.04807692307692308, 0.25, 0.2403846153846154], "1": [0.0, 0.0, 0.0, 0.0, 0.0, 0.125, 0.0, 0.15625, 0.375, 0.25], "overall": [0.0, 0.0, 0.0, 0.0, 0.065, 0.185, 0.0, 0.1, 0.31, 0.245]}, "util": [0.0, 0.0, 0.0, 0.0, 0.0325, 0.0125, 0.0, 0.035, 0.04, 0.0625], "DP": [0.0, 0.0, 0.0, 0.0, 0.125, 0.11538461538461539, 0.0, 0.10817307692307693, 0.125, 0.009615384615384609], "EOP": [0.0, 0.0, 0.0, 0.0, 0.37142857142857144, 0.38385093167701856, 0.0, 0.37888198757763975, 0.18260869565217397, 0.09565217391304348]}