{"UTIL_mean": 0.07675000000000001, "UTIL_FQ": 0.025, "UTIL_TQ": 0.15, "ACC_mean": 0.7034999999999999, "ACC_FQ": 0.6, "ACC_TQ": 0.85, "DP_mean": 0.4334343434343434, "DP_FQ": 0.2676767676767676, "DP_TQ": 0.6666666666666666, "EOP_mean": 0.505, "EOP_FQ": 0.0, "EOP_TQ": 0.875, "UTIL_STD": 0.07204642600434806, "ACC_STD": 0.14409285200869612, "DP_STD": 0.25080258885764345, "EOP_STD": 0.4326228149323611, "UTIL_Q025": -0.05, "UTIL_Q975": 0.175, "ACC_Q025": 0.45, "ACC_Q975": 0.9, "DP_Q025": 0.0, "DP_Q975": 0.7979797979797979, "EOP_Q025": 0.0, "EOP_Q975": 1.0}