{"acc_dict": {"0": [0.8071065989847716, 0.7529610829103215, 0.7766497461928934, 0.7445008460236887, 0.7411167512690355], "1": [0.80623973727422, 0.7766830870279147, 0.8013136288998358, 0.8226600985221675, 0.7422003284072249], "overall": [0.8066666666666666, 0.765, 0.7891666666666667, 0.7841666666666667, 0.7416666666666667]}, "pred_dict": {"0": [0.1844331641285956, 0.2859560067681895, 0.24196277495769883, 0.3147208121827411, 0.27749576988155666], "1": [0.3054187192118227, 0.4072249589490969, 0.3760262725779967, 0.35139573070607555, 0.47783251231527096], "overall": [0.24583333333333332, 0.3475, 0.31, 0.3333333333333333, 0.37916666666666665]}, "util": [0.05708333333333333, 0.03625, 0.04833333333333333, 0.04583333333333333, 0.024583333333333332], "DP": [0.12098555508322709, 0.12126895218090739, 0.13406349762029787, 0.03667491852333443, 0.2003367424337143], "FPR": [0.02035756686919478, 0.02011313639220616, 0.021230532858439843, 0.08476499755569525, 0.10054822264124591]}