{"UTIL_mean": 0.042416666666666665, "UTIL_FQ": 0.03625, "UTIL_TQ": 0.04833333333333333, "ACC_mean": 0.7773333333333333, "ACC_FQ": 0.765, "ACC_TQ": 0.7891666666666667, "DP_mean": 0.12266593316829622, "DP_FQ": 0.12098555508322709, "DP_TQ": 0.13406349762029787, "FPR_mean": 0.04940289126335639, "FPR_FQ": 0.02035756686919478, "FPR_TQ": 0.08476499755569525}