{"UTIL_mean": 0.02875, "UTIL_FQ": 0.021666666666666667, "UTIL_TQ": 0.03791666666666667, "ACC_mean": 0.7683333333333333, "ACC_FQ": 0.7541666666666667, "ACC_TQ": 0.7866666666666666, "DP_mean": 0.09690013586390273, "DP_FQ": 0.023538629524976484, "DP_TQ": 0.14202362198161256, "FPR_mean": 0.10025446133509583, "FPR_FQ": 0.06477748402731878, "FPR_TQ": 0.12007050011015641}