{"acc_dict": {"0": [0.7851099830795262, 0.739424703891709, 0.7918781725888325, 0.8003384094754653, 0.8121827411167513], "1": [0.7914614121510674, 0.7684729064039408, 0.7142857142857143, 0.7208538587848933, 0.7619047619047619], "overall": [0.7883333333333333, 0.7541666666666667, 0.7525, 0.76, 0.7866666666666666]}, "pred_dict": {"0": [0.25888324873096447, 0.35194585448392557, 0.24873096446700507, 0.25042301184433163, 0.22504230118443316], "1": [0.23645320197044334, 0.3284072249589491, 0.47783251231527096, 0.3924466338259442, 0.15763546798029557], "overall": [0.2475, 0.34, 0.365, 0.3225, 0.19083333333333333]}, "util": [0.03875, 0.021666666666666667, 0.020833333333333332, 0.024583333333333332, 0.03791666666666667], "DP": [0.022430046760521127, 0.023538629524976484, 0.2291015478482659, 0.14202362198161256, 0.0674068332041376], "FPR": [0.06477748402731878, 0.07112800176250275, 0.1842035690680767, 0.12007050011015641, 0.06109275170742454]}