{"ACC": {"0": [0.8013136288998358], "1": [0.7360406091370558], "overall": [0.7691666666666667]}, "mean_pred": {"0": [0.34856175972927245], "1": [0.23316912972085385], "overall": [0.29]}, "Utility": [0.043333333333333335], "DP": [0.1153926300084186]}