{"ACC_mean": 0.7691666666666667, "mean_pred_mean": 0.29, "Utility_mean": 0.043333333333333335, "DP_mean": 0.1153926300084186}