{"UTIL_mean": 0.0455, "UTIL_FQ": 0.042916666666666665, "UTIL_TQ": 0.052083333333333336, "ACC_mean": 0.786, "ACC_FQ": 0.7808333333333334, "ACC_TQ": 0.7991666666666667, "DP_mean": 0.06805197836179808, "DP_FQ": 0.05121985780133864, "DP_TQ": 0.07312478641027564, "FPR_mean": 0.04558342420937841, "FPR_FQ": 0.022606498069965897, "FPR_TQ": 0.04246075020338924}