{"acc_dict": {"0": [0.7631133671742809, 0.7986463620981388, 0.8121827411167513, 0.7478849407783418, 0.7918781725888325], "1": [0.7980295566502463, 0.7996715927750411, 0.7963875205254516, 0.7487684729064039, 0.8029556650246306], "overall": [0.7808333333333334, 0.7991666666666667, 0.8041666666666667, 0.7483333333333333, 0.7975]}, "pred_dict": {"0": [0.2707275803722504, 0.21150592216582065, 0.13705583756345177, 0.30287648054145516, 0.2182741116751269], "1": [0.21182266009852216, 0.2627257799671593, 0.21018062397372742, 0.4187192118226601, 0.2594417077175698], "overall": [0.24083333333333334, 0.2375, 0.17416666666666666, 0.3616666666666667, 0.23916666666666667]}, "util": [0.042916666666666665, 0.052083333333333336, 0.05458333333333333, 0.02666666666666667, 0.05125], "DP": [0.05890492027372826, 0.05121985780133864, 0.07312478641027564, 0.11584273128120492, 0.04116759604244291], "FPR": [0.1242665004933271, 0.022606498069965897, 0.0018175209014903645, 0.04246075020338924, 0.03676585137871943]}