{"UTIL_mean": -0.039749999999999994, "UTIL_FQ": -0.075, "UTIL_TQ": 0.0, "ACC_mean": 0.7204999999999999, "ACC_FQ": 0.65, "ACC_TQ": 0.8, "DP_mean": 0.10272727272727274, "DP_FQ": 0.0, "DP_TQ": 0.1313131313131313, "EOP_mean": 0.3066666666666667, "EOP_FQ": 0.0, "EOP_TQ": 0.6666666666666666, "UTIL_STD": 0.07898536256801003, "ACC_STD": 0.1579707251360201, "DP_STD": 0.12131355183738585, "EOP_STD": 0.2969474326842678, "UTIL_Q025": -0.3, "UTIL_Q975": 0.03812499999999979, "ACC_Q025": 0.2, "ACC_Q975": 0.8762499999999995, "DP_Q025": 0.0, "DP_Q975": 0.42474747474747454, "EOP_Q025": 0.0, "EOP_Q975": 1.0}