{"RT": 7.0, "regt": {"mean": 0.46875, "FQ": 0.0, "TQ": 1.0, "STD": 0.4496092053105675, "Q025": 0.0, "Q975": 1.0}, "regt_cum": {"mean": 3.6875, "FQ": 1.75, "TQ": 5.75, "STD": 2.621277121938846, "Q025": 0.0, "Q975": 7.5}, "regT": {"mean": 0.4375, "FQ": 0.0, "TQ": 1.0, "STD": 0.49607837082461076, "Q025": 0.0, "Q975": 1.0}, "regT_cum": {"mean": 3.8125, "FQ": 2.75, "TQ": 5.25, "STD": 2.1277555663186503, "Q025": 0.375, "Q975": 7.0}}