{"regt": [0, 0, 0, 1.0, 1.0, 0.5, -0.4099792243794588, 1.0, 0.5, 0.5, 0.0, 1.0, 1.0, 1.0, 0.0, -0.3197101577995578], "regt_cum": [0.0, 0.0, 0.0, 1.0, 2.0, 2.5, 2.090020775620541, 3.090020775620541, 3.590020775620541, 4.090020775620541, 4.090020775620541, 5.090020775620541, 6.090020775620541, 7.090020775620541, 7.090020775620541, 6.770310617820983], "regT": [-1, 1, -1, 1.0, 1.0, -0.1747619803014535, -0.4099792243794588, 1.0, -0.2390834890426422, -0.22723757042127513, 0.0, 1.0, 1.0, 1.0, 0.0, -0.3197101577995578], "regT_cum": [-1.0, 0.0, -1.0, 0.0, 1.0, 0.8252380196985465, 0.4152587953190877, 1.4152587953190876, 1.1761753062764453, 0.9489377358551702, 0.9489377358551702, 1.94893773585517, 2.94893773585517, 3.94893773585517, 3.94893773585517, 3.6292275780556125]}