{"RT": 3.6292275780556125, "regt": {"mean": 0.4231444136138115, "FQ": 0.0, "TQ": 1.0, "STD": 0.5096247659468299, "Q025": -0.37612832441199595, "Q975": 1.0}, "regt_cum": {"mean": 3.411281099900366, "FQ": 1.75, "TQ": 5.340020775620541, "STD": 2.432749781857908, "Q025": 0.0, "Q975": 7.090020775620541}, "regT": {"mean": 0.22682672362847578, "FQ": -0.25924015623187113, "TQ": 1.0, "STD": 0.7325653267155253, "Q025": -1.0, "Q975": 1.0}, "regT_cum": {"mean": 1.3221740568624873, "FQ": 0.3114440964893158, "TQ": 2.19893773585517, "STD": 1.5395730880815044, "Q025": -1.0, "Q975": 3.94893773585517}}