{"acc_dict": {"0": [0.7851099830795262, 0.7986463620981388, 0.817258883248731, 0.766497461928934, 0.8223350253807107], "1": [0.7733990147783252, 0.7241379310344828, 0.7931034482758621, 0.7668308702791461, 0.8160919540229885], "overall": [0.7791666666666667, 0.7608333333333334, 0.805, 0.7666666666666667, 0.8191666666666667]}, "pred_dict": {"0": [0.2673434856175973, 0.23011844331641285, 0.17766497461928935, 0.3096446700507614, 0.155668358714044], "1": [0.3448275862068966, 0.2922824302134647, 0.2134646962233169, 0.367816091954023, 0.27257799671592775], "overall": [0.30666666666666664, 0.26166666666666666, 0.19583333333333333, 0.33916666666666667, 0.215]}, "util": [0.03916666666666667, 0.03, 0.052083333333333336, 0.032916666666666664, 0.059166666666666666], "DP": [0.07748410058929928, 0.062163986897051826, 0.03579972160402756, 0.05817142190326158, 0.11690963800188375], "FPR": [0.019086176980913805, 0.050516562900463816, 0.014754079769559655, 0.0009185860579049299, 0.030914390047516976]}