{"UTIL_mean": 0.042666666666666665, "UTIL_FQ": 0.032916666666666664, "UTIL_TQ": 0.052083333333333336, "ACC_mean": 0.7861666666666667, "ACC_FQ": 0.7666666666666667, "ACC_TQ": 0.805, "DP_mean": 0.07010577379910479, "DP_FQ": 0.05817142190326158, "DP_TQ": 0.07748410058929928, "FPR_mean": 0.023237959151271838, "FPR_FQ": 0.014754079769559655, "FPR_TQ": 0.030914390047516976}