{"ACC": {"0": [0.7479806138933764, 0.7237479806138933], "1": [0.8089500860585198, 0.8072289156626506], "overall": [0.7775, 0.7641666666666667]}, "mean_pred": {"0": [0.22547332185886404, 0.22719449225473323], "1": [0.36995153473344106, 0.3974151857835218], "overall": [0.3, 0.315]}, "Utility": [0.0425, 0.035833333333333335], "DP": [0.14447821287457702, 0.17022069352878857]}