{"ACC_mean": 0.7708333333333333, "mean_pred_mean": 0.3075, "Utility_mean": 0.03916666666666667, "DP_mean": 0.1573494532016828}