{"acc_dict": {"0": [0.7096774193548387, 0.8387096774193549, 0.8064516129032258, 0.8387096774193549, 0.8064516129032258, 0.7741935483870968, 0.8064516129032258, 0.8064516129032258, 0.8387096774193549, 0.8064516129032258, 0.7419354838709677, 0.6451612903225806, 0.7096774193548387, 0.7419354838709677, 0.7419354838709677, 0.7419354838709677, 0.5483870967741935, 0.6451612903225806, 0.5806451612903226, 0.6774193548387096], "1": [0.391304347826087, 0.5652173913043478, 0.6086956521739131, 0.5652173913043478, 0.6956521739130435, 0.6086956521739131, 0.5652173913043478, 0.43478260869565216, 0.4782608695652174, 0.43478260869565216, 0.6086956521739131, 0.6521739130434783, 0.43478260869565216, 0.391304347826087, 0.5652173913043478, 0.5652173913043478, 0.5652173913043478, 0.6956521739130435, 0.6086956521739131, 0.6956521739130435], "overall": [0.5740740740740741, 0.7222222222222222, 0.7222222222222222, 0.7222222222222222, 0.7592592592592593, 0.7037037037037037, 0.7037037037037037, 0.6481481481481481, 0.6851851851851852, 0.6481481481481481, 0.6851851851851852, 0.6481481481481481, 0.5925925925925926, 0.5925925925925926, 0.6666666666666666, 0.6666666666666666, 0.5555555555555556, 0.6666666666666666, 0.5925925925925926, 0.6851851851851852]}, "pred_dict": {"0": [0.08695652173913043, 0.17391304347826086, 0.21739130434782608, 0.17391304347826086, 0.391304347826087, 0.391304347826087, 0.43478260869565216, 0.043478260869565216, 0.0, 0.043478260869565216, 0.6521739130434783, 0.2608695652173913, 0.8260869565217391, 0.6956521739130435, 0.5217391304347826, 0.6086956521739131, 0.6086956521739131, 0.391304347826087, 0.6521739130434783, 0.30434782608695654], "1": [0.2903225806451613, 0.16129032258064516, 0.06451612903225806, 0.22580645161290322, 0.25806451612903225, 0.22580645161290322, 0.1935483870967742, 0.1935483870967742, 0.03225806451612903, 0.0, 0.25806451612903225, 0.3548387096774194, 0.2903225806451613, 0.3870967741935484, 0.3225806451612903, 0.3225806451612903, 0.5806451612903226, 0.4838709677419355, 0.41935483870967744, 0.3870967741935484], "overall": [0.2037037037037037, 0.16666666666666666, 0.12962962962962962, 0.2037037037037037, 0.3148148148148148, 0.2962962962962963, 0.2962962962962963, 0.12962962962962962, 0.018518518518518517, 0.018518518518518517, 0.42592592592592593, 0.3148148148148148, 0.5185185185185185, 0.5185185185185185, 0.4074074074074074, 0.4444444444444444, 0.5925925925925926, 0.4444444444444444, 0.5185185185185185, 0.35185185185185186]}, "util": [-0.046296296296296294, 0.027777777777777776, 0.027777777777777776, 0.027777777777777776, 0.046296296296296294, 0.018518518518518517, 0.018518518518518517, -0.009259259259259259, 0.009259259259259259, -0.009259259259259259, 0.009259259259259259, -0.009259259259259259, -0.037037037037037035, -0.037037037037037035, 0.0, 0.0, -0.05555555555555555, 0.0, -0.037037037037037035, 0.009259259259259259], "DP": [0.20336605890603088, 0.012622720897615708, 0.15287517531556802, 0.051893408134642355, 0.13323983169705472, 0.16549789621318375, 0.24123422159887797, 0.15007012622720897, 0.03225806451612903, 0.043478260869565216, 0.394109396914446, 0.09396914446002808, 0.5357643758765778, 0.3085553997194951, 0.19915848527349228, 0.28611500701262277, 0.028050490883590462, 0.09256661991584852, 0.23281907433380084, 0.08274894810659184], "EOP": [0.5, 0.25, 0.16666666666666666, 0.41666666666666663, 0.08333333333333326, 0.0, 0.0, 0.5, 0.16666666666666666, 0.0, 0.25, 0.08333333333333331, 0.25, 0.25, 0.08333333333333326, 0.0, 0.16666666666666674, 0.25, 0.25, 0.16666666666666663]}