{"UTIL": {"mean": -0.0023148148148148147, "FQ": -0.016203703703703703, "TQ": 0.018518518518518517, "STD": 0.027291264172573135, "Q025": -0.0511574074074074, "Q975": 0.03749999999999997}, "ACC": {"mean": 0.662037037037037, "FQ": 0.6342592592592593, "TQ": 0.7037037037037037, "STD": 0.054582528345146285, "Q025": 0.5643518518518518, "Q975": 0.7416666666666666}, "DP": {"mean": 0.17201963534361853, "FQ": 0.07503506311360447, "TQ": 0.23492286115007013, "STD": 0.13093697154629205, "Q025": 0.019950911640953715, "Q975": 0.46847826086956496}, "EOP": {"mean": 0.19166666666666662, "FQ": 0.08333333333333326, "TQ": 0.25, "STD": 0.14930394055974097, "Q025": 0.0, "Q975": 0.5}}