{"UTIL_mean": 0.03358333333333333, "UTIL_FQ": 0.03333333333333333, "UTIL_TQ": 0.03875, "ACC_mean": 0.7738333333333334, "ACC_FQ": 0.7733333333333333, "ACC_TQ": 0.7841666666666667, "DP_mean": 0.08493744425829144, "DP_FQ": 0.03865869820709661, "DP_TQ": 0.08659448375884574, "FPR_mean": 0.07428587353342808, "FPR_FQ": 0.03655212774851602, "FPR_TQ": 0.09698743137418833}