{"acc_dict": {"0": [0.7969543147208121, 0.7529610829103215, 0.7800338409475466, 0.7969543147208121, 0.7698815566835872], "1": [0.7733990147783252, 0.7931034482758621, 0.722495894909688, 0.7717569786535303, 0.7816091954022989], "overall": [0.785, 0.7733333333333333, 0.7508333333333334, 0.7841666666666667, 0.7758333333333334]}, "pred_dict": {"0": [0.24027072758037224, 0.3079526226734349, 0.233502538071066, 0.23688663282571912, 0.28426395939086296], "1": [0.31527093596059114, 0.26929392446633826, 0.4548440065681445, 0.32348111658456485, 0.28735632183908044], "overall": [0.2783333333333333, 0.28833333333333333, 0.3458333333333333, 0.2808333333333333, 0.28583333333333333]}, "util": [0.03916666666666667, 0.03333333333333333, 0.022083333333333333, 0.03875, 0.034583333333333334], "DP": [0.0750002083802189, 0.03865869820709661, 0.2213414684970785, 0.08659448375884574, 0.0030923624482174783], "FPR": [0.02688738399799348, 0.09698743137418833, 0.16332525151185798, 0.03655212774851602, 0.0476771730345846]}