{"UTIL": {"mean": 0.024074074074074074, "FQ": -0.009259259259259259, "TQ": 0.06481481481481481, "STD": 0.058046029698731405, "Q025": -0.10185185185185185, "Q975": 0.11134259259259265}, "ACC": {"mean": 0.5851851851851851, "FQ": 0.5185185185185185, "TQ": 0.6666666666666666, "STD": 0.11609205939746281, "Q025": 0.3333333333333333, "Q975": 0.7597222222222223}, "DP": {"mean": 0.18635343618513325, "FQ": 0.06276297335203368, "TQ": 0.29628330995792423, "STD": 0.14270660082471556, "Q025": 0.0, "Q975": 0.47152875175315573}, "EOP": {"mean": 0.14027777777777778, "FQ": 0.03472222222222221, "TQ": 0.20312499999999994, "STD": 0.1523969369406383, "Q025": 0.0, "Q975": 0.5763888888888888}}