{"UTIL": {"mean": 0.07142857142857142, "FQ": 0.0625, "TQ": 0.125, "STD": 0.09105391988558544, "Q025": -0.10625, "Q975": 0.125}, "ACC": {"mean": 0.6428571428571429, "FQ": 0.625, "TQ": 0.75, "STD": 0.1821078397711709, "Q025": 0.2875, "Q975": 0.75}, "DP": {"mean": 0.42857142857142855, "FQ": 0.5, "TQ": 0.5, "STD": 0.1749635530559413, "Q025": 0.07500000000000001, "Q975": 0.5}, "EOP": {"mean": 0.7142857142857143, "FQ": 0.5, "TQ": 1.0, "STD": 0.45175395145262565, "Q025": 0.0, "Q975": 1.0}}