{"ACC": {"0": [0.812807881773399], "1": [0.7868020304568528], "overall": [0.8]}, "mean_pred": {"0": [0.18274111675126903], "1": [0.23645320197044334], "overall": [0.21]}, "Utility": [0.0475], "DP": [0.05371208521917431]}