{"cum-loop-time": [0.49860596656799316, 1.1901726722717285, 2.0573906898498535, 3.0530354976654053, 4.261431455612183, 5.545412540435791, 7.034565687179565, 8.638724565505981, 10.61934757232666, 12.61377239227295, 14.57949161529541], "cum-varOracle-time": [0.47843098640441895, 1.142427921295166, 1.9820208549499512, 2.9501357078552246, 4.130074739456177, 5.388225793838501, 6.848928689956665, 8.425313711166382, 10.373143911361694, 12.33394169807434, 14.266794681549072], "num_lossOracle_calls": 11, "num_varOracle_calls": 11, "num_var_policies added": [1, 1, 1, 1, 1, 1, 1, 1, 1, 1, 1]}