{"ACC_mean": 0.78125, "mean_pred_mean": 0.29208333333333336, "Utility_mean": 0.041874999999999996, "DP_mean": 0.08084900626917435}