{"ACC": {"0": [0.7993197278911565, 0.79421768707483], "1": [0.7598039215686274, 0.7728758169934641], "overall": [0.7791666666666667, 0.7833333333333333]}, "mean_pred": {"0": [0.29901960784313725, 0.2957516339869281], "1": [0.36904761904761907, 0.20408163265306123], "overall": [0.3333333333333333, 0.25083333333333335]}, "Utility": [0.04083333333333333, 0.042916666666666665], "DP": [0.07002801120448182, 0.09167000133386688]}