{"ACC": {"0": [0.7931034482758621, 0.7914614121510674, 0.7914614121510674, 0.7208538587848933, 0.7832512315270936], "1": [0.754653130287648, 0.8138747884940778, 0.8071065989847716, 0.7935702199661591, 0.754653130287648], "overall": [0.7741666666666667, 0.8025, 0.7991666666666667, 0.7566666666666667, 0.7691666666666667]}, "mean_pred": {"0": [0.36209813874788493, 0.20812182741116753, 0.23181049069373943, 0.2656514382402707, 0.02030456852791878], "1": [0.21018062397372742, 0.3530377668308703, 0.3530377668308703, 0.49917898193760263, 0.17077175697865354], "overall": [0.285, 0.2816666666666667, 0.29333333333333333, 0.38416666666666666, 0.09666666666666666]}, "Utility": [0.043333333333333335, 0.0575, 0.05583333333333333, 0.034583333333333334, 0.04083333333333333], "DP": [0.15191751477415752, 0.14491593941970277, 0.12122727613713086, 0.23352754369733192, 0.15046718845073476]}