{"ACC_mean": 0.7803333333333333, "mean_pred_mean": 0.26816666666666666, "Utility_mean": 0.04641666666666667, "DP_mean": 0.16041109249581156}