{"UTIL": {"mean": 0.017865853658536587, "FQ": 0.0125, "TQ": 0.0375, "STD": 0.04190058274090427, "Q025": -0.15, "Q975": 0.05}, "ACC": {"mean": 0.7207317073170731, "FQ": 0.71, "TQ": 0.76, "STD": 0.08380116548180853, "Q025": 0.385, "Q975": 0.785}, "DP": {"mean": 0.14721534896508384, "FQ": 0.0857487922705314, "TQ": 0.20933977455716588, "STD": 0.08707742152063865, "Q025": 0.024557165861513686, "Q975": 0.32326892109500804}, "EOP": {"mean": 0.2057491289198606, "FQ": 0.08571428571428569, "TQ": 0.32142857142857145, "STD": 0.1617877007377039, "Q025": 0.0071428571428571175, "Q975": 0.5571428571428572}}