{"acc_dict": {"0": [0.7685185185185185, 0.7407407407407407, 0.7592592592592593, 0.7592592592592593, 0.7685185185185185, 0.7870370370370371, 0.7685185185185185, 0.7592592592592593, 0.7129629629629629, 0.7314814814814815, 0.7407407407407407, 0.7129629629629629, 0.7129629629629629, 0.7037037037037037, 0.7037037037037037, 0.6666666666666666, 0.6666666666666666, 0.6666666666666666, 0.6944444444444444, 0.6759259259259259, 0.6296296296296297, 0.6481481481481481, 0.6203703703703703, 0.6203703703703703, 0.5555555555555556, 0.75, 0.7685185185185185, 0.7592592592592593, 0.6481481481481481, 0.6388888888888888, 0.7222222222222222, 0.6111111111111112, 0.3888888888888889, 0.7592592592592593, 0.37037037037037035, 0.7685185185185185, 0.7592592592592593, 0.6944444444444444, 0.6851851851851852, 0.7685185185185185, 0.7685185185185185], "1": [0.7608695652173914, 0.75, 0.782608695652174, 0.7934782608695652, 0.8043478260869565, 0.7717391304347826, 0.8043478260869565, 0.782608695652174, 0.782608695652174, 0.7608695652173914, 0.7608695652173914, 0.7717391304347826, 0.7717391304347826, 0.7608695652173914, 0.7717391304347826, 0.7717391304347826, 0.8043478260869565, 0.7391304347826086, 0.8260869565217391, 0.8043478260869565, 0.782608695652174, 0.782608695652174, 0.7717391304347826, 0.782608695652174, 0.7934782608695652, 0.75, 0.7717391304347826, 0.7608695652173914, 0.75, 0.6956521739130435, 0.8043478260869565, 0.7282608695652174, 0.3804347826086957, 0.717391304347826, 0.3804347826086957, 0.782608695652174, 0.75, 0.8043478260869565, 0.7608695652173914, 0.7282608695652174, 0.8043478260869565], "overall": [0.765, 0.745, 0.77, 0.775, 0.785, 0.78, 0.785, 0.77, 0.745, 0.745, 0.75, 0.74, 0.74, 0.73, 0.735, 0.715, 0.73, 0.7, 0.755, 0.735, 0.7, 0.71, 0.69, 0.695, 0.665, 0.75, 0.77, 0.76, 0.695, 0.665, 0.76, 0.665, 0.385, 0.74, 0.375, 0.775, 0.755, 0.745, 0.72, 0.75, 0.785]}, "pred_dict": {"0": [0.358695652173913, 0.41304347826086957, 0.22826086956521738, 0.32608695652173914, 0.29347826086956524, 0.15217391304347827, 0.29347826086956524, 0.3804347826086957, 0.22826086956521738, 0.18478260869565216, 0.44565217391304346, 0.43478260869565216, 0.4782608695652174, 0.44565217391304346, 0.41304347826086957, 0.41304347826086957, 0.358695652173913, 0.3804347826086957, 0.40217391304347827, 0.40217391304347827, 0.358695652173913, 0.358695652173913, 0.41304347826086957, 0.5543478260869565, 0.41304347826086957, 0.45652173913043476, 0.4782608695652174, 0.4891304347826087, 0.43478260869565216, 0.3804347826086957, 0.29347826086956524, 0.3695652173913043, 1.0, 0.6195652173913043, 1.0, 0.5543478260869565, 0.43478260869565216, 0.29347826086956524, 0.4891304347826087, 0.43478260869565216, 0.358695652173913], "1": [0.1574074074074074, 0.2037037037037037, 0.2037037037037037, 0.18518518518518517, 0.19444444444444445, 0.12037037037037036, 0.17592592592592593, 0.14814814814814814, 0.3611111111111111, 0.32407407407407407, 0.35185185185185186, 0.37962962962962965, 0.37962962962962965, 0.4074074074074074, 0.4074074074074074, 0.4444444444444444, 0.4444444444444444, 0.48148148148148145, 0.4537037037037037, 0.4722222222222222, 0.46296296296296297, 0.5185185185185185, 0.5092592592592593, 0.5277777777777778, 0.5925925925925926, 0.21296296296296297, 0.25, 0.24074074074074073, 0.35185185185185186, 0.21296296296296297, 0.05555555555555555, 0.18518518518518517, 0.7962962962962963, 0.2962962962962963, 0.8148148148148148, 0.23148148148148148, 0.2037037037037037, 0.4166666666666667, 0.14814814814814814, 0.17592592592592593, 0.23148148148148148], "overall": [0.25, 0.3, 0.215, 0.25, 0.24, 0.135, 0.23, 0.255, 0.3, 0.26, 0.395, 0.405, 0.425, 0.425, 0.41, 0.43, 0.405, 0.435, 0.43, 0.44, 0.415, 0.445, 0.465, 0.54, 0.51, 0.325, 0.355, 0.355, 0.39, 0.29, 0.165, 0.27, 0.89, 0.445, 0.9, 0.38, 0.31, 0.36, 0.305, 0.295, 0.29]}, "util": [0.04, 0.03, 0.0425, 0.045, 0.05, 0.0475, 0.05, 0.0425, 0.03, 0.03, 0.0325, 0.0275, 0.0275, 0.0225, 0.025, 0.015, 0.0225, 0.0075, 0.035, 0.025, 0.0075, 0.0125, 0.0025, 0.005, -0.01, 0.0325, 0.0425, 0.0375, 0.005, -0.01, 0.0375, -0.01, -0.15, 0.0275, -0.155, 0.045, 0.035, 0.03, 0.0175, 0.0325, 0.05], "DP": [0.20128824476650561, 0.20933977455716588, 0.024557165861513686, 0.14090177133655396, 0.0990338164251208, 0.03180354267310791, 0.11755233494363931, 0.23228663446054754, 0.13285024154589373, 0.1392914653784219, 0.0938003220611916, 0.05515297906602251, 0.09863123993558776, 0.038244766505636074, 0.005636070853462183, 0.03140096618357485, 0.0857487922705314, 0.10104669887278578, 0.05152979066022545, 0.07004830917874394, 0.10426731078904994, 0.15982286634460546, 0.09621578099838973, 0.02657004830917875, 0.179549114331723, 0.2435587761674718, 0.2282608695652174, 0.24838969404186798, 0.0829307568438003, 0.1674718196457327, 0.2379227053140097, 0.18438003220611915, 0.20370370370370372, 0.32326892109500804, 0.18518518518518523, 0.32286634460547503, 0.23107890499194847, 0.12318840579710144, 0.34098228663446056, 0.25885668276972623, 0.12721417069243154], "EOP": [0.3, 0.32142857142857145, 0.08571428571428569, 0.2642857142857143, 0.2, 0.07857142857142857, 0.2357142857142857, 0.39285714285714285, 0.12857142857142867, 0.17857142857142855, 0.09285714285714286, 0.09285714285714286, 0.15000000000000002, 0.05714285714285716, 0.02857142857142858, 0.02857142857142858, 0.0, 0.12857142857142856, 0.014285714285714346, 0.014285714285714235, 0.0071428571428571175, 0.13571428571428568, 0.0071428571428571175, 0.15714285714285714, 0.014285714285714235, 0.3428571428571429, 0.2928571428571429, 0.3285714285714286, 0.24285714285714288, 0.3857142857142857, 0.5571428571428572, 0.5214285714285715, 0.1428571428571429, 0.33571428571428574, 0.1428571428571429, 0.44285714285714284, 0.31428571428571433, 0.08571428571428574, 0.65, 0.32142857142857145, 0.2142857142857143]}