{"acc_dict": {"0": [0.8307952622673435], "1": [0.7733990147783252], "overall": [0.8016666666666666]}, "pred_dict": {"0": [0.17428087986463622], "1": [0.42857142857142855], "overall": [0.30333333333333334]}, "util": [0.06666666666666667], "DP": [0.25429054870679235], "FPR": [0.15446083596768528]}