{"acc_dict": {"0": [0.7851099830795262, 0.7749576988155669, 0.8189509306260575, 0.817258883248731, 0.8003384094754653], "1": [0.722495894909688, 0.8029556650246306, 0.8013136288998358, 0.7848932676518884, 0.7520525451559934], "overall": [0.7533333333333333, 0.7891666666666667, 0.81, 0.8008333333333333, 0.7758333333333334]}, "pred_dict": {"0": [0.25042301184433163, 0.29441624365482233, 0.2098138747884941, 0.20812182741116753, 0.23181049069373943], "1": [0.44170771756978655, 0.2134646962233169, 0.16912972085385877, 0.29064039408866993, 0.32348111658456485], "overall": [0.3475, 0.25333333333333335, 0.18916666666666668, 0.25, 0.2783333333333333]}, "util": [0.019583333333333335, 0.0375, 0.04791666666666667, 0.043333333333333335, 0.030833333333333334], "DP": [0.19128470572545492, 0.08095154743150543, 0.040684153934635314, 0.0825185666775024, 0.09167062589082542], "FPR": [0.14363211666084527, 0.12191101990918615, 0.06887443241355222, 0.03381505413901502, 0.05592909535452323]}