{"UTIL_mean": 0.035833333333333335, "UTIL_FQ": 0.030833333333333334, "UTIL_TQ": 0.043333333333333335, "ACC_mean": 0.7858333333333334, "ACC_FQ": 0.7758333333333334, "ACC_TQ": 0.8008333333333333, "DP_mean": 0.0974219199319847, "DP_FQ": 0.08095154743150543, "DP_TQ": 0.09167062589082542, "FPR_mean": 0.08483234369542438, "FPR_FQ": 0.05592909535452323, "FPR_TQ": 0.12191101990918615}