{"UTIL": {"mean": -0.008752533628155517, "FQ": -0.018518518518518517, "TQ": 0.0, "STD": 0.017866707511374032, "Q025": -0.05555555555555555, "Q975": 0.018518518518518517}, "ACC": {"mean": 0.7417541920029483, "FQ": 0.7222222222222222, "TQ": 0.7592592592592593, "STD": 0.03573341502274807, "Q025": 0.6481481481481481, "Q975": 0.7962962962962963}, "DP": {"mean": 0.09418545421559803, "FQ": 0.0, "TQ": 0.16129032258064516, "STD": 0.09543056233632223, "Q025": 0.0, "Q975": 0.3155680224403927}, "EOP": {"mean": 0.16691542288557212, "FQ": 0.0, "TQ": 0.25, "STD": 0.17230494144600647, "Q025": 0.0, "Q975": 0.625}}