{"acc_dict": {"0": [0.6770833333333334, 0.6770833333333334, 0.625, 0.6770833333333334, 0.65625, 0.7916666666666666, 0.75, 0.75, 0.6979166666666666, 0.8541666666666666], "1": [0.7019230769230769, 0.6730769230769231, 0.6442307692307693, 0.6634615384615384, 0.8076923076923077, 0.7980769230769231, 0.7115384615384616, 0.75, 0.7115384615384616, 0.7211538461538461], "overall": [0.69, 0.675, 0.635, 0.67, 0.735, 0.795, 0.73, 0.75, 0.705, 0.785]}, "pred_dict": {"0": [0.25961538461538464, 0.3269230769230769, 0.2980769230769231, 0.2403846153846154, 0.28846153846153844, 0.2403846153846154, 0.2692307692307692, 0.3076923076923077, 0.25, 0.125], "1": [0.22916666666666666, 0.2708333333333333, 0.21875, 0.16666666666666666, 0.1875, 0.13541666666666666, 0.21875, 0.09375, 0.125, 0.17708333333333334], "overall": [0.245, 0.3, 0.26, 0.205, 0.24, 0.19, 0.245, 0.205, 0.19, 0.15]}, "util": [-0.0275, -0.035, -0.055, -0.0375, -0.005, 0.025, -0.0075, 0.0025, -0.02, 0.02], "DP": [0.03044871794871798, 0.05608974358974361, 0.07932692307692307, 0.07371794871794873, 0.10096153846153844, 0.10496794871794873, 0.05048076923076922, 0.2139423076923077, 0.125, 0.05208333333333334], "EOP": [0.124223602484472, 0.10869565217391303, 0.21894409937888198, 0.1475155279503106, 0.5046583850931677, 0.22360248447204967, 0.02950310559006214, 0.43322981366459623, 0.2981366459627329, 0.3509316770186335]}