{"UTIL": {"mean": -0.013999999999999999, "FQ": -0.033125, "TQ": 0.0006249999999999999, "STD": 0.024423349483639625, "Q025": -0.051062500000000004, "Q975": 0.023875000000000004}, "ACC": {"mean": 0.717, "FQ": 0.6787500000000001, "TQ": 0.74625, "STD": 0.04884669896727926, "Q025": 0.6428750000000001, "Q975": 0.7927500000000001}, "DP": {"mean": 0.08870192307692308, "FQ": 0.05308493589743591, "TQ": 0.10396634615384616, "STD": 0.04998876281105597, "Q025": 0.03495592948717951, "Q975": 0.1939302884615385}, "EOP": {"mean": 0.24394409937888195, "FQ": 0.13004658385093165, "TQ": 0.3377329192546583, "STD": 0.14392064641063051, "Q025": 0.04732142857142859, "Q975": 0.48858695652173917}}