{"UTIL_mean": 0.015779166666666667, "UTIL_FQ": 0.0025, "UTIL_TQ": 0.0234375, "ACC_mean": 0.7165583333333333, "ACC_FQ": 0.69, "ACC_TQ": 0.7318749999999999, "DP_mean": 0.04737374242537905, "DP_FQ": 0.008493577721654039, "DP_TQ": 0.06602943995732373, "FPR_mean": 0.0337461440161669, "FPR_FQ": 0.005735683081220838, "FPR_TQ": 0.03958215697346132}