{"acc_dict": {"0": [0.7445008460236887, 0.739424703891709, 0.7292724196277496, 0.7292724196277496, 0.7817258883248731, 0.7411167512690355, 0.7698815566835872, 0.7732656514382402, 0.7428087986463621, 0.7360406091370558, 0.7292724196277496, 0.754653130287648, 0.7445008460236887, 0.7461928934010152, 0.7495769881556683, 0.7495769881556683, 0.7428087986463621, 0.7648054145516074, 0.6446700507614214, 0.7614213197969543, 0.7343485617597293, 0.739424703891709, 0.7225042301184433, 0.7766497461928934, 0.7326565143824028, 0.7343485617597293, 0.7326565143824028, 0.7495769881556683, 0.7360406091370558, 0.8189509306260575, 0.7445008460236887, 0.7377326565143824, 0.7495769881556683, 0.7817258883248731, 0.7851099830795262, 0.7428087986463621, 0.766497461928934, 0.7461928934010152, 0.7445008460236887, 0.688663282571912, 0.7445008460236887, 0.7461928934010152, 0.7411167512690355, 0.7428087986463621, 0.7597292724196277, 0.8121827411167513, 0.7360406091370558, 0.7428087986463621, 0.727580372250423, 0.751269035532995, 0.7343485617597293, 0.7445008460236887, 0.7698815566835872, 0.8155668358714044, 0.7428087986463621, 0.739424703891709, 0.7461928934010152, 0.7428087986463621, 0.7648054145516074, 0.751269035532995, 0.7868020304568528, 0.7445008460236887, 0.6937394247038917, 0.7326565143824028, 0.7123519458544839, 0.7411167512690355, 0.8223350253807107, 0.7614213197969543, 0.7411167512690355, 0.751269035532995, 0.8003384094754653, 0.7241962774957699, 0.7766497461928934, 0.7681895093062606, 0.7597292724196277, 0.7461928934010152, 0.7411167512690355, 0.7614213197969543, 0.7411167512690355, 0.7377326565143824, 0.7445008460236887, 0.7377326565143824, 0.7428087986463621, 0.7563451776649747, 0.7309644670050761, 0.751269035532995, 0.7461928934010152, 0.8138747884940778, 0.7428087986463621, 0.7360406091370558, 0.8189509306260575, 0.7597292724196277, 0.751269035532995, 0.6920473773265652, 0.8020304568527918, 0.7174280879864636, 0.7461928934010152, 0.7428087986463621, 0.6988155668358714, 0.7461928934010152], "1": [0.638752052545156, 0.632183908045977, 0.6798029556650246, 0.6568144499178982, 0.7865353037766831, 0.638752052545156, 0.6748768472906403, 0.7881773399014779, 0.6486042692939245, 0.6518883415435139, 0.6272577996715928, 0.6995073891625616, 0.6436781609195402, 0.645320197044335, 0.7208538587848933, 0.7520525451559934, 0.6272577996715928, 0.6863711001642037, 0.6863711001642037, 0.8111658456486043, 0.6765188834154351, 0.6354679802955665, 0.7241379310344828, 0.7422003284072249, 0.6732348111658456, 0.6469622331691297, 0.6469622331691297, 0.6617405582922824, 0.6650246305418719, 0.7733990147783252, 0.6305418719211823, 0.638752052545156, 0.7027914614121511, 0.7898193760262726, 0.7799671592775042, 0.6338259441707718, 0.6781609195402298, 0.6748768472906403, 0.6666666666666666, 0.645320197044335, 0.6371100164203612, 0.6338259441707718, 0.6633825944170771, 0.6600985221674877, 0.7553366174055829, 0.7881773399014779, 0.6518883415435139, 0.638752052545156, 0.7208538587848933, 0.8029556650246306, 0.6305418719211823, 0.6420361247947455, 0.6568144499178982, 0.7668308702791461, 0.625615763546798, 0.632183908045977, 0.735632183908046, 0.625615763546798, 0.7339901477832512, 0.6995073891625616, 0.7799671592775042, 0.6502463054187192, 0.6896551724137931, 0.638752052545156, 0.638752052545156, 0.6338259441707718, 0.7405582922824302, 0.6633825944170771, 0.6420361247947455, 0.6535303776683087, 0.7077175697865353, 0.645320197044335, 0.8078817733990148, 0.7241379310344828, 0.6995073891625616, 0.6371100164203612, 0.632183908045977, 0.7307060755336617, 0.638752052545156, 0.7241379310344828, 0.7487684729064039, 0.6420361247947455, 0.6354679802955665, 0.6502463054187192, 0.6518883415435139, 0.6699507389162561, 0.6650246305418719, 0.7980295566502463, 0.6469622331691297, 0.6633825944170771, 0.7848932676518884, 0.6732348111658456, 0.6338259441707718, 0.6896551724137931, 0.7454844006568144, 0.6650246305418719, 0.7110016420361248, 0.6830870279146142, 0.7339901477832512, 0.6371100164203612], "overall": [0.6908333333333333, 0.685, 0.7041666666666667, 0.6925, 0.7841666666666667, 0.6891666666666667, 0.7216666666666667, 0.7808333333333334, 0.695, 0.6933333333333334, 0.6775, 0.7266666666666667, 0.6933333333333334, 0.695, 0.735, 0.7508333333333334, 0.6841666666666667, 0.725, 0.6658333333333334, 0.7866666666666666, 0.705, 0.6866666666666666, 0.7233333333333334, 0.7591666666666667, 0.7025, 0.69, 0.6891666666666667, 0.705, 0.7, 0.7958333333333333, 0.6866666666666666, 0.6875, 0.7258333333333333, 0.7858333333333334, 0.7825, 0.6875, 0.7216666666666667, 0.71, 0.705, 0.6666666666666666, 0.69, 0.6891666666666667, 0.7016666666666667, 0.7008333333333333, 0.7575, 0.8, 0.6933333333333334, 0.69, 0.7241666666666666, 0.7775, 0.6816666666666666, 0.6925, 0.7125, 0.7908333333333334, 0.6833333333333333, 0.685, 0.7408333333333333, 0.6833333333333333, 0.7491666666666666, 0.725, 0.7833333333333333, 0.6966666666666667, 0.6916666666666667, 0.685, 0.675, 0.6866666666666666, 0.7808333333333334, 0.7116666666666667, 0.6908333333333333, 0.7016666666666667, 0.7533333333333333, 0.6841666666666667, 0.7925, 0.7458333333333333, 0.7291666666666666, 0.6908333333333333, 0.6858333333333333, 0.7458333333333333, 0.6891666666666667, 0.7308333333333333, 0.7466666666666667, 0.6891666666666667, 0.6883333333333334, 0.7025, 0.6908333333333333, 0.71, 0.705, 0.8058333333333333, 0.6941666666666667, 0.6991666666666667, 0.8016666666666666, 0.7158333333333333, 0.6916666666666667, 0.6908333333333333, 0.7733333333333333, 0.6908333333333333, 0.7283333333333334, 0.7125, 0.7166666666666667, 0.6908333333333333]}, "pred_dict": {"0": [0.005076142131979695, 0.00338409475465313, 0.02707275803722504, 0.06429780033840947, 0.25888324873096447, 0.008460236886632826, 0.09813874788494077, 0.155668358714044, 0.00338409475465313, 0.07106598984771574, 0.043993231810490696, 0.08629441624365482, 0.021996615905245348, 0.02707275803722504, 0.3147208121827411, 0.3147208121827411, 0.01692047377326565, 0.2622673434856176, 0.4703891708967851, 0.27580372250423013, 0.06598984771573604, 0.0, 0.34179357021996615, 0.27749576988155666, 0.10829103214890017, 0.05922165820642978, 0.03722504230118443, 0.030456852791878174, 0.05414551607445008, 0.15736040609137056, 0.008460236886632826, 0.005076142131979695, 0.10152284263959391, 0.25549915397631134, 0.22842639593908629, 0.01353637901861252, 0.09813874788494077, 0.09475465313028765, 0.038917089678511, 0.20642978003384094, 0.005076142131979695, 0.00676818950930626, 0.06598984771573604, 0.03722504230118443, 0.3011844331641286, 0.1844331641285956, 0.0676818950930626, 0.01353637901861252, 0.3604060913705584, 0.25549915397631134, 0.04230118443316413, 0.005076142131979695, 0.03722504230118443, 0.1404399323181049, 0.00676818950930626, 0.0, 0.29441624365482233, 0.00338409475465313, 0.29949238578680204, 0.10998307952622674, 0.2131979695431472, 0.03553299492385787, 0.2859560067681895, 0.0338409475465313, 0.14213197969543148, 0.005076142131979695, 0.15397631133671744, 0.038917089678511, 0.005076142131979695, 0.04230118443316413, 0.06429780033840947, 0.24534686971235195, 0.2470389170896785, 0.272419627749577, 0.2707275803722504, 0.01353637901861252, 0.028764805414551606, 0.2961082910321489, 0.005076142131979695, 0.18104906937394247, 0.29949238578680204, 0.06260575296108291, 0.00338409475465313, 0.043993231810490696, 0.09983079526226735, 0.04230118443316413, 0.02707275803722504, 0.15228426395939088, 0.01692047377326565, 0.10490693739424704, 0.14720812182741116, 0.11505922165820642, 0.05583756345177665, 0.24027072758037224, 0.23857868020304568, 0.350253807106599, 0.31810490693739424, 0.077834179357022, 0.3824027072758037, 0.00676818950930626],