{"UTIL_mean": 0.028846153846153848, "UTIL_FQ": 0.0, "UTIL_TQ": 0.0, "ACC_mean": 0.5576923076923077, "ACC_FQ": 0.5, "ACC_TQ": 0.5, "DP_mean": 0.11538461538461539, "DP_FQ": 0.0, "DP_TQ": 0.0, "EOP_mean": 1.0, "EOP_FQ": 1.0, "EOP_TQ": 1.0, "UTIL_STD": 0.07195494974565271, "ACC_STD": 0.14390989949130542, "DP_STD": 0.28781979898261084, "EOP_STD": 0.0, "UTIL_Q025": 0.0, "UTIL_Q975": 0.2124999999999999, "ACC_Q025": 0.5, "ACC_Q975": 0.9249999999999998, "DP_Q025": 0.0, "DP_Q975": 0.8499999999999996, "EOP_Q025": 1.0, "EOP_Q975": 1.0}