{"RT": 6.0, "regt": {"mean": 0.5625, "FQ": 0.0, "TQ": 1.0, "STD": 0.42847841252506524, "Q025": 0.0, "Q975": 1.0}, "regt_cum": {"mean": 4.375, "FQ": 2.5, "TQ": 6.125, "STD": 2.401171589037318, "Q025": 1.0, "Q975": 8.625}, "regT": {"mean": 0.375, "FQ": 0.0, "TQ": 1.0, "STD": 0.45069390943299864, "Q025": 0.0, "Q975": 1.0}, "regT_cum": {"mean": 2.8125, "FQ": 1.375, "TQ": 4.0, "STD": 1.529654781315052, "Q025": 1.0, "Q975": 5.625}}