{"RT": 2.4227305215393846, "regt": {"mean": 0.4365749788073436, "FQ": -0.07410807343134251, "TQ": 1.0, "STD": 0.627322787511912, "Q025": -0.7635094430436506, "Q975": 1.0}, "regt_cum": {"mean": 2.8935751509792222, "FQ": 1.150990469425936, "TQ": 4.387218547004799, "STD": 1.972104342756385, "Q025": 0.375, "Q975": 6.610199660917497}, "regT": {"mean": 0.15142065759621154, "FQ": -0.381538463805397, "TQ": 1.0, "STD": 0.6949370581946663, "Q025": -0.999989961179205, "Q975": 1.0}, "regT_cum": {"mean": 1.0641100382137347, "FQ": 0.43901596371817947, "TQ": 1.4953363710131018, "STD": 0.7597439385752133, "Q025": -0.03472222222222224, "Q975": 2.343009292339384}}