{"regt": [1, -1, 1, 0.5, -0.3490095305740638, 0.0, 1.0, -0.29643229372537006, 0.5, 1.0, 1.0, -0.3693585147830686, 0.5, 0.5, 1.0, 1.0], "regt_cum": [1.0, 0.0, 1.0, 1.5, 1.150990469425936, 1.150990469425936, 2.150990469425936, 1.854558175700566, 2.354558175700566, 3.354558175700566, 4.354558175700566, 3.9851996609174973, 4.485199660917497, 4.985199660917497, 5.985199660917497, 6.985199660917497], "regT": [1, -1, 0, -0.05555555555555558, 0.5, 0.0, 1.0, -0.29643229372537006, 0.5, -0.4378715737130252, 1.0, -0.3693585147830686, -0.41807831087238256, -0.9999732298112134, 1.0, 1.0], "regT_cum": [1.0, 0.0, 0.0, -0.05555555555555558, 0.4444444444444444, 0.4444444444444444, 1.4444444444444444, 1.1480121507190744, 1.6480121507190744, 1.2101405770060492, 2.210140577006049, 1.8407820622229805, 1.422703751350598, 0.4227305215393846, 1.4227305215393846, 2.4227305215393846]}