{"ACC": {"0": [1.0, 0.75, 0.6666666666666666, 1.0], "1": [1.0, 0.5, 0.7142857142857143, 0.6666666666666666], "overall": [1.0, 0.7, 0.7, 0.8]}, "mean_pred": {"0": [0.25, 0.5, 0.3333333333333333, 0.25], "1": [0.16666666666666666, 0.5, 0.2857142857142857, 0.0], "overall": [0.2, 0.5, 0.3, 0.1]}, "Utility": [0.1, 0.15, 0.05, 0.05], "DP": [0.08333333333333334, 0.0, 0.047619047619047616, 0.25], "TPR": [0.0, 0.6666666666666666, 0.0, 1.0], "EO": [0.0, 0.6666666666666666, 0.2, 1.0]}