{"UTIL": {"mean": 0.015437500000000002, "FQ": 0.009375, "TQ": 0.0225, "STD": 0.012684728761388632, "Q025": -0.0052499999999999995, "Q975": 0.04018749999999999}, "ACC": {"mean": 0.7308749999999999, "FQ": 0.71875, "TQ": 0.745, "STD": 0.02536945752277728, "Q025": 0.6894999999999999, "Q975": 0.780375}, "DP": {"mean": 0.10578703703703703, "FQ": 0.05233494363929146, "TQ": 0.15197262479871176, "STD": 0.06997235036905437, "Q025": 0.00871578099838968, "Q975": 0.25482085346215777}, "EOP": {"mean": 0.17230255839822023, "FQ": 0.09621802002224694, "TQ": 0.24805339265850945, "STD": 0.10544375350957555, "Q025": 0.038765294771968856, "Q975": 0.3808398220244715}}