{"acc_dict": {"0": [0.7129629629629629, 0.7222222222222222, 0.7222222222222222, 0.7407407407407407, 0.7685185185185185, 0.7129629629629629, 0.75, 0.7314814814814815, 0.75, 0.7407407407407407, 0.7777777777777778, 0.7777777777777778, 0.7870370370370371, 0.7685185185185185, 0.7962962962962963, 0.7777777777777778, 0.7592592592592593, 0.7870370370370371, 0.7685185185185185, 0.7407407407407407, 0.7685185185185185, 0.7962962962962963, 0.75, 0.7592592592592593, 0.7685185185185185, 0.7129629629629629, 0.7314814814814815, 0.6759259259259259, 0.7222222222222222, 0.75, 0.7129629629629629, 0.7037037037037037, 0.7777777777777778, 0.7685185185185185, 0.75, 0.7777777777777778, 0.7407407407407407, 0.7592592592592593, 0.7685185185185185, 0.7129629629629629], "1": [0.7282608695652174, 0.7282608695652174, 0.6739130434782609, 0.7282608695652174, 0.6630434782608695, 0.6195652173913043, 0.6413043478260869, 0.6630434782608695, 0.717391304347826, 0.7065217391304348, 0.7282608695652174, 0.75, 0.7608695652173914, 0.7391304347826086, 0.7934782608695652, 0.75, 0.8043478260869565, 0.6956521739130435, 0.717391304347826, 0.7282608695652174, 0.7065217391304348, 0.7065217391304348, 0.7065217391304348, 0.717391304347826, 0.7065217391304348, 0.6630434782608695, 0.7282608695652174, 0.7282608695652174, 0.717391304347826, 0.6413043478260869, 0.7282608695652174, 0.7391304347826086, 0.6630434782608695, 0.6956521739130435, 0.7282608695652174, 0.6739130434782609, 0.6630434782608695, 0.6630434782608695, 0.717391304347826, 0.7065217391304348], "overall": [0.72, 0.725, 0.7, 0.735, 0.72, 0.67, 0.7, 0.7, 0.735, 0.725, 0.755, 0.765, 0.775, 0.755, 0.795, 0.765, 0.78, 0.745, 0.745, 0.735, 0.74, 0.755, 0.73, 0.74, 0.74, 0.69, 0.73, 0.7, 0.72, 0.7, 0.72, 0.72, 0.725, 0.735, 0.74, 0.73, 0.705, 0.715, 0.745, 0.71]}, "pred_dict": {"0": [0.2608695652173913, 0.21739130434782608, 0.18478260869565216, 0.2391304347826087, 0.2608695652173913, 0.08695652173913043, 0.06521739130434782, 0.043478260869565216, 0.14130434782608695, 0.15217391304347827, 0.10869565217391304, 0.10869565217391304, 0.14130434782608695, 0.22826086956521738, 0.17391304347826086, 0.1956521739130435, 0.18478260869565216, 0.2717391304347826, 0.2717391304347826, 0.2608695652173913, 0.2826086956521739, 0.30434782608695654, 0.2608695652173913, 0.25, 0.30434782608695654, 0.021739130434782608, 0.08695652173913043, 0.10869565217391304, 0.11956521739130435, 0.021739130434782608, 0.1956521739130435, 0.25, 0.043478260869565216, 0.22826086956521738, 0.2391304347826087, 0.33695652173913043, 0.32608695652173914, 0.34782608695652173, 0.29347826086956524, 0.06521739130434782], "1": [0.1111111111111111, 0.12037037037037036, 0.10185185185185185, 0.10185185185185185, 0.09259259259259259, 0.07407407407407407, 0.037037037037037035, 0.14814814814814814, 0.05555555555555555, 0.08333333333333333, 0.1574074074074074, 0.08333333333333333, 0.1111111111111111, 0.09259259259259259, 0.12037037037037036, 0.1388888888888889, 0.17592592592592593, 0.14814814814814814, 0.16666666666666666, 0.1574074074074074, 0.18518518518518517, 0.1388888888888889, 0.18518518518518517, 0.17592592592592593, 0.16666666666666666, 0.018518518518518517, 0.037037037037037035, 0.05555555555555555, 0.009259259259259259, 0.037037037037037035, 0.037037037037037035, 0.027777777777777776, 0.1574074074074074, 0.05555555555555555, 0.07407407407407407, 0.08333333333333333, 0.12037037037037036, 0.046296296296296294, 0.09259259259259259, 0.037037037037037035], "overall": [0.18, 0.165, 0.14, 0.165, 0.17, 0.08, 0.05, 0.1, 0.095, 0.115, 0.135, 0.095, 0.125, 0.155, 0.145, 0.165, 0.18, 0.205, 0.215, 0.205, 0.23, 0.215, 0.22, 0.21, 0.23, 0.02, 0.06, 0.08, 0.06, 0.03, 0.11, 0.13, 0.105, 0.135, 0.15, 0.2, 0.215, 0.185, 0.185, 0.05]}, "util": [0.01, 0.0125, 0.0, 0.0175, 0.01, -0.015, 0.0, 0.0, 0.0175, 0.0125, 0.0275, 0.0325, 0.0375, 0.0275, 0.0475, 0.0325, 0.04, 0.0225, 0.0225, 0.0175, 0.02, 0.0275, 0.015, 0.02, 0.02, -0.005, 0.015, 0.0, 0.01, 0.0, 0.01, 0.01, 0.0125, 0.0175, 0.02, 0.015, 0.0025, 0.0075, 0.0225, 0.005], "DP": [0.1497584541062802, 0.09702093397745572, 0.08293075684380032, 0.13727858293075684, 0.1682769726247987, 0.012882447665056362, 0.02818035426731079, 0.10466988727858292, 0.0857487922705314, 0.06884057971014494, 0.04871175523349437, 0.025362318840579712, 0.03019323671497584, 0.1356682769726248, 0.0535426731078905, 0.05676328502415459, 0.008856682769726232, 0.12359098228663445, 0.10507246376811594, 0.10346215780998388, 0.09742351046698872, 0.16545893719806765, 0.07568438003220612, 0.07407407407407407, 0.13768115942028988, 0.0032206119162640906, 0.0499194847020934, 0.05314009661835749, 0.11030595813204509, 0.015297906602254427, 0.15861513687600645, 0.2222222222222222, 0.1139291465378422, 0.17270531400966183, 0.16505636070853463, 0.2536231884057971, 0.20571658615136879, 0.30152979066022545, 0.20088566827697266, 0.02818035426731079], "EOP": [0.3114571746384872, 0.2124582869855395, 0.11790878754171302, 0.2447163515016685, 0.14571746384872078, 0.0389321468298109, 0.0389321468298109, 0.21134593993325917, 0.1523915461624027, 0.11790878754171302, 0.12124582869855394, 0.04894327030033371, 0.04449388209121247, 0.21023359288097884, 0.10678531701890986, 0.07452725250278086, 0.10456062291434931, 0.07230255839822025, 0.10456062291434931, 0.1735261401557286, 0.07007786429365964, 0.13681868743047831, 0.07230255839822025, 0.07230255839822025, 0.13681868743047831, 0.03225806451612903, 0.1568409343715239, 0.25806451612903225, 0.25806451612903225, 0.10344827586206896, 0.3526140155728587, 0.4838709677419355, 0.3147942157953281, 0.2146829810901001, 0.27919911012235815, 0.2747497219132369, 0.2424916573971079, 0.3781979977753059, 0.2747497219132369, 0.12680756395995552]}