{"UTIL": {"mean": -0.01225, "FQ": -0.023125000000000003, "TQ": -0.0025, "STD": 0.014380977018269656, "Q025": -0.033875, "Q975": 0.009437500000000001}, "ACC": {"mean": 0.7155, "FQ": 0.69375, "TQ": 0.7349999999999999, "STD": 0.028761954036539306, "Q025": 0.6722500000000001, "Q975": 0.758875}, "DP": {"mean": 0.049919871794871784, "FQ": 0.027243589743589734, "TQ": 0.06670673076923078, "STD": 0.033718744658880896, "Q025": 0.010336538461538453, "Q975": 0.11097756410256411}, "EOP": {"mean": 0.07352472089314194, "FQ": 0.017543859649122792, "TQ": 0.12240829346092502, "STD": 0.06803480798187768, "Q025": 0.0023125996810207405, "Q975": 0.19932216905901118}}