{"acc_dict": {"0": [0.6979166666666666, 0.7604166666666666, 0.7083333333333334, 0.71875, 0.7395833333333334, 0.8333333333333334, 0.7916666666666666, 0.7708333333333334, 0.7604166666666666, 0.7708333333333334], "1": [0.6826923076923077, 0.5865384615384616, 0.6538461538461539, 0.6923076923076923, 0.6923076923076923, 0.6826923076923077, 0.6538461538461539, 0.75, 0.7211538461538461, 0.6730769230769231], "overall": [0.69, 0.67, 0.68, 0.705, 0.715, 0.755, 0.72, 0.76, 0.74, 0.72]}, "pred_dict": {"0": [0.15384615384615385, 0.19230769230769232, 0.125, 0.125, 0.22115384615384615, 0.19230769230769232, 0.18269230769230768, 0.22115384615384615, 0.11538461538461539, 0.10576923076923077], "1": [0.1875, 0.125, 0.23958333333333334, 0.16666666666666666, 0.20833333333333334, 0.09375, 0.15625, 0.15625, 0.125, 0.13541666666666666], "overall": [0.17, 0.16, 0.18, 0.145, 0.215, 0.145, 0.17, 0.19, 0.12, 0.12]}, "util": [-0.025, -0.035, -0.03, -0.0175, -0.0125, 0.0075, -0.01, 0.01, 0.0, -0.01], "DP": [0.033653846153846145, 0.06730769230769232, 0.11458333333333334, 0.04166666666666666, 0.012820512820512803, 0.09855769230769232, 0.02644230769230768, 0.06490384615384615, 0.009615384615384609, 0.02964743589743589], "EOP": [0.03189792663476876, 0.05901116427432215, 0.2169059011164274, 0.0015948963317384546, 0.0047846889952152805, 0.01275917065390747, 0.1259968102073365, 0.13875598086124402, 0.03189792663476876, 0.11164274322169057]}