{"acc_dict": {"0": [0.6979166666666666, 0.7083333333333334, 0.5520833333333334, 0.8020833333333334, 0.7291666666666666, 0.7291666666666666, 0.71875, 0.75, 0.7916666666666666, 0.78125, 0.7708333333333334, 0.8333333333333334, 0.75, 0.7395833333333334, 0.7291666666666666, 0.5520833333333334, 0.7604166666666666, 0.8125, 0.5208333333333334, 0.3229166666666667, 0.6458333333333334, 0.65625, 0.7708333333333334, 0.8020833333333334], "1": [0.5769230769230769, 0.7115384615384616, 0.6923076923076923, 0.7115384615384616, 0.47115384615384615, 0.5673076923076923, 0.75, 0.6634615384615384, 0.6634615384615384, 0.49038461538461536, 0.5192307692307693, 0.6538461538461539, 0.6538461538461539, 0.7692307692307693, 0.7307692307692307, 0.4807692307692308, 0.5480769230769231, 0.6826923076923077, 0.5769230769230769, 0.40384615384615385, 0.5096153846153846, 0.7115384615384616, 0.7211538461538461, 0.7211538461538461], "overall": [0.635, 0.71, 0.625, 0.755, 0.595, 0.645, 0.735, 0.705, 0.725, 0.63, 0.64, 0.74, 0.7, 0.755, 0.73, 0.515, 0.65, 0.745, 0.55, 0.365, 0.575, 0.685, 0.745, 0.76]}, "pred_dict": {"0": [0.1346153846153846, 0.17307692307692307, 0.21153846153846154, 0.17307692307692307, 0.2980769230769231, 0.04807692307692308, 0.23076923076923078, 0.14423076923076922, 0.10576923076923077, 0.3942307692307692, 0.3076923076923077, 0.36538461538461536, 0.46153846153846156, 0.23076923076923078, 0.3076923076923077, 0.6730769230769231, 0.3557692307692308, 0.4519230769230769, 0.6346153846153846, 0.8846153846153846, 0.6634615384615384, 0.5384615384615384, 0.25961538461538464, 0.27884615384615385], "1": [0.07291666666666667, 0.22916666666666666, 0.5729166666666666, 0.3020833333333333, 0.0625, 0.08333333333333333, 0.09375, 0.041666666666666664, 0.16666666666666666, 0.3229166666666667, 0.25, 0.2708333333333333, 0.3541666666666667, 0.4270833333333333, 0.4166666666666667, 0.4895833333333333, 0.23958333333333334, 0.3125, 0.5625, 0.59375, 0.5208333333333334, 0.4895833333333333, 0.10416666666666667, 0.17708333333333334], "overall": [0.105, 0.2, 0.385, 0.235, 0.185, 0.065, 0.165, 0.095, 0.135, 0.36, 0.28, 0.32, 0.41, 0.325, 0.36, 0.585, 0.3, 0.385, 0.6, 0.745, 0.595, 0.515, 0.185, 0.23]}, "util": [-0.0225, 0.015, -0.0275, 0.0375, -0.0425, -0.0175, 0.0275, 0.0125, 0.0225, -0.025, -0.02, 0.03, 0.01, 0.0375, 0.025, -0.0825, -0.015, 0.0325, -0.065, -0.1575, -0.0525, 0.0025, 0.0325, 0.04], "DP": [0.06169871794871794, 0.056089743589743585, 0.36137820512820507, 0.12900641025641024, 0.23557692307692307, 0.03525641025641025, 0.13701923076923078, 0.10256410256410256, 0.06089743589743589, 0.07131410256410253, 0.05769230769230771, 0.09455128205128205, 0.10737179487179488, 0.19631410256410253, 0.10897435897435898, 0.1834935897435898, 0.11618589743589744, 0.13942307692307693, 0.07211538461538458, 0.2908653846153846, 0.14262820512820507, 0.04887820512820512, 0.15544871794871795, 0.10176282051282051], "EOP": [0.08333333333333334, 0.025000000000000022, 0.375, 0.3583333333333334, 0.11666666666666668, 0.125, 0.35, 0.16666666666666669, 0.21666666666666667, 0.3583333333333334, 0.2666666666666666, 0.18333333333333335, 0.05833333333333335, 0.33333333333333337, 0.24166666666666659, 0.11666666666666659, 0.125, 0.07499999999999996, 0.10833333333333339, 0.5416666666666667, 0.10833333333333339, 0.033333333333333326, 0.22499999999999998, 0.041666666666666685]}