{"UTIL": {"mean": -0.0084375, "FQ": -0.025625000000000002, "TQ": 0.028125, "STD": 0.0462376813549656, "Q025": -0.11437499999999999, "Q975": 0.0385625}, "ACC": {"mean": 0.663125, "FQ": 0.62875, "TQ": 0.7362500000000001, "STD": 0.0924753627099312, "Q025": 0.45125000000000004, "Q975": 0.757125}, "DP": {"mean": 0.12777110042735043, "FQ": 0.06891025641025639, "TQ": 0.1458333333333333, "STD": 0.07774981793981893, "Q025": 0.04308894230769231, "Q975": 0.3208333333333333}, "EOP": {"mean": 0.19305555555555556, "FQ": 0.10208333333333339, "TQ": 0.2833333333333333, "STD": 0.1322583984124157, "Q025": 0.029791666666666675, "Q975": 0.44583333333333347}}