{"UTIL": {"mean": -0.25297619047619047, "FQ": -0.5, "TQ": 0.0, "STD": 0.2369952268049816, "Q025": -0.5, "Q975": 0.0}, "ACC": {"mean": 0.49404761904761907, "FQ": 0.0, "TQ": 1.0, "STD": 0.4739904536099632, "Q025": 0.0, "Q975": 1.0}, "DP": {"mean": 0.08333333333333333, "FQ": 0.0, "TQ": 0.0, "STD": 0.2419333503916854, "Q025": 0.0, "Q975": 0.9875000000000007}, "EOP": {"mean": 0.0, "FQ": 0.0, "TQ": 0.0, "STD": 0.0, "Q025": 0.0, "Q975": 0.0}}