{"UTIL_mean": 0.0485, "UTIL_FQ": 0.04416666666666667, "UTIL_TQ": 0.05416666666666667, "ACC_mean": 0.7845, "ACC_FQ": 0.7758333333333334, "ACC_TQ": 0.7958333333333333, "DP_mean": 0.0715894409575488, "DP_FQ": 0.04696890133613396, "DP_TQ": 0.09107049086044361, "FPR_mean": 0.034591165302705125, "FPR_FQ": 0.0102061272139808, "FPR_TQ": 0.02571873304874886}