{"acc_dict": {"0": [0.766497461928934, 0.7884940778341794, 0.8104906937394247, 0.7868020304568528, 0.7478849407783418], "1": [0.8160919540229885, 0.7635467980295566, 0.7848932676518884, 0.8045977011494253, 0.7750410509031199], "overall": [0.7916666666666666, 0.7758333333333334, 0.7975, 0.7958333333333333, 0.7616666666666667]}, "pred_dict": {"0": [0.3164128595600677, 0.050761421319796954, 0.10321489001692047, 0.2521150592216582, 0.3553299492385787], "1": [0.2857142857142857, 0.15763546798029557, 0.18555008210180624, 0.34318555008210183, 0.40229885057471265], "overall": [0.30083333333333334, 0.105, 0.145, 0.29833333333333334, 0.37916666666666665]}, "util": [0.052083333333333336, 0.04416666666666667, 0.055, 0.05416666666666667, 0.037083333333333336], "DP": [0.030698573845782007, 0.10687404666049861, 0.08233519208488577, 0.09107049086044361, 0.04696890133613396], "FPR": [0.1101212235560482, 0.02570694087403599, 0.0102061272139808, 0.0012028018207117797, 0.02571873304874886]}