{"UTIL_mean": -0.025, "UTIL_FQ": -0.025, "UTIL_TQ": -0.025, "ACC_mean": 0.8, "ACC_FQ": 0.8, "ACC_TQ": 0.8, "DP_mean": 0.07070707070707072, "DP_FQ": 0.07070707070707072, "DP_TQ": 0.07070707070707072, "EOP_mean": 0.5, "EOP_FQ": 0.5, "EOP_TQ": 0.5, "UTIL_STD": 0.0, "ACC_STD": 0.0, "DP_STD": 0.0, "EOP_STD": 0.0, "UTIL_Q025": -0.025, "UTIL_Q975": -0.025, "ACC_Q025": 0.8, "ACC_Q975": 0.8, "DP_Q025": 0.07070707070707072, "DP_Q975": 0.07070707070707072, "EOP_Q025": 0.5, "EOP_Q975": 0.5}