{"acc_dict": {"0": [0.7272727272727273, 0.8181818181818182], "1": [0.8888888888888888, 0.7777777777777778], "overall": [0.8, 0.8]}, "pred_dict": {"0": [0.1111111111111111, 0.2222222222222222], "1": [0.18181818181818182, 0.09090909090909091], "overall": [0.15, 0.15]}, "util": [-0.025, -0.025], "DP": [0.07070707070707072, 0.1313131313131313], "EOP": [0.5, 0.5]}