{"UTIL": {"mean": 0.011851851851851851, "FQ": -0.0023148148148148147, "TQ": 0.037037037037037035, "STD": 0.0299485154932079, "Q025": -0.05555555555555555, "Q975": 0.06481481481481481}, "ACC": {"mean": 0.7274074074074073, "FQ": 0.6990740740740741, "TQ": 0.7777777777777778, "STD": 0.059897030986415786, "Q025": 0.5925925925925926, "Q975": 0.8333333333333334}, "DP": {"mean": 0.11603085553997193, "FQ": 0.03225806451612903, "TQ": 0.1935483870967742, "STD": 0.0940915982190653, "Q025": 0.0, "Q975": 0.31711079943899023}, "EOP": {"mean": 0.19865079365079366, "FQ": 0.015873015873015872, "TQ": 0.31746031746031744, "STD": 0.1755169272063343, "Q025": 0.0, "Q975": 0.5555555555555556}}