{"UTIL_mean": -0.03125, "UTIL_FQ": -0.125, "UTIL_TQ": 0.0, "ACC_mean": 0.4375, "ACC_FQ": 0.25, "ACC_TQ": 0.5, "DP_mean": 0.2916666666666667, "DP_FQ": 0.0, "DP_TQ": 0.5, "EOP_mean": 0.2916666666666667, "EOP_FQ": 0.0, "EOP_TQ": 0.5, "UTIL_STD": 0.10364452469860624, "ACC_STD": 0.2072890493972125, "DP_STD": 0.3200477394945253, "EOP_STD": 0.3200477394945253, "UTIL_Q025": -0.215625, "UTIL_Q975": 0.125, "ACC_Q025": 0.06875, "ACC_Q975": 0.75, "DP_Q025": 0.0, "DP_Q975": 0.8624999999999998, "EOP_Q025": 0.0, "EOP_Q975": 0.8624999999999998}