{"acc_dict": {"0": [0.7407407407407407, 0.7592592592592593, 0.8055555555555556, 0.7685185185185185, 0.7777777777777778, 0.7037037037037037, 0.7870370370370371, 0.7592592592592593, 0.7685185185185185, 0.7129629629629629, 0.7777777777777778, 0.7314814814814815, 0.7407407407407407, 0.75, 0.7407407407407407, 0.7222222222222222, 0.7685185185185185, 0.6944444444444444, 0.7129629629629629, 0.7407407407407407, 0.6666666666666666, 0.7314814814814815, 0.6759259259259259, 0.7407407407407407, 0.6666666666666666, 0.8055555555555556, 0.7870370370370371, 0.7870370370370371, 0.7314814814814815, 0.6666666666666666, 0.6481481481481481, 0.6111111111111112, 0.37962962962962965, 0.75, 0.35185185185185186, 0.8148148148148148, 0.7407407407407407, 0.7685185185185185, 0.7407407407407407, 0.7592592592592593], "1": [0.6521739130434783, 0.6304347826086957, 0.7717391304347826, 0.6847826086956522, 0.7065217391304348, 0.7717391304347826, 0.7608695652173914, 0.6739130434782609, 0.7282608695652174, 0.7391304347826086, 0.6304347826086957, 0.6521739130434783, 0.5978260869565217, 0.6195652173913043, 0.6739130434782609, 0.6847826086956522, 0.717391304347826, 0.6521739130434783, 0.6630434782608695, 0.6739130434782609, 0.717391304347826, 0.6956521739130435, 0.7391304347826086, 0.5760869565217391, 0.6739130434782609, 0.6521739130434783, 0.6304347826086957, 0.6413043478260869, 0.532608695652174, 0.6521739130434783, 0.717391304347826, 0.6086956521739131, 0.358695652173913, 0.6086956521739131, 0.3695652173913043, 0.6304347826086957, 0.6847826086956522, 0.717391304347826, 0.6086956521739131, 0.6086956521739131], "overall": [0.7, 0.7, 0.79, 0.73, 0.745, 0.735, 0.775, 0.72, 0.75, 0.725, 0.71, 0.695, 0.675, 0.69, 0.71, 0.705, 0.745, 0.675, 0.69, 0.71, 0.69, 0.715, 0.705, 0.665, 0.67, 0.735, 0.715, 0.72, 0.64, 0.66, 0.68, 0.61, 0.37, 0.685, 0.36, 0.73, 0.715, 0.745, 0.68, 0.69]}, "pred_dict": {"0": [0.42391304347826086, 0.4673913043478261, 0.2391304347826087, 0.30434782608695654, 0.32608695652173914, 0.21739130434782608, 0.31521739130434784, 0.40217391304347827, 0.2826086956521739, 0.29347826086956524, 0.42391304347826086, 0.44565217391304346, 0.5652173913043478, 0.5, 0.42391304347826086, 0.41304347826086957, 0.33695652173913043, 0.33695652173913043, 0.391304347826087, 0.42391304347826086, 0.42391304347826086, 0.31521739130434784, 0.3804347826086957, 0.5434782608695652, 0.4673913043478261, 0.532608695652174, 0.532608695652174, 0.5, 0.5217391304347826, 0.40217391304347827, 0.25, 0.4673913043478261, 0.9782608695652174, 0.5543478260869565, 0.9891304347826086, 0.532608695652174, 0.45652173913043476, 0.31521739130434784, 0.40217391304347827, 0.4891304347826087], "1": [0.2222222222222222, 0.2037037037037037, 0.26851851851851855, 0.19444444444444445, 0.18518518518518517, 0.2037037037037037, 0.19444444444444445, 0.18518518518518517, 0.32407407407407407, 0.28703703703703703, 0.2962962962962963, 0.32407407407407407, 0.3333333333333333, 0.32407407407407407, 0.37037037037037035, 0.3888888888888889, 0.3611111111111111, 0.4166666666666667, 0.4722222222222222, 0.42592592592592593, 0.46296296296296297, 0.39814814814814814, 0.5462962962962963, 0.48148148148148145, 0.5185185185185185, 0.19444444444444445, 0.23148148148148148, 0.21296296296296297, 0.26851851851851855, 0.18518518518518517, 0.09259259259259259, 0.12962962962962962, 0.8425925925925926, 0.21296296296296297, 0.7962962962962963, 0.2222222222222222, 0.14814814814814814, 0.3055555555555556, 0.14814814814814814, 0.18518518518518517], "overall": [0.315, 0.325, 0.255, 0.245, 0.25, 0.21, 0.25, 0.285, 0.305, 0.29, 0.355, 0.38, 0.44, 0.405, 0.395, 0.4, 0.35, 0.38, 0.435, 0.425, 0.445, 0.36, 0.47, 0.51, 0.495, 0.35, 0.37, 0.345, 0.385, 0.285, 0.165, 0.285, 0.905, 0.37, 0.885, 0.365, 0.29, 0.31, 0.265, 0.325]}, "util": [0.0175, 0.0175, 0.0625, 0.0325, 0.04, 0.035, 0.055, 0.0275, 0.0425, 0.03, 0.0225, 0.015, 0.005, 0.0125, 0.0225, 0.02, 0.04, 0.005, 0.0125, 0.0225, 0.0125, 0.025, 0.02, 0.0, 0.0025, 0.035, 0.025, 0.0275, -0.0125, -0.0025, 0.0075, -0.0275, -0.1475, 0.01, -0.1525, 0.0325, 0.025, 0.04, 0.0075, 0.0125], "DP": [0.20169082125603865, 0.26368760064412244, 0.029388083735909842, 0.1099033816425121, 0.14090177133655396, 0.013687600644122389, 0.12077294685990339, 0.2169887278582931, 0.04146537842190018, 0.006441223832528209, 0.12761674718196458, 0.12157809983896939, 0.23188405797101447, 0.17592592592592593, 0.053542673107890515, 0.024154589371980673, 0.024154589371980673, 0.07971014492753625, 0.08091787439613524, 0.0020128824476650653, 0.0390499194847021, 0.0829307568438003, 0.1658615136876006, 0.061996779388083734, 0.05112721417069238, 0.3381642512077295, 0.30112721417069244, 0.28703703703703703, 0.25322061191626405, 0.2169887278582931, 0.1574074074074074, 0.3377616747181965, 0.13566827697262485, 0.3413848631239936, 0.19283413848631237, 0.31038647342995174, 0.3083735909822866, 0.009661835748792258, 0.25402576489533013, 0.30394524959742353], "EOP": [0.1648841354723708, 0.19518716577540107, 0.1024955436720143, 0.04367201426024958, 0.10427807486631013, 0.1319073083778966, 0.13547237076648844, 0.19429590017825316, 0.13190730837789666, 0.045454545454545414, 0.04188948306595364, 0.048128342245989275, 0.10962566844919786, 0.04901960784313719, 0.0401069518716578, 0.0401069518716578, 0.13012477718360071, 0.1916221033868093, 0.21836007130124768, 0.12834224598930477, 0.0089126559714795, 0.19073083778966138, 0.18627450980392157, 0.18627450980392157, 0.09714795008912647, 0.25757575757575757, 0.19786096256684493, 0.19696969696969702, 0.0757575757575758, 0.3110516934046346, 0.36631016042780745, 0.517825311942959, 0.11675579322638152, 0.286096256684492, 0.2647058823529411, 0.16844919786096257, 0.3734402852049911, 0.07219251336898402, 0.19162210338680924, 0.22459893048128343]}