{"UTIL": {"mean": 0.011937500000000002, "FQ": 0.0075, "TQ": 0.030625, "STD": 0.04082541908847966, "Q025": -0.147625, "Q975": 0.05518749999999999}, "ACC": {"mean": 0.688875, "FQ": 0.68, "TQ": 0.72625, "STD": 0.08165083817695933, "Q025": 0.36974999999999997, "Q975": 0.7753749999999999}, "DP": {"mean": 0.15538446054750402, "FQ": 0.05293880837359098, "TQ": 0.25342190016103056, "STD": 0.10885877779617802, "Q025": 0.006330515297906631, "Q975": 0.3382447665056361}, "EOP": {"mean": 0.16343582887700533, "FQ": 0.0918003565062388, "TQ": 0.197192513368984, "STD": 0.10520987154802496, "Q025": 0.03932709447415335, "Q975": 0.37704991087344014}}