{"acc_dict": {"0": [0.6851851851851852, 0.7407407407407407, 0.7222222222222222, 0.6388888888888888, 0.75, 0.7870370370370371, 0.6851851851851852, 0.6574074074074074, 0.7314814814814815, 0.6574074074074074, 0.6481481481481481, 0.6203703703703703, 0.6111111111111112, 0.6759259259259259, 0.7314814814814815, 0.6388888888888888, 0.6851851851851852, 0.6666666666666666, 0.6296296296296297, 0.6481481481481481], "1": [0.7608695652173914, 0.6739130434782609, 0.782608695652174, 0.7282608695652174, 0.8043478260869565, 0.7608695652173914, 0.7282608695652174, 0.7608695652173914, 0.717391304347826, 0.7717391304347826, 0.7282608695652174, 0.75, 0.75, 0.7391304347826086, 0.7717391304347826, 0.782608695652174, 0.7282608695652174, 0.7717391304347826, 0.7717391304347826, 0.6847826086956522], "overall": [0.72, 0.71, 0.75, 0.68, 0.775, 0.775, 0.705, 0.705, 0.725, 0.71, 0.685, 0.68, 0.675, 0.705, 0.75, 0.705, 0.705, 0.715, 0.695, 0.665]}, "pred_dict": {"0": [0.2826086956521739, 0.30434782608695654, 0.3695652173913043, 0.3804347826086957, 0.41304347826086957, 0.4782608695652174, 0.5108695652173914, 0.30434782608695654, 0.5434782608695652, 0.3804347826086957, 0.42391304347826086, 0.40217391304347827, 0.358695652173913, 0.2826086956521739, 0.33695652173913043, 0.391304347826087, 0.532608695652174, 0.532608695652174, 0.4891304347826087, 0.6413043478260869], "1": [0.18518518518518517, 0.2777777777777778, 0.2037037037037037, 0.19444444444444445, 0.25, 0.19444444444444445, 0.2777777777777778, 0.39814814814814814, 0.23148148148148148, 0.3611111111111111, 0.48148148148148145, 0.49074074074074076, 0.5, 0.4722222222222222, 0.37962962962962965, 0.5462962962962963, 0.5370370370370371, 0.5555555555555556, 0.5740740740740741, 0.5555555555555556], "overall": [0.23, 0.29, 0.28, 0.28, 0.325, 0.325, 0.385, 0.355, 0.375, 0.37, 0.455, 0.45, 0.435, 0.385, 0.36, 0.475, 0.535, 0.545, 0.535, 0.595]}, "util": [0.04, 0.035, 0.055, 0.02, 0.0675, 0.0675, 0.0325, 0.0325, 0.0425, 0.035, 0.0225, 0.02, 0.0175, 0.0325, 0.055, 0.0325, 0.0325, 0.0375, 0.0275, 0.0125], "DP": [0.09742351046698872, 0.02657004830917875, 0.16586151368760063, 0.18599033816425123, 0.16304347826086957, 0.283816425120773, 0.23309178743961356, 0.0938003220611916, 0.3119967793880837, 0.01932367149758457, 0.05756843800322059, 0.08856682769726248, 0.14130434782608697, 0.18961352657004832, 0.04267310789049922, 0.1549919484702093, 0.004428341384863144, 0.022946859903381633, 0.08494363929146537, 0.08574879227053134], "EOP": [0.25851393188854493, 0.055727554179566596, 0.30185758513931893, 0.3962848297213622, 0.26315789473684215, 0.3188854489164087, 0.34829721362229105, 0.009287925696594423, 0.3746130030959752, 0.15479876160990713, 0.021671826625387025, 0.007739938080495334, 0.04489164086687314, 0.2089783281733747, 0.04489164086687314, 0.08359133126934981, 0.037151702786377694, 0.01547987616099078, 0.007739938080495334, 0.07120743034055732]}