{"UTIL": {"mean": 0.035875, "FQ": 0.026250000000000002, "TQ": 0.040625, "STD": 0.014984888221137988, "Q025": 0.014875000000000001, "Q975": 0.0675}, "ACC": {"mean": 0.71175, "FQ": 0.6925, "TQ": 0.7212500000000001, "STD": 0.029969776442275966, "Q025": 0.6697500000000001, "Q975": 0.775}, "DP": {"mean": 0.1226851851851852, "FQ": 0.05384460547504025, "TQ": 0.1708937198067633, "STD": 0.0858148116080121, "Q025": 0.011503623188405823, "Q975": 0.29861111111111105}, "EOP": {"mean": 0.15123839009287926, "FQ": 0.03328173374613003, "TQ": 0.27283281733746134, "STD": 0.1377022648819052, "Q025": 0.007739938080495334, "Q975": 0.38599071207430335}}