{"UTIL_mean": -0.40625, "UTIL_FQ": -0.5, "UTIL_TQ": -0.34375, "ACC_mean": 0.1875, "ACC_FQ": 0.0, "ACC_TQ": 0.3125, "DP_mean": 0.375, "DP_FQ": 0.0, "DP_TQ": 0.625, "EOP_mean": 0.0, "EOP_FQ": 0.0, "EOP_TQ": 0.0, "UTIL_STD": 0.10364452469860624, "ACC_STD": 0.2072890493972125, "DP_STD": 0.414578098794425, "EOP_STD": 0.0, "UTIL_Q025": -0.5, "UTIL_Q975": -0.25, "ACC_Q025": 0.0, "ACC_Q975": 0.5, "DP_Q025": 0.0, "DP_Q975": 1.0, "EOP_Q025": 0.0, "EOP_Q975": 0.0}