{"ACC": {"0": [0.7865353037766831], "1": [0.7292724196277496], "overall": [0.7583333333333333]}, "mean_pred": {"0": [0.36717428087986465], "1": [0.2561576354679803], "overall": [0.31083333333333335]}, "Utility": [0.024583333333333332], "DP": [0.11101664541188433]}