{"ACC_mean": 0.7583333333333333, "mean_pred_mean": 0.31083333333333335, "Utility_mean": 0.024583333333333332, "DP_mean": 0.11101664541188433}